solid OpenSCAD_Model
  facet normal -0.19509032201613027 -1.1705721477805087e-20 0.9807852804032301
    outer loop
      vertex 1.7622027502339215 38.82441871018548 5.215514701717595
      vertex 2.0999999940395355 38.82441871018548 5.282706751177294
      vertex 2.0999999940395355 39.17558128981452 5.282706751177294
    endloop
  endfacet
  facet normal -0.5555702330195932 0 0.8314696123025513
    outer loop
      vertex 1.7622027502339215 38.82441871018548 5.215514701717595
      vertex 1.7622027502339215 39.17558128981452 5.215514701717595
      vertex 1.4758320696050338 38.82441871018548 5.024167930394967
    endloop
  endfacet
  facet normal -0.18074437515937566 -0.37638067707860356 0.9086633352183299
    outer loop
      vertex 1.7622027502339215 38.82441871018548 5.215514701717595
      vertex 1.8136293193711124 38.49998679028236 5.09135998104027
      vertex 2.0999999940395355 38.82441871018548 5.282706751177294
    endloop
  endfacet
  facet normal -0.18074437515938627 -0.376380677078595 0.9086633352183312
    outer loop
      vertex 2.0999999940395355 38.82441871018548 5.282706751177294
      vertex 1.8136293193711124 38.49998679028236 5.09135998104027
      vertex 2.0999999940395355 38.49998679028236 5.14832264988668
    endloop
  endfacet
  facet normal -0.5147164328119403 -0.3763806770786037 0.7703275794849898
    outer loop
      vertex 1.7622027502339215 38.82441871018548 5.215514701717595
      vertex 1.5708559789112888 38.49998679028236 4.92914402108871
      vertex 1.8136293193711124 38.49998679028236 5.09135998104027
    endloop
  endfacet
  facet normal -0.5147164328119389 -0.3763806770786048 0.7703275794849901
    outer loop
      vertex 1.7622027502339215 38.82441871018548 5.215514701717595
      vertex 1.4758320696050338 38.82441871018548 5.024167930394967
      vertex 1.5708559789112888 38.49998679028236 4.92914402108871
    endloop
  endfacet
  facet normal -0.13928132531716292 -0.7002145072825509 0.7002145072825533
    outer loop
      vertex 1.8136293193711124 38.49998679028236 5.09135998104027
      vertex 1.9086532286773674 38.25167734892771 4.8619519704434
      vertex 2.0999999940395355 38.49998679028236 5.14832264988668
    endloop
  endfacet
  facet normal -0.13928132531715948 -0.7002145072825524 0.7002145072825525
    outer loop
      vertex 1.9086532286773674 38.25167734892771 4.8619519704434
      vertex 2.0999999940395355 38.25167734892771 4.90001320853203
      vertex 2.0999999940395355 38.49998679028236 5.14832264988668
    endloop
  endfacet
  facet normal -0.3966396567602803 -0.7002145072825507 0.5936131960091031
    outer loop
      vertex 1.8136293193711124 38.49998679028236 5.09135998104027
      vertex 1.746437268725804 38.25167734892771 4.753562731274194
      vertex 1.9086532286773674 38.25167734892771 4.8619519704434
    endloop
  endfacet
  facet normal -0.3966396567602765 -0.7002145072825524 0.5936131960091036
    outer loop
      vertex 1.8136293193711124 38.49998679028236 5.09135998104027
      vertex 1.5708559789112888 38.49998679028236 4.92914402108871
      vertex 1.746437268725804 38.25167734892771 4.753562731274194
    endloop
  endfacet
  facet normal -0.7703275794849881 -0.3763806770786042 0.5147164328119425
    outer loop
      vertex 1.4758320696050338 38.82441871018548 5.024167930394967
      vertex 1.284485298282401 38.82441871018548 4.737797249766075
      vertex 1.5708559789112888 38.49998679028236 4.92914402108871
    endloop
  endfacet
  facet normal -0.8314696123025489 -9.440468537000113e-18 0.5555702330195966
    outer loop
      vertex 1.4758320696050338 38.82441871018548 5.024167930394967
      vertex 1.284485298282401 39.17558128981452 4.737797249766075
      vertex 1.284485298282401 38.82441871018548 4.737797249766075
    endloop
  endfacet
  facet normal -0.7703275794849879 -0.3763806770786038 0.5147164328119428
    outer loop
      vertex 1.5708559789112888 38.49998679028236 4.92914402108871
      vertex 1.284485298282401 38.82441871018548 4.737797249766075
      vertex 1.4086400189597255 38.49998679028236 4.686370680628883
    endloop
  endfacet
  facet normal -0.5936131960091061 -0.7002145072825477 0.39663965676028107
    outer loop
      vertex 1.5708559789112888 38.49998679028236 4.92914402108871
      vertex 1.4086400189597255 38.49998679028236 4.686370680628883
      vertex 1.6380480295565971 38.25167734892771 4.591346771322634
    endloop
  endfacet
  facet normal -0.5936131960090955 -0.7002145072825533 0.39663965676028723
    outer loop
      vertex 1.5708559789112888 38.49998679028236 4.92914402108871
      vertex 1.6380480295565971 38.25167734892771 4.591346771322634
      vertex 1.746437268725804 38.25167734892771 4.753562731274194
    endloop
  endfacet
  facet normal -0.07590088788047399 -0.9212144791753981 0.38157953112890614
    outer loop
      vertex 1.9086532286773674 38.25167734892771 4.8619519704434
      vertex 2.032807949354692 38.11729324763709 4.562215959951558
      vertex 2.0999999940395355 38.25167734892771 4.90001320853203
    endloop
  endfacet
  facet normal -0.21614744150487303 -0.9212144791753965 0.3234875065415979
    outer loop
      vertex 1.9086532286773674 38.25167734892771 4.8619519704434
      vertex 1.746437268725804 38.25167734892771 4.753562731274194
      vertex 1.9758452793226757 38.11729324763709 4.524154720677323
    endloop
  endfacet
  facet normal -0.9086633352183302 -0.3763806770786028 0.18074437515937497
    outer loop
      vertex 1.284485298282401 38.82441871018548 4.737797249766075
      vertex 1.2172932476370928 38.82441871018548 4.399999999999999
      vertex 1.4086400189597255 38.49998679028236 4.686370680628883
    endloop
  endfacet
  facet normal -0.32348750654159414 -0.9212144791753969 0.21614744150487702
    outer loop
      vertex 1.746437268725804 38.25167734892771 4.753562731274194
      vertex 1.6380480295565971 38.25167734892771 4.591346771322634
      vertex 1.9377840400484367 38.11729324763709 4.467192050645309
    endloop
  endfacet
  facet normal -0.21614744150485576 -0.921214479175399 0.3234875065416024
    outer loop
      vertex 1.9086532286773674 38.25167734892771 4.8619519704434
      vertex 1.9758452793226757 38.11729324763709 4.524154720677323
      vertex 2.032807949354692 38.11729324763709 4.562215959951558
    endloop
  endfacet
  facet normal -0.7002145072825554 -0.7002145072825503 0.13928132531715545
    outer loop
      vertex 1.4086400189597255 38.49998679028236 4.686370680628883
      vertex 1.3516773489277094 38.49998679028236 4.399999999999999
      vertex 1.6380480295565971 38.25167734892771 4.591346771322634
    endloop
  endfacet
  facet normal -0.9807852804032302 1.3406308353827278e-17 0.19509032201612944
    outer loop
      vertex 1.284485298282401 38.82441871018548 4.737797249766075
      vertex 1.2172932476370928 39.17558128981452 4.399999999999999
      vertex 1.2172932476370928 38.82441871018548 4.399999999999999
    endloop
  endfacet
  facet normal -0.3234875065415923 -0.9212144791753973 0.2161474415048784
    outer loop
      vertex 1.746437268725804 38.25167734892771 4.753562731274194
      vertex 1.9377840400484367 38.11729324763709 4.467192050645309
      vertex 1.9758452793226757 38.11729324763709 4.524154720677323
    endloop
  endfacet
  facet normal -0.7002145072825545 -0.7002145072825521 0.139281325317152
    outer loop
      vertex 1.6380480295565971 38.25167734892771 4.591346771322634
      vertex 1.3516773489277094 38.49998679028236 4.399999999999999
      vertex 1.5999867902823581 38.25167734892771 4.399999999999999
    endloop
  endfacet
  facet normal -0.9086633352183304 -0.37638067707860207 0.18074437515937591
    outer loop
      vertex 1.4086400189597255 38.49998679028236 4.686370680628883
      vertex 1.2172932476370928 38.82441871018548 4.399999999999999
      vertex 1.3516773489277094 38.49998679028236 4.399999999999999
    endloop
  endfacet
  facet normal -0.381579531128909 -0.9212144791753971 0.07590088788047028
    outer loop
      vertex 1.6380480295565971 38.25167734892771 4.591346771322634
      vertex 1.5999867902823581 38.25167734892771 4.399999999999999
      vertex 1.9244187101854846 38.11729324763709 4.399999999999999
    endloop
  endfacet
  facet normal -0.38157953112890997 -0.9212144791753969 0.07590088788046884
    outer loop
      vertex 1.6380480295565971 38.25167734892771 4.591346771322634
      vertex 1.9244187101854846 38.11729324763709 4.399999999999999
      vertex 1.9377840400484367 38.11729324763709 4.467192050645309
    endloop
  endfacet
  facet normal 0 -1 0
    outer loop
      vertex 2.032807949354692 38.11729324763709 4.562215959951558
      vertex 2.032807949354692 38.11729324763709 4.237784040048439
      vertex 2.0999999940395355 38.11729324763709 4.575581288628904
    endloop
  endfacet
  facet normal 0 -1 0
    outer loop
      vertex 2.032807949354692 38.11729324763709 4.562215959951558
      vertex 1.9758452793226757 38.11729324763709 4.524154720677323
      vertex 2.032807949354692 38.11729324763709 4.237784040048439
    endloop
  endfacet
  facet normal 0 -1 0
    outer loop
      vertex 1.9758452793226757 38.11729324763709 4.524154720677323
      vertex 1.9377840400484367 38.11729324763709 4.467192050645309
      vertex 1.9758452793226757 38.11729324763709 4.275845279322674
    endloop
  endfacet
  facet normal -0.07590088788048886 -0.9212144791753959 0.3815795311289082
    outer loop
      vertex 2.0999999940395355 38.25167734892771 4.90001320853203
      vertex 2.032807949354692 38.11729324763709 4.562215959951558
      vertex 2.0999999940395355 38.11729324763709 4.575581288628904
    endloop
  endfacet
  facet normal -0.7002145072825545 -0.7002145072825521 -0.13928132531715204
    outer loop
      vertex 1.3516773489277094 38.49998679028236 4.399999999999999
      vertex 1.6380480295565971 38.25167734892771 4.208653228677363
      vertex 1.5999867902823581 38.25167734892771 4.399999999999999
    endloop
  endfacet
  facet normal -0.9086633352183304 -0.37638067707860207 -0.18074437515937591
    outer loop
      vertex 1.2172932476370928 38.82441871018548 4.399999999999999
      vertex 1.4086400189597255 38.49998679028236 4.113629319371114
      vertex 1.3516773489277094 38.49998679028236 4.399999999999999
    endloop
  endfacet
  facet normal 0 -1 0
    outer loop
      vertex 1.9377840400484367 38.11729324763709 4.467192050645309
      vertex 1.9244187101854846 38.11729324763709 4.399999999999999
      vertex 1.9377840400484367 38.11729324763709 4.332807949354688
    endloop
  endfacet
  facet normal 0 -1 0
    outer loop
      vertex 1.9377840400484367 38.11729324763709 4.467192050645309
      vertex 1.9377840400484367 38.11729324763709 4.332807949354688
      vertex 1.9758452793226757 38.11729324763709 4.275845279322674
    endloop
  endfacet
  facet normal -0.381579531128909 -0.9212144791753971 -0.07590088788047028
    outer loop
      vertex 1.5999867902823581 38.25167734892771 4.399999999999999
      vertex 1.6380480295565971 38.25167734892771 4.208653228677363
      vertex 1.9244187101854846 38.11729324763709 4.399999999999999
    endloop
  endfacet
  facet normal 0 -1 0
    outer loop
      vertex 1.9758452793226757 38.11729324763709 4.524154720677323
      vertex 1.9758452793226757 38.11729324763709 4.275845279322674
      vertex 2.032807949354692 38.11729324763709 4.237784040048439
    endloop
  endfacet
  facet normal -0.38157953112890985 -0.9212144791753969 -0.07590088788046874
    outer loop
      vertex 1.9244187101854846 38.11729324763709 4.399999999999999
      vertex 1.6380480295565971 38.25167734892771 4.208653228677363
      vertex 1.9377840400484367 38.11729324763709 4.332807949354688
    endloop
  endfacet
  facet normal -0.7002145072825554 -0.7002145072825503 -0.13928132531715545
    outer loop
      vertex 1.3516773489277094 38.49998679028236 4.399999999999999
      vertex 1.4086400189597255 38.49998679028236 4.113629319371114
      vertex 1.6380480295565971 38.25167734892771 4.208653228677363
    endloop
  endfacet
  facet normal -0.32348750654159236 -0.9212144791753972 -0.21614744150487844
    outer loop
      vertex 1.9377840400484367 38.11729324763709 4.332807949354688
      vertex 1.746437268725804 38.25167734892771 4.0464372687258034
      vertex 1.9758452793226757 38.11729324763709 4.275845279322674
    endloop
  endfacet
  facet normal -0.9807852804032302 -1.3406308353827278e-17 -0.19509032201612944
    outer loop
      vertex 1.2172932476370928 38.82441871018548 4.399999999999999
      vertex 1.284485298282401 39.17558128981452 4.062202750233922
      vertex 1.284485298282401 38.82441871018548 4.062202750233922
    endloop
  endfacet
  facet normal -0.9086633352183302 -0.3763806770786028 -0.18074437515937497
    outer loop
      vertex 1.2172932476370928 38.82441871018548 4.399999999999999
      vertex 1.284485298282401 38.82441871018548 4.062202750233922
      vertex 1.4086400189597255 38.49998679028236 4.113629319371114
    endloop
  endfacet
  facet normal -0.32348750654159414 -0.9212144791753969 -0.21614744150487705
    outer loop
      vertex 1.9377840400484367 38.11729324763709 4.332807949354688
      vertex 1.6380480295565971 38.25167734892771 4.208653228677363
      vertex 1.746437268725804 38.25167734892771 4.0464372687258034
    endloop
  endfacet
  facet normal -0.2161474415048557 -0.9212144791753991 -0.3234875065416024
    outer loop
      vertex 1.9758452793226757 38.11729324763709 4.275845279322674
      vertex 1.9086532286773674 38.25167734892771 3.9380480295565974
      vertex 2.032807949354692 38.11729324763709 4.237784040048439
    endloop
  endfacet
  facet normal -0.0759008878804875 -0.9212144791753992 -0.381579531128901
    outer loop
      vertex 2.032807949354692 38.11729324763709 4.237784040048439
      vertex 1.9086532286773674 38.25167734892771 3.9380480295565974
      vertex 2.0999999940395355 38.11729324763709 4.224418711371094
    endloop
  endfacet
  facet normal -0.5936131960091061 -0.7002145072825477 -0.39663965676028107
    outer loop
      vertex 1.6380480295565971 38.25167734892771 4.208653228677363
      vertex 1.4086400189597255 38.49998679028236 4.113629319371114
      vertex 1.5708559789112888 38.49998679028236 3.870855978911287
    endloop
  endfacet
  facet normal -0.7703275794849879 -0.3763806770786038 -0.5147164328119428
    outer loop
      vertex 1.4086400189597255 38.49998679028236 4.113629319371114
      vertex 1.284485298282401 38.82441871018548 4.062202750233922
      vertex 1.5708559789112888 38.49998679028236 3.870855978911287
    endloop
  endfacet
  facet normal -0.21614744150487303 -0.9212144791753966 -0.32348750654159786
    outer loop
      vertex 1.9758452793226757 38.11729324763709 4.275845279322674
      vertex 1.746437268725804 38.25167734892771 4.0464372687258034
      vertex 1.9086532286773674 38.25167734892771 3.9380480295565974
    endloop
  endfacet
  facet normal -0.5936131960090956 -0.7002145072825533 -0.39663965676028723
    outer loop
      vertex 1.6380480295565971 38.25167734892771 4.208653228677363
      vertex 1.5708559789112888 38.49998679028236 3.870855978911287
      vertex 1.746437268725804 38.25167734892771 4.0464372687258034
    endloop
  endfacet
  facet normal -0.07590088788047454 -0.921214479175397 -0.38157953112890863
    outer loop
      vertex 2.0999999940395355 38.11729324763709 4.224418711371094
      vertex 1.9086532286773674 38.25167734892771 3.9380480295565974
      vertex 2.0999999940395355 38.25167734892771 3.899986791467967
    endloop
  endfacet
  facet normal 0 -1 0
    outer loop
      vertex 2.0999999940395355 38.11729324763709 4.575581288628904
      vertex 2.032807949354692 38.11729324763709 4.237784040048439
      vertex 2.0999999940395355 38.11729324763709 4.224418711371094
    endloop
  endfacet
  facet normal -0.7703275794849881 -0.3763806770786042 -0.5147164328119425
    outer loop
      vertex 1.284485298282401 38.82441871018548 4.062202750233922
      vertex 1.4758320696050338 38.82441871018548 3.7758320696050305
      vertex 1.5708559789112888 38.49998679028236 3.870855978911287
    endloop
  endfacet
  facet normal -0.8314696123025489 9.440468537000113e-18 -0.5555702330195966
    outer loop
      vertex 1.284485298282401 38.82441871018548 4.062202750233922
      vertex 1.4758320696050338 39.17558128981452 3.7758320696050305
      vertex 1.4758320696050338 38.82441871018548 3.7758320696050305
    endloop
  endfacet
  facet normal -0.39663965676028035 -0.7002145072825507 -0.5936131960091031
    outer loop
      vertex 1.746437268725804 38.25167734892771 4.0464372687258034
      vertex 1.8136293193711124 38.49998679028236 3.708640018959727
      vertex 1.9086532286773674 38.25167734892771 3.9380480295565974
    endloop
  endfacet
  facet normal -0.39663965676027646 -0.7002145072825524 -0.5936131960091036
    outer loop
      vertex 1.746437268725804 38.25167734892771 4.0464372687258034
      vertex 1.5708559789112888 38.49998679028236 3.870855978911287
      vertex 1.8136293193711124 38.49998679028236 3.708640018959727
    endloop
  endfacet
  facet normal -0.13928132531715987 -0.7002145072825506 -0.7002145072825544
    outer loop
      vertex 1.9086532286773674 38.25167734892771 3.9380480295565974
      vertex 1.8136293193711124 38.49998679028236 3.708640018959727
      vertex 2.0999999940395355 38.25167734892771 3.899986791467967
    endloop
  endfacet
  facet normal -0.1392813253171627 -0.7002145072825522 -0.7002145072825522
    outer loop
      vertex 1.8136293193711124 38.49998679028236 3.708640018959727
      vertex 2.0999999940395355 38.49998679028236 3.6516773501133173
      vertex 2.0999999940395355 38.25167734892771 3.899986791467967
    endloop
  endfacet
  facet normal -0.5147164328119389 -0.3763806770786048 -0.7703275794849901
    outer loop
      vertex 1.5708559789112888 38.49998679028236 3.870855978911287
      vertex 1.4758320696050338 38.82441871018548 3.7758320696050305
      vertex 1.7622027502339215 38.82441871018548 3.5844852982824023
    endloop
  endfacet
  facet normal -0.5147164328119403 -0.3763806770786037 -0.7703275794849898
    outer loop
      vertex 1.5708559789112888 38.49998679028236 3.870855978911287
      vertex 1.7622027502339215 38.82441871018548 3.5844852982824023
      vertex 1.8136293193711124 38.49998679028236 3.708640018959727
    endloop
  endfacet
  facet normal -0.5555702330195932 0 -0.8314696123025513
    outer loop
      vertex 1.4758320696050338 38.82441871018548 3.7758320696050305
      vertex 1.4758320696050338 39.17558128981452 3.7758320696050305
      vertex 1.7622027502339215 38.82441871018548 3.5844852982824023
    endloop
  endfacet
  facet normal -0.1807443751593856 -0.37638067707860423 -0.9086633352183277
    outer loop
      vertex 1.8136293193711124 38.49998679028236 3.708640018959727
      vertex 1.7622027502339215 38.82441871018548 3.5844852982824023
      vertex 2.0999999940395355 38.49998679028236 3.6516773501133173
    endloop
  endfacet
  facet normal -0.18074437515937627 -0.3763806770785957 -0.9086633352183329
    outer loop
      vertex 2.0999999940395355 38.49998679028236 3.6516773501133173
      vertex 1.7622027502339215 38.82441871018548 3.5844852982824023
      vertex 2.0999999940395355 38.82441871018548 3.5172932488227033
    endloop
  endfacet
  facet normal -0.19509032201613027 0 -0.9807852804032301
    outer loop
      vertex 1.7622027502339215 38.82441871018548 3.5844852982824023
      vertex 1.7622027502339215 39.17558128981452 3.5844852982824023
      vertex 2.0999999940395355 38.82441871018548 3.5172932488227033
    endloop
  endfacet
  facet normal -0.19509032201613027 0 0.9807852804032301
    outer loop
      vertex 1.7622027502339215 38.82441871018548 5.215514701717595
      vertex 2.0999999940395355 39.17558128981452 5.282706751177294
      vertex 1.7622027502339215 39.17558128981452 5.215514701717595
    endloop
  endfacet
  facet normal -0.18074437515937627 0.3763806770785957 0.9086633352183329
    outer loop
      vertex 1.7622027502339215 39.17558128981452 5.215514701717595
      vertex 2.0999999940395355 39.17558128981452 5.282706751177294
      vertex 2.0999999940395355 39.50001320971764 5.14832264988668
    endloop
  endfacet
  facet normal -0.18074437515938555 0.37638067707860423 0.9086633352183277
    outer loop
      vertex 1.7622027502339215 39.17558128981452 5.215514701717595
      vertex 2.0999999940395355 39.50001320971764 5.14832264988668
      vertex 1.8136293193711124 39.50001320971764 5.09135998104027
    endloop
  endfacet
  facet normal -0.5555702330195932 0 0.8314696123025513
    outer loop
      vertex 1.4758320696050338 38.82441871018548 5.024167930394967
      vertex 1.7622027502339215 39.17558128981452 5.215514701717595
      vertex 1.4758320696050338 39.17558128981452 5.024167930394967
    endloop
  endfacet
  facet normal -0.5147164328119403 0.3763806770786037 0.7703275794849898
    outer loop
      vertex 1.7622027502339215 39.17558128981452 5.215514701717595
      vertex 1.8136293193711124 39.50001320971764 5.09135998104027
      vertex 1.5708559789112888 39.50001320971764 4.92914402108871
    endloop
  endfacet
  facet normal -0.5147164328119389 0.3763806770786048 0.7703275794849901
    outer loop
      vertex 1.7622027502339215 39.17558128981452 5.215514701717595
      vertex 1.5708559789112888 39.50001320971764 4.92914402108871
      vertex 1.4758320696050338 39.17558128981452 5.024167930394967
    endloop
  endfacet
  facet normal -0.1392813253171627 0.7002145072825522 0.7002145072825522
    outer loop
      vertex 1.8136293193711124 39.50001320971764 5.09135998104027
      vertex 2.0999999940395355 39.50001320971764 5.14832264988668
      vertex 2.0999999940395355 39.74832265107229 4.90001320853203
    endloop
  endfacet
  facet normal -0.8314696123025489 0 0.5555702330195966
    outer loop
      vertex 1.4758320696050338 38.82441871018548 5.024167930394967
      vertex 1.4758320696050338 39.17558128981452 5.024167930394967
      vertex 1.284485298282401 39.17558128981452 4.737797249766075
    endloop
  endfacet
  facet normal -0.13928132531715987 0.7002145072825506 0.7002145072825544
    outer loop
      vertex 1.8136293193711124 39.50001320971764 5.09135998104027
      vertex 2.0999999940395355 39.74832265107229 4.90001320853203
      vertex 1.9086532286773674 39.74832265107229 4.8619519704434
    endloop
  endfacet
  facet normal -0.3966396567602765 0.7002145072825524 0.5936131960091036
    outer loop
      vertex 1.8136293193711124 39.50001320971764 5.09135998104027
      vertex 1.746437268725804 39.74832265107229 4.753562731274194
      vertex 1.5708559789112888 39.50001320971764 4.92914402108871
    endloop
  endfacet
  facet normal -0.39663965676028035 0.7002145072825506 0.5936131960091031
    outer loop
      vertex 1.8136293193711124 39.50001320971764 5.09135998104027
      vertex 1.9086532286773674 39.74832265107229 4.8619519704434
      vertex 1.746437268725804 39.74832265107229 4.753562731274194
    endloop
  endfacet
  facet normal -0.7703275794849881 0.3763806770786042 0.5147164328119425
    outer loop
      vertex 1.4758320696050338 39.17558128981452 5.024167930394967
      vertex 1.5708559789112888 39.50001320971764 4.92914402108871
      vertex 1.284485298282401 39.17558128981452 4.737797249766075
    endloop
  endfacet
  facet normal -0.7703275794849879 0.3763806770786038 0.5147164328119428
    outer loop
      vertex 1.5708559789112888 39.50001320971764 4.92914402108871
      vertex 1.4086400189597255 39.50001320971764 4.686370680628883
      vertex 1.284485298282401 39.17558128981452 4.737797249766075
    endloop
  endfacet
  facet normal -0.5936131960091061 0.7002145072825477 0.39663965676028107
    outer loop
      vertex 1.5708559789112888 39.50001320971764 4.92914402108871
      vertex 1.6380480295565971 39.74832265107229 4.591346771322634
      vertex 1.4086400189597255 39.50001320971764 4.686370680628883
    endloop
  endfacet
  facet normal -0.5936131960090955 0.7002145072825533 0.39663965676028723
    outer loop
      vertex 1.5708559789112888 39.50001320971764 4.92914402108871
      vertex 1.746437268725804 39.74832265107229 4.753562731274194
      vertex 1.6380480295565971 39.74832265107229 4.591346771322634
    endloop
  endfacet
  facet normal -0.07590088788047449 0.921214479175397 0.38157953112890863
    outer loop
      vertex 1.9086532286773674 39.74832265107229 4.8619519704434
      vertex 2.0999999940395355 39.74832265107229 4.90001320853203
      vertex 2.0999999940395355 39.88270675236291 4.575581288628904
    endloop
  endfacet
  facet normal -0.21614744150487303 0.9212144791753965 0.3234875065415979
    outer loop
      vertex 1.9086532286773674 39.74832265107229 4.8619519704434
      vertex 1.9758452793226757 39.88270675236291 4.524154720677323
      vertex 1.746437268725804 39.74832265107229 4.753562731274194
    endloop
  endfacet
  facet normal -0.9807852804032302 0 0.19509032201612944
    outer loop
      vertex 1.284485298282401 38.82441871018548 4.737797249766075
      vertex 1.284485298282401 39.17558128981452 4.737797249766075
      vertex 1.2172932476370928 39.17558128981452 4.399999999999999
    endloop
  endfacet
  facet normal -0.9086633352183302 0.37638067707860284 0.18074437515937497
    outer loop
      vertex 1.284485298282401 39.17558128981452 4.737797249766075
      vertex 1.4086400189597255 39.50001320971764 4.686370680628883
      vertex 1.2172932476370928 39.17558128981452 4.399999999999999
    endloop
  endfacet
  facet normal -0.07590088788048764 0.9212144791753992 0.3815795311289009
    outer loop
      vertex 1.9086532286773674 39.74832265107229 4.8619519704434
      vertex 2.0999999940395355 39.88270675236291 4.575581288628904
      vertex 2.032807949354692 39.88270675236291 4.562215959951558
    endloop
  endfacet
  facet normal -0.32348750654159414 0.9212144791753969 0.21614744150487702
    outer loop
      vertex 1.746437268725804 39.74832265107229 4.753562731274194
      vertex 1.9377840400484367 39.88270675236291 4.467192050645309
      vertex 1.6380480295565971 39.74832265107229 4.591346771322634
    endloop
  endfacet
  facet normal -0.2161474415048557 0.9212144791753991 0.3234875065416023
    outer loop
      vertex 1.9086532286773674 39.74832265107229 4.8619519704434
      vertex 2.032807949354692 39.88270675236291 4.562215959951558
      vertex 1.9758452793226757 39.88270675236291 4.524154720677323
    endloop
  endfacet
  facet normal -0.7002145072825554 0.7002145072825505 0.13928132531715545
    outer loop
      vertex 1.4086400189597255 39.50001320971764 4.686370680628883
      vertex 1.6380480295565971 39.74832265107229 4.591346771322634
      vertex 1.3516773489277094 39.50001320971764 4.399999999999999
    endloop
  endfacet
  facet normal -0.32348750654159225 0.9212144791753973 0.21614744150487844
    outer loop
      vertex 1.746437268725804 39.74832265107229 4.753562731274194
      vertex 1.9758452793226757 39.88270675236291 4.524154720677323
      vertex 1.9377840400484367 39.88270675236291 4.467192050645309
    endloop
  endfacet
  facet normal -0.9086633352183304 0.37638067707860207 0.18074437515937591
    outer loop
      vertex 1.4086400189597255 39.50001320971764 4.686370680628883
      vertex 1.3516773489277094 39.50001320971764 4.399999999999999
      vertex 1.2172932476370928 39.17558128981452 4.399999999999999
    endloop
  endfacet
  facet normal -0.7002145072825545 0.7002145072825521 0.139281325317152
    outer loop
      vertex 1.6380480295565971 39.74832265107229 4.591346771322634
      vertex 1.5999867902823581 39.74832265107229 4.399999999999999
      vertex 1.3516773489277094 39.50001320971764 4.399999999999999
    endloop
  endfacet
  facet normal -0.381579531128909 0.9212144791753971 0.07590088788047028
    outer loop
      vertex 1.6380480295565971 39.74832265107229 4.591346771322634
      vertex 1.9244187101854846 39.88270675236291 4.399999999999999
      vertex 1.5999867902823581 39.74832265107229 4.399999999999999
    endloop
  endfacet
  facet normal -0.38157953112890985 0.921214479175397 0.07590088788046885
    outer loop
      vertex 1.6380480295565971 39.74832265107229 4.591346771322634
      vertex 1.9377840400484367 39.88270675236291 4.467192050645309
      vertex 1.9244187101854846 39.88270675236291 4.399999999999999
    endloop
  endfacet
  facet normal 0 1 0
    outer loop
      vertex 2.032807949354692 39.88270675236291 4.562215959951558
      vertex 1.9758452793226757 39.88270675236291 4.275845279322674
      vertex 1.9758452793226757 39.88270675236291 4.524154720677323
    endloop
  endfacet
  facet normal 0 1 0
    outer loop
      vertex 1.9758452793226757 39.88270675236291 4.524154720677323
      vertex 1.9377840400484367 39.88270675236291 4.332807949354688
      vertex 1.9377840400484367 39.88270675236291 4.467192050645309
    endloop
  endfacet
  facet normal 0 1 0
    outer loop
      vertex 2.032807949354692 39.88270675236291 4.562215959951558
      vertex 2.0999999940395355 39.88270675236291 4.575581288628904
      vertex 2.0999999940395355 39.88270675236291 4.224418711371094
    endloop
  endfacet
  facet normal -0.9086633352183304 0.37638067707860207 -0.18074437515937591
    outer loop
      vertex 1.2172932476370928 39.17558128981452 4.399999999999999
      vertex 1.3516773489277094 39.50001320971764 4.399999999999999
      vertex 1.4086400189597255 39.50001320971764 4.113629319371114
    endloop
  endfacet
  facet normal -0.7002145072825545 0.7002145072825521 -0.1392813253171521
    outer loop
      vertex 1.3516773489277094 39.50001320971764 4.399999999999999
      vertex 1.5999867902823581 39.74832265107229 4.399999999999999
      vertex 1.6380480295565971 39.74832265107229 4.208653228677363
    endloop
  endfacet
  facet normal 0 1 0
    outer loop
      vertex 1.9377840400484367 39.88270675236291 4.467192050645309
      vertex 1.9377840400484367 39.88270675236291 4.332807949354688
      vertex 1.9244187101854846 39.88270675236291 4.399999999999999
    endloop
  endfacet
  facet normal 0 1 0
    outer loop
      vertex 1.9758452793226757 39.88270675236291 4.524154720677323
      vertex 1.9758452793226757 39.88270675236291 4.275845279322674
      vertex 1.9377840400484367 39.88270675236291 4.332807949354688
    endloop
  endfacet
  facet normal 0 1 0
    outer loop
      vertex 2.032807949354692 39.88270675236291 4.562215959951558
      vertex 2.032807949354692 39.88270675236291 4.237784040048439
      vertex 1.9758452793226757 39.88270675236291 4.275845279322674
    endloop
  endfacet
  facet normal -0.381579531128909 0.9212144791753971 -0.07590088788047028
    outer loop
      vertex 1.5999867902823581 39.74832265107229 4.399999999999999
      vertex 1.9244187101854846 39.88270675236291 4.399999999999999
      vertex 1.6380480295565971 39.74832265107229 4.208653228677363
    endloop
  endfacet
  facet normal 0 1 0
    outer loop
      vertex 2.032807949354692 39.88270675236291 4.562215959951558
      vertex 2.0999999940395355 39.88270675236291 4.224418711371094
      vertex 2.032807949354692 39.88270675236291 4.237784040048439
    endloop
  endfacet
  facet normal -0.38157953112890997 0.921214479175397 -0.07590088788046877
    outer loop
      vertex 1.9244187101854846 39.88270675236291 4.399999999999999
      vertex 1.9377840400484367 39.88270675236291 4.332807949354688
      vertex 1.6380480295565971 39.74832265107229 4.208653228677363
    endloop
  endfacet
  facet normal -0.9807852804032302 0 -0.19509032201612944
    outer loop
      vertex 1.2172932476370928 38.82441871018548 4.399999999999999
      vertex 1.2172932476370928 39.17558128981452 4.399999999999999
      vertex 1.284485298282401 39.17558128981452 4.062202750233922
    endloop
  endfacet
  facet normal -0.7002145072825554 0.7002145072825505 -0.13928132531715545
    outer loop
      vertex 1.3516773489277094 39.50001320971764 4.399999999999999
      vertex 1.6380480295565971 39.74832265107229 4.208653228677363
      vertex 1.4086400189597255 39.50001320971764 4.113629319371114
    endloop
  endfacet
  facet normal -0.3234875065415923 0.9212144791753972 -0.2161474415048784
    outer loop
      vertex 1.9377840400484367 39.88270675236291 4.332807949354688
      vertex 1.9758452793226757 39.88270675236291 4.275845279322674
      vertex 1.746437268725804 39.74832265107229 4.0464372687258034
    endloop
  endfacet
  facet normal -0.9086633352183302 0.37638067707860284 -0.18074437515937497
    outer loop
      vertex 1.2172932476370928 39.17558128981452 4.399999999999999
      vertex 1.4086400189597255 39.50001320971764 4.113629319371114
      vertex 1.284485298282401 39.17558128981452 4.062202750233922
    endloop
  endfacet
  facet normal -0.32348750654159414 0.921214479175397 -0.21614744150487708
    outer loop
      vertex 1.9377840400484367 39.88270675236291 4.332807949354688
      vertex 1.746437268725804 39.74832265107229 4.0464372687258034
      vertex 1.6380480295565971 39.74832265107229 4.208653228677363
    endloop
  endfacet
  facet normal -0.2161474415048557 0.9212144791753991 -0.3234875065416024
    outer loop
      vertex 1.9758452793226757 39.88270675236291 4.275845279322674
      vertex 2.032807949354692 39.88270675236291 4.237784040048439
      vertex 1.9086532286773674 39.74832265107229 3.9380480295565974
    endloop
  endfacet
  facet normal -0.5936131960091061 0.7002145072825477 -0.39663965676028107
    outer loop
      vertex 1.6380480295565971 39.74832265107229 4.208653228677363
      vertex 1.5708559789112888 39.50001320971764 3.870855978911287
      vertex 1.4086400189597255 39.50001320971764 4.113629319371114
    endloop
  endfacet
  facet normal -0.7703275794849879 0.3763806770786038 -0.5147164328119428
    outer loop
      vertex 1.4086400189597255 39.50001320971764 4.113629319371114
      vertex 1.5708559789112888 39.50001320971764 3.870855978911287
      vertex 1.284485298282401 39.17558128981452 4.062202750233922
    endloop
  endfacet
  facet normal -0.21614744150487303 0.9212144791753965 -0.32348750654159786
    outer loop
      vertex 1.9758452793226757 39.88270675236291 4.275845279322674
      vertex 1.9086532286773674 39.74832265107229 3.9380480295565974
      vertex 1.746437268725804 39.74832265107229 4.0464372687258034
    endloop
  endfacet
  facet normal -0.5936131960090955 0.7002145072825532 -0.3966396567602872
    outer loop
      vertex 1.6380480295565971 39.74832265107229 4.208653228677363
      vertex 1.746437268725804 39.74832265107229 4.0464372687258034
      vertex 1.5708559789112888 39.50001320971764 3.870855978911287
    endloop
  endfacet
  facet normal -0.07590088788047394 0.921214479175398 -0.381579531128906
    outer loop
      vertex 2.032807949354692 39.88270675236291 4.237784040048439
      vertex 2.0999999940395355 39.74832265107229 3.899986791467967
      vertex 1.9086532286773674 39.74832265107229 3.9380480295565974
    endloop
  endfacet
  facet normal -0.07590088788048895 0.9212144791753959 -0.38157953112890824
    outer loop
      vertex 2.032807949354692 39.88270675236291 4.237784040048439
      vertex 2.0999999940395355 39.88270675236291 4.224418711371094
      vertex 2.0999999940395355 39.74832265107229 3.899986791467967
    endloop
  endfacet
  facet normal -0.8314696123025489 0 -0.5555702330195966
    outer loop
      vertex 1.284485298282401 38.82441871018548 4.062202750233922
      vertex 1.284485298282401 39.17558128981452 4.062202750233922
      vertex 1.4758320696050338 39.17558128981452 3.7758320696050305
    endloop
  endfacet
  facet normal -0.7703275794849881 0.37638067707860406 -0.5147164328119425
    outer loop
      vertex 1.284485298282401 39.17558128981452 4.062202750233922
      vertex 1.5708559789112888 39.50001320971764 3.870855978911287
      vertex 1.4758320696050338 39.17558128981452 3.7758320696050305
    endloop
  endfacet
  facet normal -0.39663965676027646 0.7002145072825524 -0.5936131960091036
    outer loop
      vertex 1.746437268725804 39.74832265107229 4.0464372687258034
      vertex 1.8136293193711124 39.50001320971764 3.708640018959727
      vertex 1.5708559789112888 39.50001320971764 3.870855978911287
    endloop
  endfacet
  facet normal -0.39663965676028035 0.7002145072825507 -0.5936131960091031
    outer loop
      vertex 1.746437268725804 39.74832265107229 4.0464372687258034
      vertex 1.9086532286773674 39.74832265107229 3.9380480295565974
      vertex 1.8136293193711124 39.50001320971764 3.708640018959727
    endloop
  endfacet
  facet normal -0.13928132531715948 0.7002145072825524 -0.7002145072825525
    outer loop
      vertex 1.9086532286773674 39.74832265107229 3.9380480295565974
      vertex 2.0999999940395355 39.74832265107229 3.899986791467967
      vertex 2.0999999940395355 39.50001320971764 3.6516773501133173
    endloop
  endfacet
  facet normal -0.13928132531716297 0.7002145072825509 -0.7002145072825533
    outer loop
      vertex 1.9086532286773674 39.74832265107229 3.9380480295565974
      vertex 2.0999999940395355 39.50001320971764 3.6516773501133173
      vertex 1.8136293193711124 39.50001320971764 3.708640018959727
    endloop
  endfacet
  facet normal -0.514716432811939 0.3763806770786048 -0.7703275794849901
    outer loop
      vertex 1.5708559789112888 39.50001320971764 3.870855978911287
      vertex 1.7622027502339215 39.17558128981452 3.5844852982824023
      vertex 1.4758320696050338 39.17558128981452 3.7758320696050305
    endloop
  endfacet
  facet normal -0.5147164328119403 0.3763806770786036 -0.7703275794849898
    outer loop
      vertex 1.5708559789112888 39.50001320971764 3.870855978911287
      vertex 1.8136293193711124 39.50001320971764 3.708640018959727
      vertex 1.7622027502339215 39.17558128981452 3.5844852982824023
    endloop
  endfacet
  facet normal -0.5555702330195932 0 -0.8314696123025513
    outer loop
      vertex 1.7622027502339215 38.82441871018548 3.5844852982824023
      vertex 1.4758320696050338 39.17558128981452 3.7758320696050305
      vertex 1.7622027502339215 39.17558128981452 3.5844852982824023
    endloop
  endfacet
  facet normal -0.1807443751593863 0.376380677078595 -0.9086633352183312
    outer loop
      vertex 1.8136293193711124 39.50001320971764 3.708640018959727
      vertex 2.0999999940395355 39.50001320971764 3.6516773501133173
      vertex 2.0999999940395355 39.17558128981452 3.5172932488227033
    endloop
  endfacet
  facet normal -0.18074437515937566 0.3763806770786035 -0.9086633352183299
    outer loop
      vertex 1.8136293193711124 39.50001320971764 3.708640018959727
      vertex 2.0999999940395355 39.17558128981452 3.5172932488227033
      vertex 1.7622027502339215 39.17558128981452 3.5844852982824023
    endloop
  endfacet
  facet normal -0.19509032201613027 0 -0.9807852804032301
    outer loop
      vertex 2.0999999940395355 38.82441871018548 3.5172932488227033
      vertex 1.7622027502339215 39.17558128981452 3.5844852982824023
      vertex 2.0999999940395355 39.17558128981452 3.5172932488227033
    endloop
  endfacet
  facet normal -0.1950898449821056 0 0.9807853752910766
    outer loop
      vertex 63.900000000000006 38.82441871018548 5.282706752362905
      vertex 63.900000000000006 39.17558128981452 5.282706752362905
      vertex 63.899999998509884 38.82441871018548 5.2827067520665025
    endloop
  endfacet
  facet normal -0.18074393072683426 -0.37638070833378195 0.9086634106750275
    outer loop
      vertex 63.900000000000006 38.82441871018548 5.282706752362905
      vertex 63.899999998509884 38.82441871018548 5.2827067520665025
      vertex 63.899999998509884 38.49998679028236 5.148322650775889
    endloop
  endfacet
  facet normal 0.19509032201613172 -7.656476130011479e-18 0.9807852804032298
    outer loop
      vertex 63.900000000000006 38.82441871018548 5.282706752362905
      vertex 64.23779724976609 38.82441871018548 5.215514701717595
      vertex 64.23779724976609 39.17558128981452 5.215514701717595
    endloop
  endfacet
  facet normal -0.18074392597349656 -0.37638070866806506 0.9086634114820582
    outer loop
      vertex 63.900000000000006 38.82441871018548 5.282706752362905
      vertex 63.899999998509884 38.49998679028236 5.148322650775889
      vertex 63.900000000000006 38.49998679028236 5.1483226510722915
    endloop
  endfacet
  facet normal -0.1392809781402586 -0.7002145418113982 0.7002145418113982
    outer loop
      vertex 63.900000000000006 38.49998679028236 5.1483226510722915
      vertex 63.899999998509884 38.49998679028236 5.148322650775889
      vertex 63.899999998509884 38.25167734892771 4.900013209421239
    endloop
  endfacet
  facet normal -0.13928097900388953 -0.700214541725505 0.700214541725505
    outer loop
      vertex 63.900000000000006 38.49998679028236 5.1483226510722915
      vertex 63.899999998509884 38.25167734892771 4.900013209421239
      vertex 63.900000000000006 38.25167734892771 4.900013209717642
    endloop
  endfacet
  facet normal 0.180744375159377 -0.376380677078604 0.9086633352183293
    outer loop
      vertex 63.900000000000006 38.82441871018548 5.282706752362905
      vertex 64.1863706806289 38.49998679028236 5.09135998104027
      vertex 64.23779724976609 38.82441871018548 5.215514701717595
    endloop
  endfacet
  facet normal 0.1807443751593884 -0.37638067707859485 0.9086633352183309
    outer loop
      vertex 63.900000000000006 38.82441871018548 5.282706752362905
      vertex 63.900000000000006 38.49998679028236 5.1483226510722915
      vertex 64.1863706806289 38.49998679028236 5.09135998104027
    endloop
  endfacet
  facet normal 0.5147164328119453 -0.37638067707860445 0.770327579484986
    outer loop
      vertex 64.23779724976609 38.82441871018548 5.215514701717595
      vertex 64.1863706806289 38.49998679028236 5.09135998104027
      vertex 64.42914402108872 38.49998679028236 4.92914402108871
    endloop
  endfacet
  facet normal 0.5555702330196068 1.8357409512148912e-17 0.8314696123025421
    outer loop
      vertex 64.23779724976609 38.82441871018548 5.215514701717595
      vertex 64.52416793039497 38.82441871018548 5.024167930394967
      vertex 64.52416793039497 39.17558128981452 5.024167930394967
    endloop
  endfacet
  facet normal 0.5147164328119532 -0.376380677078598 0.770327579484984
    outer loop
      vertex 64.23779724976609 38.82441871018548 5.215514701717595
      vertex 64.42914402108872 38.49998679028236 4.92914402108871
      vertex 64.52416793039497 38.82441871018548 5.024167930394967
    endloop
  endfacet
  facet normal 0.13928132531716406 -0.7002145072825534 0.7002145072825505
    outer loop
      vertex 63.900000000000006 38.49998679028236 5.1483226510722915
      vertex 64.09134677132263 38.25167734892771 4.8619519704434
      vertex 64.1863706806289 38.49998679028236 5.09135998104027
    endloop
  endfacet
  facet normal 0.13928132531716803 -0.7002145072825517 0.7002145072825517
    outer loop
      vertex 63.900000000000006 38.49998679028236 5.1483226510722915
      vertex 63.900000000000006 38.25167734892771 4.900013209717642
      vertex 64.09134677132263 38.25167734892771 4.8619519704434
    endloop
  endfacet
  facet normal 0.39663965676027024 -0.7002145072825583 0.5936131960091009
    outer loop
      vertex 64.1863706806289 38.49998679028236 5.09135998104027
      vertex 64.09134677132263 38.25167734892771 4.8619519704434
      vertex 64.2535627312742 38.25167734892771 4.753562731274194
    endloop
  endfacet
  facet normal 0.3966396567602797 -0.7002145072825541 0.5936131960090997
    outer loop
      vertex 64.1863706806289 38.49998679028236 5.09135998104027
      vertex 64.2535627312742 38.25167734892771 4.753562731274194
      vertex 64.42914402108872 38.49998679028236 4.92914402108871
    endloop
  endfacet
  facet normal 0.8314696123025358 0 0.5555702330196163
    outer loop
      vertex 64.52416793039497 38.82441871018548 5.024167930394967
      vertex 64.71551470171761 38.82441871018548 4.737797249766075
      vertex 64.52416793039497 39.17558128981452 5.024167930394967
    endloop
  endfacet
  facet normal 0.7703275794849793 -0.3763806770785939 0.5147164328119629
    outer loop
      vertex 64.52416793039497 38.82441871018548 5.024167930394967
      vertex 64.42914402108872 38.49998679028236 4.92914402108871
      vertex 64.71551470171761 38.82441871018548 4.737797249766075
    endloop
  endfacet
  facet normal -0.07590069605628161 -0.9212144926656352 0.38157953671674827
    outer loop
      vertex 63.900000000000006 38.25167734892771 4.900013209717642
      vertex 63.899999998509884 38.25167734892771 4.900013209421239
      vertex 63.899999998509884 38.11729324763709 4.575581289518112
    endloop
  endfacet
  facet normal -0.07590069146479941 -0.9212144929885355 0.381579536850498
    outer loop
      vertex 63.900000000000006 38.25167734892771 4.900013209717642
      vertex 63.899999998509884 38.11729324763709 4.575581289518112
      vertex 63.900000000000006 38.11729324763709 4.575581289814515
    endloop
  endfacet
  facet normal 0.07590088788049476 -0.9212144791753957 0.3815795311289081
    outer loop
      vertex 63.900000000000006 38.25167734892771 4.900013209717642
      vertex 63.900000000000006 38.11729324763709 4.575581289814515
      vertex 63.967192050645316 38.11729324763709 4.562215959951558
    endloop
  endfacet
  facet normal 0 -1 0
    outer loop
      vertex 63.900000000000006 38.11729324763709 4.575581289814515
      vertex 63.899999998509884 38.11729324763709 4.575581289518112
      vertex 63.899999998509884 38.11729324763709 4.224418710481885
    endloop
  endfacet
  facet normal 0.07590088788047865 -0.9212144791753979 0.38157953112890575
    outer loop
      vertex 63.900000000000006 38.25167734892771 4.900013209717642
      vertex 63.967192050645316 38.11729324763709 4.562215959951558
      vertex 64.09134677132263 38.25167734892771 4.8619519704434
    endloop
  endfacet
  facet normal 0.5936131960090821 -0.7002145072825569 0.39663965676030105
    outer loop
      vertex 64.42914402108872 38.49998679028236 4.92914402108871
      vertex 64.2535627312742 38.25167734892771 4.753562731274194
      vertex 64.36195197044341 38.25167734892771 4.591346771322634
    endloop
  endfacet
  facet normal 0.21614744150487056 -0.921214479175396 0.3234875065416013
    outer loop
      vertex 64.09134677132263 38.25167734892771 4.8619519704434
      vertex 64.02415472067733 38.11729324763709 4.524154720677323
      vertex 64.2535627312742 38.25167734892771 4.753562731274194
    endloop
  endfacet
  facet normal 0.7703275794849826 -0.37638067707860406 0.5147164328119506
    outer loop
      vertex 64.42914402108872 38.49998679028236 4.92914402108871
      vertex 64.59135998104028 38.49998679028236 4.686370680628883
      vertex 64.71551470171761 38.82441871018548 4.737797249766075
    endloop
  endfacet
  facet normal 0.5936131960091039 -0.7002145072825453 0.3966396567602883
    outer loop
      vertex 64.42914402108872 38.49998679028236 4.92914402108871
      vertex 64.36195197044341 38.25167734892771 4.591346771322634
      vertex 64.59135998104028 38.49998679028236 4.686370680628883
    endloop
  endfacet
  facet normal 0.21614744150486306 -0.921214479175397 0.32348750654160324
    outer loop
      vertex 64.09134677132263 38.25167734892771 4.8619519704434
      vertex 63.967192050645316 38.11729324763709 4.562215959951558
      vertex 64.02415472067733 38.11729324763709 4.524154720677323
    endloop
  endfacet
  facet normal 0.3234875065415886 -0.9212144791753968 0.21614744150488574
    outer loop
      vertex 64.2535627312742 38.25167734892771 4.753562731274194
      vertex 64.06221595995157 38.11729324763709 4.467192050645309
      vertex 64.36195197044341 38.25167734892771 4.591346771322634
    endloop
  endfacet
  facet normal 0.9086633352183328 -0.376380677078603 0.18074437515936234
    outer loop
      vertex 64.71551470171761 38.82441871018548 4.737797249766075
      vertex 64.59135998104028 38.49998679028236 4.686370680628883
      vertex 64.78270675236291 38.82441871018548 4.399999999999999
    endloop
  endfacet
  facet normal 0.9807852804032329 0 0.1950903220161158
    outer loop
      vertex 64.71551470171761 38.82441871018548 4.737797249766075
      vertex 64.78270675236291 38.82441871018548 4.399999999999999
      vertex 64.71551470171761 39.17558128981452 4.737797249766075
    endloop
  endfacet
  facet normal 0.32348750654158304 -0.9212144791753977 0.21614744150488993
    outer loop
      vertex 64.2535627312742 38.25167734892771 4.753562731274194
      vertex 64.02415472067733 38.11729324763709 4.524154720677323
      vertex 64.06221595995157 38.11729324763709 4.467192050645309
    endloop
  endfacet
  facet normal 0.7002145072825634 -0.7002145072825463 0.13928132531713533
    outer loop
      vertex 64.59135998104028 38.49998679028236 4.686370680628883
      vertex 64.36195197044341 38.25167734892771 4.591346771322634
      vertex 64.64832265107229 38.49998679028236 4.399999999999999
    endloop
  endfacet
  facet normal 0.38157953112891296 -0.9212144791753967 0.0759008878804555
    outer loop
      vertex 64.36195197044341 38.25167734892771 4.591346771322634
      vertex 64.06221595995157 38.11729324763709 4.467192050645309
      vertex 64.07558128981452 38.11729324763709 4.399999999999999
    endloop
  endfacet
  facet normal 0 -1 0
    outer loop
      vertex 63.900000000000006 38.11729324763709 4.575581289814515
      vertex 63.967192050645316 38.11729324763709 4.237784040048439
      vertex 63.967192050645316 38.11729324763709 4.562215959951558
    endloop
  endfacet
  facet normal 0 -1 0
    outer loop
      vertex 63.967192050645316 38.11729324763709 4.562215959951558
      vertex 64.02415472067733 38.11729324763709 4.275845279322674
      vertex 64.02415472067733 38.11729324763709 4.524154720677323
    endloop
  endfacet
  facet normal 0.38157953112891646 -0.9212144791753957 0.07590088788044963
    outer loop
      vertex 64.36195197044341 38.25167734892771 4.591346771322634
      vertex 64.07558128981452 38.11729324763709 4.399999999999999
      vertex 64.40001320971764 38.25167734892771 4.399999999999999
    endloop
  endfacet
  facet normal 0 -1 0
    outer loop
      vertex 64.02415472067733 38.11729324763709 4.524154720677323
      vertex 64.06221595995157 38.11729324763709 4.332807949354688
      vertex 64.06221595995157 38.11729324763709 4.467192050645309
    endloop
  endfacet
  facet normal 0.7002145072825572 -0.7002145072825572 0.13928132531711193
    outer loop
      vertex 64.36195197044341 38.25167734892771 4.591346771322634
      vertex 64.40001320971764 38.25167734892771 4.399999999999999
      vertex 64.64832265107229 38.49998679028236 4.399999999999999
    endloop
  endfacet
  facet normal 0.9086633352183308 -0.3763806770786147 0.1807443751593478
    outer loop
      vertex 64.59135998104028 38.49998679028236 4.686370680628883
      vertex 64.64832265107229 38.49998679028236 4.399999999999999
      vertex 64.78270675236291 38.82441871018548 4.399999999999999
    endloop
  endfacet
  facet normal 0 -1 0
    outer loop
      vertex 63.900000000000006 38.11729324763709 4.575581289814515
      vertex 63.900000000000006 38.11729324763709 4.224418710185482
      vertex 63.967192050645316 38.11729324763709 4.237784040048439
    endloop
  endfacet
  facet normal 0 -1 0
    outer loop
      vertex 63.900000000000006 38.11729324763709 4.575581289814515
      vertex 63.899999998509884 38.11729324763709 4.224418710481885
      vertex 63.900000000000006 38.11729324763709 4.224418710185482
    endloop
  endfacet
  facet normal -0.07590069605628161 -0.9212144926656352 -0.38157953671674827
    outer loop
      vertex 63.900000000000006 38.11729324763709 4.224418710185482
      vertex 63.899999998509884 38.11729324763709 4.224418710481885
      vertex 63.899999998509884 38.25167734892771 3.899986790578758
    endloop
  endfacet
  facet normal -0.07590069349140036 -0.9212144928460129 -0.38157953679146317
    outer loop
      vertex 63.900000000000006 38.11729324763709 4.224418710185482
      vertex 63.899999998509884 38.25167734892771 3.899986790578758
      vertex 63.900000000000006 38.25167734892771 3.8999867902823553
    endloop
  endfacet
  facet normal 0 -1 0
    outer loop
      vertex 64.02415472067733 38.11729324763709 4.524154720677323
      vertex 64.02415472067733 38.11729324763709 4.275845279322674
      vertex 64.06221595995157 38.11729324763709 4.332807949354688
    endloop
  endfacet
  facet normal 0 -1 0
    outer loop
      vertex 64.06221595995157 38.11729324763709 4.467192050645309
      vertex 64.06221595995157 38.11729324763709 4.332807949354688
      vertex 64.07558128981452 38.11729324763709 4.399999999999999
    endloop
  endfacet
  facet normal 0 -1 0
    outer loop
      vertex 63.967192050645316 38.11729324763709 4.562215959951558
      vertex 63.967192050645316 38.11729324763709 4.237784040048439
      vertex 64.02415472067733 38.11729324763709 4.275845279322674
    endloop
  endfacet
  facet normal 0.381579531128913 -0.9212144791753967 -0.07590088788045551
    outer loop
      vertex 64.07558128981452 38.11729324763709 4.399999999999999
      vertex 64.06221595995157 38.11729324763709 4.332807949354688
      vertex 64.36195197044341 38.25167734892771 4.208653228677363
    endloop
  endfacet
  facet normal 0.38157953112891646 -0.9212144791753957 -0.07590088788044963
    outer loop
      vertex 64.07558128981452 38.11729324763709 4.399999999999999
      vertex 64.36195197044341 38.25167734892771 4.208653228677363
      vertex 64.40001320971764 38.25167734892771 4.399999999999999
    endloop
  endfacet
  facet normal 0.7002145072825572 -0.7002145072825572 -0.13928132531711193
    outer loop
      vertex 64.40001320971764 38.25167734892771 4.399999999999999
      vertex 64.36195197044341 38.25167734892771 4.208653228677363
      vertex 64.64832265107229 38.49998679028236 4.399999999999999
    endloop
  endfacet
  facet normal 0.9086633352183308 -0.3763806770786147 -0.1807443751593478
    outer loop
      vertex 64.64832265107229 38.49998679028236 4.399999999999999
      vertex 64.59135998104028 38.49998679028236 4.113629319371114
      vertex 64.78270675236291 38.82441871018548 4.399999999999999
    endloop
  endfacet
  facet normal 0.3234875065415831 -0.9212144791753979 -0.21614744150488993
    outer loop
      vertex 64.06221595995157 38.11729324763709 4.332807949354688
      vertex 64.02415472067733 38.11729324763709 4.275845279322674
      vertex 64.2535627312742 38.25167734892771 4.0464372687258034
    endloop
  endfacet
  facet normal 0.9807852804032329 0 -0.1950903220161158
    outer loop
      vertex 64.78270675236291 38.82441871018548 4.399999999999999
      vertex 64.71551470171761 38.82441871018548 4.062202750233922
      vertex 64.78270675236291 39.17558128981452 4.399999999999999
    endloop
  endfacet
  facet normal 0.7002145072825634 -0.7002145072825463 -0.13928132531713533
    outer loop
      vertex 64.64832265107229 38.49998679028236 4.399999999999999
      vertex 64.36195197044341 38.25167734892771 4.208653228677363
      vertex 64.59135998104028 38.49998679028236 4.113629319371114
    endloop
  endfacet
  facet normal 0.216147441504863 -0.921214479175397 -0.3234875065416032
    outer loop
      vertex 64.02415472067733 38.11729324763709 4.275845279322674
      vertex 63.967192050645316 38.11729324763709 4.237784040048439
      vertex 64.09134677132263 38.25167734892771 3.9380480295565974
    endloop
  endfacet
  facet normal 0.32348750654158853 -0.9212144791753968 -0.2161474415048857
    outer loop
      vertex 64.06221595995157 38.11729324763709 4.332807949354688
      vertex 64.2535627312742 38.25167734892771 4.0464372687258034
      vertex 64.36195197044341 38.25167734892771 4.208653228677363
    endloop
  endfacet
  facet normal 0.0759008878804933 -0.9212144791753989 -0.38157953112890014
    outer loop
      vertex 63.900000000000006 38.11729324763709 4.224418710185482
      vertex 64.09134677132263 38.25167734892771 3.9380480295565974
      vertex 63.967192050645316 38.11729324763709 4.237784040048439
    endloop
  endfacet
  facet normal 0.9086633352183326 -0.376380677078603 -0.1807443751593623
    outer loop
      vertex 64.78270675236291 38.82441871018548 4.399999999999999
      vertex 64.59135998104028 38.49998679028236 4.113629319371114
      vertex 64.71551470171761 38.82441871018548 4.062202750233922
    endloop
  endfacet
  facet normal 0.21614744150487059 -0.921214479175396 -0.3234875065416013
    outer loop
      vertex 64.02415472067733 38.11729324763709 4.275845279322674
      vertex 64.09134677132263 38.25167734892771 3.9380480295565974
      vertex 64.2535627312742 38.25167734892771 4.0464372687258034
    endloop
  endfacet
  facet normal 0.07590088788047925 -0.9212144791753966 -0.38157953112890847
    outer loop
      vertex 63.900000000000006 38.11729324763709 4.224418710185482
      vertex 63.900000000000006 38.25167734892771 3.8999867902823553
      vertex 64.09134677132263 38.25167734892771 3.9380480295565974
    endloop
  endfacet
  facet normal 0.5936131960090822 -0.7002145072825567 -0.39663965676030105
    outer loop
      vertex 64.36195197044341 38.25167734892771 4.208653228677363
      vertex 64.2535627312742 38.25167734892771 4.0464372687258034
      vertex 64.42914402108872 38.49998679028236 3.870855978911287
    endloop
  endfacet
  facet normal 0.5936131960091039 -0.7002145072825453 -0.3966396567602883
    outer loop
      vertex 64.36195197044341 38.25167734892771 4.208653228677363
      vertex 64.42914402108872 38.49998679028236 3.870855978911287
      vertex 64.59135998104028 38.49998679028236 4.113629319371114
    endloop
  endfacet
  facet normal 0.7703275794849826 -0.37638067707860406 -0.5147164328119506
    outer loop
      vertex 64.59135998104028 38.49998679028236 4.113629319371114
      vertex 64.42914402108872 38.49998679028236 3.870855978911287
      vertex 64.71551470171761 38.82441871018548 4.062202750233922
    endloop
  endfacet
  facet normal -0.1392809781402586 -0.7002145418113982 -0.7002145418113982
    outer loop
      vertex 63.900000000000006 38.25167734892771 3.8999867902823553
      vertex 63.899999998509884 38.25167734892771 3.899986790578758
      vertex 63.899999998509884 38.49998679028236 3.6516773492241086
    endloop
  endfacet
  facet normal -0.13928098174694895 -0.7002145414526915 -0.7002145414526915
    outer loop
      vertex 63.900000000000006 38.25167734892771 3.8999867902823553
      vertex 63.899999998509884 38.49998679028236 3.6516773492241086
      vertex 63.900000000000006 38.49998679028236 3.6516773489277057
    endloop
  endfacet
  facet normal -0.18074393072683426 -0.37638070833378195 -0.9086634106750275
    outer loop
      vertex 63.900000000000006 38.49998679028236 3.6516773489277057
      vertex 63.899999998509884 38.49998679028236 3.6516773492241086
      vertex 63.899999998509884 38.82441871018548 3.5172932479334946
    endloop
  endfacet
  facet normal 0.8314696123025358 0 -0.5555702330196163
    outer loop
      vertex 64.71551470171761 38.82441871018548 4.062202750233922
      vertex 64.52416793039497 38.82441871018548 3.7758320696050305
      vertex 64.71551470171761 39.17558128981452 4.062202750233922
    endloop
  endfacet
  facet normal 0.7703275794849793 -0.3763806770785939 -0.5147164328119629
    outer loop
      vertex 64.71551470171761 38.82441871018548 4.062202750233922
      vertex 64.42914402108872 38.49998679028236 3.870855978911287
      vertex 64.52416793039497 38.82441871018548 3.7758320696050305
    endloop
  endfacet
  facet normal 0.39663965676027024 -0.7002145072825583 -0.5936131960091009
    outer loop
      vertex 64.2535627312742 38.25167734892771 4.0464372687258034
      vertex 64.09134677132263 38.25167734892771 3.9380480295565974
      vertex 64.1863706806289 38.49998679028236 3.708640018959727
    endloop
  endfacet
  facet normal 0.39663965676027957 -0.7002145072825541 -0.5936131960090997
    outer loop
      vertex 64.2535627312742 38.25167734892771 4.0464372687258034
      vertex 64.1863706806289 38.49998679028236 3.708640018959727
      vertex 64.42914402108872 38.49998679028236 3.870855978911287
    endloop
  endfacet
  facet normal 0.139281325317168 -0.7002145072825517 -0.7002145072825517
    outer loop
      vertex 63.900000000000006 38.25167734892771 3.8999867902823553
      vertex 63.900000000000006 38.49998679028236 3.6516773489277057
      vertex 64.09134677132263 38.25167734892771 3.9380480295565974
    endloop
  endfacet
  facet normal 0.13928132531716406 -0.7002145072825534 -0.7002145072825505
    outer loop
      vertex 63.900000000000006 38.49998679028236 3.6516773489277057
      vertex 64.1863706806289 38.49998679028236 3.708640018959727
      vertex 64.09134677132263 38.25167734892771 3.9380480295565974
    endloop
  endfacet
  facet normal 0.5147164328119532 -0.376380677078598 -0.770327579484984
    outer loop
      vertex 64.42914402108872 38.49998679028236 3.870855978911287
      vertex 64.23779724976609 38.82441871018548 3.5844852982824023
      vertex 64.52416793039497 38.82441871018548 3.7758320696050305
    endloop
  endfacet
  facet normal 0.5147164328119453 -0.37638067707860445 -0.770327579484986
    outer loop
      vertex 64.42914402108872 38.49998679028236 3.870855978911287
      vertex 64.1863706806289 38.49998679028236 3.708640018959727
      vertex 64.23779724976609 38.82441871018548 3.5844852982824023
    endloop
  endfacet
  facet normal 0.18074437515938843 -0.37638067707859485 -0.9086633352183309
    outer loop
      vertex 63.900000000000006 38.49998679028236 3.6516773489277057
      vertex 63.900000000000006 38.82441871018548 3.5172932476370917
      vertex 64.1863706806289 38.49998679028236 3.708640018959727
    endloop
  endfacet
  facet normal 0.18074437515937702 -0.376380677078604 -0.9086633352183293
    outer loop
      vertex 64.1863706806289 38.49998679028236 3.708640018959727
      vertex 63.900000000000006 38.82441871018548 3.5172932476370917
      vertex 64.23779724976609 38.82441871018548 3.5844852982824023
    endloop
  endfacet
  facet normal 0.5555702330196068 -1.8357409512148912e-17 -0.8314696123025421
    outer loop
      vertex 64.52416793039497 38.82441871018548 3.7758320696050305
      vertex 64.23779724976609 38.82441871018548 3.5844852982824023
      vertex 64.23779724976609 39.17558128981452 3.5844852982824023
    endloop
  endfacet
  facet normal -0.18074392791838673 -0.37638070853128874 -0.9086634111518511
    outer loop
      vertex 63.900000000000006 38.49998679028236 3.6516773489277057
      vertex 63.899999998509884 38.82441871018548 3.5172932479334946
      vertex 63.900000000000006 38.82441871018548 3.5172932476370917
    endloop
  endfacet
  facet normal -0.1950898449821056 0 -0.9807853752910766
    outer loop
      vertex 63.900000000000006 38.82441871018548 3.5172932476370917
      vertex 63.899999998509884 38.82441871018548 3.5172932479334946
      vertex 63.899999998509884 39.17558128981452 3.5172932479334946
    endloop
  endfacet
  facet normal 0.19509032201613172 0 -0.9807852804032298
    outer loop
      vertex 63.900000000000006 38.82441871018548 3.5172932476370917
      vertex 63.900000000000006 39.17558128981452 3.5172932476370917
      vertex 64.23779724976609 38.82441871018548 3.5844852982824023
    endloop
  endfacet
  facet normal -0.1950898449821056 0 0.9807853752910766
    outer loop
      vertex 63.899999998509884 38.82441871018548 5.2827067520665025
      vertex 63.900000000000006 39.17558128981452 5.282706752362905
      vertex 63.899999998509884 39.17558128981452 5.2827067520665025
    endloop
  endfacet
  facet normal -0.18074393072683426 0.37638070833378195 0.9086634106750275
    outer loop
      vertex 63.900000000000006 39.17558128981452 5.282706752362905
      vertex 63.900000000000006 39.50001320971764 5.1483226510722915
      vertex 63.899999998509884 39.17558128981452 5.2827067520665025
    endloop
  endfacet
  facet normal 0.19509032201613172 0 0.9807852804032298
    outer loop
      vertex 63.900000000000006 38.82441871018548 5.282706752362905
      vertex 64.23779724976609 39.17558128981452 5.215514701717595
      vertex 63.900000000000006 39.17558128981452 5.282706752362905
    endloop
  endfacet
  facet normal -0.18074392791838673 0.37638070853128874 0.9086634111518511
    outer loop
      vertex 63.899999998509884 39.17558128981452 5.2827067520665025
      vertex 63.900000000000006 39.50001320971764 5.1483226510722915
      vertex 63.899999998509884 39.50001320971764 5.148322650775889
    endloop
  endfacet
  facet normal -0.1392809781402586 0.7002145418113982 0.7002145418113982
    outer loop
      vertex 63.900000000000006 39.50001320971764 5.1483226510722915
      vertex 63.900000000000006 39.74832265107229 4.900013209717642
      vertex 63.899999998509884 39.50001320971764 5.148322650775889
    endloop
  endfacet
  facet normal -0.13928098174694895 0.7002145414526915 0.7002145414526915
    outer loop
      vertex 63.899999998509884 39.50001320971764 5.148322650775889
      vertex 63.900000000000006 39.74832265107229 4.900013209717642
      vertex 63.899999998509884 39.74832265107229 4.900013209421239
    endloop
  endfacet
  facet normal 0.180744375159377 0.37638067707860395 0.9086633352183293
    outer loop
      vertex 63.900000000000006 39.17558128981452 5.282706752362905
      vertex 64.23779724976609 39.17558128981452 5.215514701717595
      vertex 64.1863706806289 39.50001320971764 5.09135998104027
    endloop
  endfacet
  facet normal 0.18074437515938846 0.37638067707859485 0.9086633352183309
    outer loop
      vertex 63.900000000000006 39.17558128981452 5.282706752362905
      vertex 64.1863706806289 39.50001320971764 5.09135998104027
      vertex 63.900000000000006 39.50001320971764 5.1483226510722915
    endloop
  endfacet
  facet normal 0.5555702330196068 0 0.8314696123025421
    outer loop
      vertex 64.23779724976609 38.82441871018548 5.215514701717595
      vertex 64.52416793039497 39.17558128981452 5.024167930394967
      vertex 64.23779724976609 39.17558128981452 5.215514701717595
    endloop
  endfacet
  facet normal 0.5147164328119453 0.37638067707860445 0.770327579484986
    outer loop
      vertex 64.23779724976609 39.17558128981452 5.215514701717595
      vertex 64.42914402108872 39.50001320971764 4.92914402108871
      vertex 64.1863706806289 39.50001320971764 5.09135998104027
    endloop
  endfacet
  facet normal 0.5147164328119532 0.376380677078598 0.770327579484984
    outer loop
      vertex 64.23779724976609 39.17558128981452 5.215514701717595
      vertex 64.52416793039497 39.17558128981452 5.024167930394967
      vertex 64.42914402108872 39.50001320971764 4.92914402108871
    endloop
  endfacet
  facet normal 0.13928132531716406 0.7002145072825534 0.7002145072825505
    outer loop
      vertex 63.900000000000006 39.50001320971764 5.1483226510722915
      vertex 64.1863706806289 39.50001320971764 5.09135998104027
      vertex 64.09134677132263 39.74832265107229 4.8619519704434
    endloop
  endfacet
  facet normal 0.13928132531716797 0.7002145072825517 0.7002145072825517
    outer loop
      vertex 63.900000000000006 39.50001320971764 5.1483226510722915
      vertex 64.09134677132263 39.74832265107229 4.8619519704434
      vertex 63.900000000000006 39.74832265107229 4.900013209717642
    endloop
  endfacet
  facet normal 0.3966396567602797 0.7002145072825541 0.5936131960090997
    outer loop
      vertex 64.1863706806289 39.50001320971764 5.09135998104027
      vertex 64.42914402108872 39.50001320971764 4.92914402108871
      vertex 64.2535627312742 39.74832265107229 4.753562731274194
    endloop
  endfacet
  facet normal 0.3966396567602702 0.7002145072825583 0.5936131960091009
    outer loop
      vertex 64.1863706806289 39.50001320971764 5.09135998104027
      vertex 64.2535627312742 39.74832265107229 4.753562731274194
      vertex 64.09134677132263 39.74832265107229 4.8619519704434
    endloop
  endfacet
  facet normal 0.7703275794849793 0.3763806770785939 0.5147164328119629
    outer loop
      vertex 64.52416793039497 39.17558128981452 5.024167930394967
      vertex 64.71551470171761 39.17558128981452 4.737797249766075
      vertex 64.42914402108872 39.50001320971764 4.92914402108871
    endloop
  endfacet
  facet normal 0.8314696123025358 0 0.5555702330196163
    outer loop
      vertex 64.71551470171761 38.82441871018548 4.737797249766075
      vertex 64.71551470171761 39.17558128981452 4.737797249766075
      vertex 64.52416793039497 39.17558128981452 5.024167930394967
    endloop
  endfacet
  facet normal -0.07590069605628161 0.9212144926656352 0.38157953671674827
    outer loop
      vertex 63.900000000000006 39.74832265107229 4.900013209717642
      vertex 63.900000000000006 39.88270675236291 4.575581289814515
      vertex 63.899999998509884 39.74832265107229 4.900013209421239
    endloop
  endfacet
  facet normal -0.07590069349140036 0.9212144928460129 0.38157953679146317
    outer loop
      vertex 63.899999998509884 39.74832265107229 4.900013209421239
      vertex 63.900000000000006 39.88270675236291 4.575581289814515
      vertex 63.899999998509884 39.88270675236291 4.575581289518112
    endloop
  endfacet
  facet normal 0 1 0
    outer loop
      vertex 63.900000000000006 39.88270675236291 4.575581289814515
      vertex 63.900000000000006 39.88270675236291 4.224418710185482
      vertex 63.899999998509884 39.88270675236291 4.575581289518112
    endloop
  endfacet
  facet normal 0 1 0
    outer loop
      vertex 63.900000000000006 39.88270675236291 4.575581289814515
      vertex 63.967192050645316 39.88270675236291 4.562215959951558
      vertex 63.900000000000006 39.88270675236291 4.224418710185482
    endloop
  endfacet
  facet normal 0.0759008878804792 0.9212144791753966 0.38157953112890847
    outer loop
      vertex 63.900000000000006 39.74832265107229 4.900013209717642
      vertex 64.09134677132263 39.74832265107229 4.8619519704434
      vertex 63.900000000000006 39.88270675236291 4.575581289814515
    endloop
  endfacet
  facet normal 0.5936131960090821 0.7002145072825569 0.39663965676030105
    outer loop
      vertex 64.42914402108872 39.50001320971764 4.92914402108871
      vertex 64.36195197044341 39.74832265107229 4.591346771322634
      vertex 64.2535627312742 39.74832265107229 4.753562731274194
    endloop
  endfacet
  facet normal 0.21614744150487056 0.921214479175396 0.3234875065416013
    outer loop
      vertex 64.09134677132263 39.74832265107229 4.8619519704434
      vertex 64.2535627312742 39.74832265107229 4.753562731274194
      vertex 64.02415472067733 39.88270675236291 4.524154720677323
    endloop
  endfacet
  facet normal 0.7703275794849826 0.37638067707860406 0.5147164328119506
    outer loop
      vertex 64.42914402108872 39.50001320971764 4.92914402108871
      vertex 64.71551470171761 39.17558128981452 4.737797249766075
      vertex 64.59135998104028 39.50001320971764 4.686370680628883
    endloop
  endfacet
  facet normal 0.5936131960091039 0.7002145072825453 0.3966396567602883
    outer loop
      vertex 64.42914402108872 39.50001320971764 4.92914402108871
      vertex 64.59135998104028 39.50001320971764 4.686370680628883
      vertex 64.36195197044341 39.74832265107229 4.591346771322634
    endloop
  endfacet
  facet normal 0.07590088788049325 0.9212144791753989 0.3815795311289001
    outer loop
      vertex 64.09134677132263 39.74832265107229 4.8619519704434
      vertex 63.967192050645316 39.88270675236291 4.562215959951558
      vertex 63.900000000000006 39.88270675236291 4.575581289814515
    endloop
  endfacet
  facet normal 0.21614744150486304 0.9212144791753969 0.32348750654160324
    outer loop
      vertex 64.09134677132263 39.74832265107229 4.8619519704434
      vertex 64.02415472067733 39.88270675236291 4.524154720677323
      vertex 63.967192050645316 39.88270675236291 4.562215959951558
    endloop
  endfacet
  facet normal 0.3234875065415886 0.9212144791753968 0.21614744150488574
    outer loop
      vertex 64.2535627312742 39.74832265107229 4.753562731274194
      vertex 64.36195197044341 39.74832265107229 4.591346771322634
      vertex 64.06221595995157 39.88270675236291 4.467192050645309
    endloop
  endfacet
  facet normal 0.9086633352183326 0.376380677078603 0.1807443751593623
    outer loop
      vertex 64.71551470171761 39.17558128981452 4.737797249766075
      vertex 64.78270675236291 39.17558128981452 4.399999999999999
      vertex 64.59135998104028 39.50001320971764 4.686370680628883
    endloop
  endfacet
  facet normal 0.3234875065415829 0.9212144791753977 0.21614744150488993
    outer loop
      vertex 64.2535627312742 39.74832265107229 4.753562731274194
      vertex 64.06221595995157 39.88270675236291 4.467192050645309
      vertex 64.02415472067733 39.88270675236291 4.524154720677323
    endloop
  endfacet
  facet normal 0.7002145072825634 0.7002145072825463 0.13928132531713533
    outer loop
      vertex 64.59135998104028 39.50001320971764 4.686370680628883
      vertex 64.64832265107229 39.50001320971764 4.399999999999999
      vertex 64.36195197044341 39.74832265107229 4.591346771322634
    endloop
  endfacet
  facet normal 0.9807852804032329 0 0.1950903220161158
    outer loop
      vertex 64.78270675236291 38.82441871018548 4.399999999999999
      vertex 64.78270675236291 39.17558128981452 4.399999999999999
      vertex 64.71551470171761 39.17558128981452 4.737797249766075
    endloop
  endfacet
  facet normal 0.381579531128913 0.9212144791753967 0.07590088788045547
    outer loop
      vertex 64.36195197044341 39.74832265107229 4.591346771322634
      vertex 64.07558128981452 39.88270675236291 4.399999999999999
      vertex 64.06221595995157 39.88270675236291 4.467192050645309
    endloop
  endfacet
  facet normal 0.38157953112891646 0.9212144791753957 0.07590088788044963
    outer loop
      vertex 64.36195197044341 39.74832265107229 4.591346771322634
      vertex 64.40001320971764 39.74832265107229 4.399999999999999
      vertex 64.07558128981452 39.88270675236291 4.399999999999999
    endloop
  endfacet
  facet normal 0 1 0
    outer loop
      vertex 63.967192050645316 39.88270675236291 4.562215959951558
      vertex 64.02415472067733 39.88270675236291 4.524154720677323
      vertex 63.967192050645316 39.88270675236291 4.237784040048439
    endloop
  endfacet
  facet normal 0 1 0
    outer loop
      vertex 64.02415472067733 39.88270675236291 4.524154720677323
      vertex 64.06221595995157 39.88270675236291 4.467192050645309
      vertex 64.02415472067733 39.88270675236291 4.275845279322674
    endloop
  endfacet
  facet normal 0.9086633352183308 0.3763806770786147 0.1807443751593478
    outer loop
      vertex 64.59135998104028 39.50001320971764 4.686370680628883
      vertex 64.78270675236291 39.17558128981452 4.399999999999999
      vertex 64.64832265107229 39.50001320971764 4.399999999999999
    endloop
  endfacet
  facet normal 0.7002145072825572 0.7002145072825572 0.13928132531711193
    outer loop
      vertex 64.36195197044341 39.74832265107229 4.591346771322634
      vertex 64.64832265107229 39.50001320971764 4.399999999999999
      vertex 64.40001320971764 39.74832265107229 4.399999999999999
    endloop
  endfacet
  facet normal 0 1 0
    outer loop
      vertex 63.899999998509884 39.88270675236291 4.575581289518112
      vertex 63.900000000000006 39.88270675236291 4.224418710185482
      vertex 63.899999998509884 39.88270675236291 4.224418710481885
    endloop
  endfacet
  facet normal 0.07590088788049489 0.9212144791753957 -0.3815795311289081
    outer loop
      vertex 63.900000000000006 39.88270675236291 4.224418710185482
      vertex 63.967192050645316 39.88270675236291 4.237784040048439
      vertex 63.900000000000006 39.74832265107229 3.8999867902823553
    endloop
  endfacet
  facet normal -0.07590069605628161 0.9212144926656352 -0.38157953671674827
    outer loop
      vertex 63.900000000000006 39.88270675236291 4.224418710185482
      vertex 63.900000000000006 39.74832265107229 3.8999867902823553
      vertex 63.899999998509884 39.88270675236291 4.224418710481885
    endloop
  endfacet
  facet normal -0.07590069146479941 0.9212144929885355 -0.381579536850498
    outer loop
      vertex 63.899999998509884 39.88270675236291 4.224418710481885
      vertex 63.900000000000006 39.74832265107229 3.8999867902823553
      vertex 63.899999998509884 39.74832265107229 3.899986790578758
    endloop
  endfacet
  facet normal 0 1 0
    outer loop
      vertex 64.06221595995157 39.88270675236291 4.467192050645309
      vertex 64.07558128981452 39.88270675236291 4.399999999999999
      vertex 64.06221595995157 39.88270675236291 4.332807949354688
    endloop
  endfacet
  facet normal 0 1 0
    outer loop
      vertex 64.06221595995157 39.88270675236291 4.467192050645309
      vertex 64.06221595995157 39.88270675236291 4.332807949354688
      vertex 64.02415472067733 39.88270675236291 4.275845279322674
    endloop
  endfacet
  facet normal 0 1 0
    outer loop
      vertex 63.967192050645316 39.88270675236291 4.562215959951558
      vertex 63.967192050645316 39.88270675236291 4.237784040048439
      vertex 63.900000000000006 39.88270675236291 4.224418710185482
    endloop
  endfacet
  facet normal 0 1 0
    outer loop
      vertex 64.02415472067733 39.88270675236291 4.524154720677323
      vertex 64.02415472067733 39.88270675236291 4.275845279322674
      vertex 63.967192050645316 39.88270675236291 4.237784040048439
    endloop
  endfacet
  facet normal 0.381579531128913 0.9212144791753967 -0.07590088788045551
    outer loop
      vertex 64.07558128981452 39.88270675236291 4.399999999999999
      vertex 64.36195197044341 39.74832265107229 4.208653228677363
      vertex 64.06221595995157 39.88270675236291 4.332807949354688
    endloop
  endfacet
  facet normal 0.38157953112891646 0.9212144791753957 -0.07590088788044963
    outer loop
      vertex 64.07558128981452 39.88270675236291 4.399999999999999
      vertex 64.40001320971764 39.74832265107229 4.399999999999999
      vertex 64.36195197044341 39.74832265107229 4.208653228677363
    endloop
  endfacet
  facet normal 0.9086633352183308 0.3763806770786147 -0.1807443751593478
    outer loop
      vertex 64.64832265107229 39.50001320971764 4.399999999999999
      vertex 64.78270675236291 39.17558128981452 4.399999999999999
      vertex 64.59135998104028 39.50001320971764 4.113629319371114
    endloop
  endfacet
  facet normal 0.7002145072825572 0.7002145072825572 -0.13928132531711193
    outer loop
      vertex 64.40001320971764 39.74832265107229 4.399999999999999
      vertex 64.64832265107229 39.50001320971764 4.399999999999999
      vertex 64.36195197044341 39.74832265107229 4.208653228677363
    endloop
  endfacet
  facet normal 0.3234875065415831 0.9212144791753979 -0.21614744150488993
    outer loop
      vertex 64.06221595995157 39.88270675236291 4.332807949354688
      vertex 64.2535627312742 39.74832265107229 4.0464372687258034
      vertex 64.02415472067733 39.88270675236291 4.275845279322674
    endloop
  endfacet
  facet normal 0.7002145072825634 0.7002145072825463 -0.13928132531713533
    outer loop
      vertex 64.64832265107229 39.50001320971764 4.399999999999999
      vertex 64.59135998104028 39.50001320971764 4.113629319371114
      vertex 64.36195197044341 39.74832265107229 4.208653228677363
    endloop
  endfacet
  facet normal 0.21614744150486304 0.921214479175397 -0.32348750654160324
    outer loop
      vertex 64.02415472067733 39.88270675236291 4.275845279322674
      vertex 64.09134677132263 39.74832265107229 3.9380480295565974
      vertex 63.967192050645316 39.88270675236291 4.237784040048439
    endloop
  endfacet
  facet normal 0.3234875065415886 0.9212144791753968 -0.21614744150488577
    outer loop
      vertex 64.06221595995157 39.88270675236291 4.332807949354688
      vertex 64.36195197044341 39.74832265107229 4.208653228677363
      vertex 64.2535627312742 39.74832265107229 4.0464372687258034
    endloop
  endfacet
  facet normal 0.9086633352183326 0.376380677078603 -0.1807443751593623
    outer loop
      vertex 64.78270675236291 39.17558128981452 4.399999999999999
      vertex 64.71551470171761 39.17558128981452 4.062202750233922
      vertex 64.59135998104028 39.50001320971764 4.113629319371114
    endloop
  endfacet
  facet normal 0.9807852804032329 0 -0.1950903220161158
    outer loop
      vertex 64.71551470171761 38.82441871018548 4.062202750233922
      vertex 64.71551470171761 39.17558128981452 4.062202750233922
      vertex 64.78270675236291 39.17558128981452 4.399999999999999
    endloop
  endfacet
  facet normal 0.21614744150487056 0.9212144791753959 -0.3234875065416013
    outer loop
      vertex 64.02415472067733 39.88270675236291 4.275845279322674
      vertex 64.2535627312742 39.74832265107229 4.0464372687258034
      vertex 64.09134677132263 39.74832265107229 3.9380480295565974
    endloop
  endfacet
  facet normal 0.07590088788047865 0.9212144791753977 -0.3815795311289057
    outer loop
      vertex 63.967192050645316 39.88270675236291 4.237784040048439
      vertex 64.09134677132263 39.74832265107229 3.9380480295565974
      vertex 63.900000000000006 39.74832265107229 3.8999867902823553
    endloop
  endfacet
  facet normal 0.5936131960090822 0.7002145072825569 -0.39663965676030105
    outer loop
      vertex 64.36195197044341 39.74832265107229 4.208653228677363
      vertex 64.42914402108872 39.50001320971764 3.870855978911287
      vertex 64.2535627312742 39.74832265107229 4.0464372687258034
    endloop
  endfacet
  facet normal 0.5936131960091039 0.7002145072825453 -0.3966396567602883
    outer loop
      vertex 64.36195197044341 39.74832265107229 4.208653228677363
      vertex 64.59135998104028 39.50001320971764 4.113629319371114
      vertex 64.42914402108872 39.50001320971764 3.870855978911287
    endloop
  endfacet
  facet normal 0.7703275794849826 0.37638067707860406 -0.5147164328119506
    outer loop
      vertex 64.59135998104028 39.50001320971764 4.113629319371114
      vertex 64.71551470171761 39.17558128981452 4.062202750233922
      vertex 64.42914402108872 39.50001320971764 3.870855978911287
    endloop
  endfacet
  facet normal -0.1392809781402586 0.7002145418113982 -0.7002145418113982
    outer loop
      vertex 63.900000000000006 39.74832265107229 3.8999867902823553
      vertex 63.900000000000006 39.50001320971764 3.6516773489277057
      vertex 63.899999998509884 39.74832265107229 3.899986790578758
    endloop
  endfacet
  facet normal -0.13928097900388953 0.700214541725505 -0.700214541725505
    outer loop
      vertex 63.899999998509884 39.74832265107229 3.899986790578758
      vertex 63.900000000000006 39.50001320971764 3.6516773489277057
      vertex 63.899999998509884 39.50001320971764 3.6516773492241086
    endloop
  endfacet
  facet normal -0.18074393072683426 0.37638070833378195 -0.9086634106750275
    outer loop
      vertex 63.900000000000006 39.50001320971764 3.6516773489277057
      vertex 63.900000000000006 39.17558128981452 3.5172932476370917
      vertex 63.899999998509884 39.50001320971764 3.6516773492241086
    endloop
  endfacet
  facet normal 0.7703275794849793 0.3763806770785939 -0.5147164328119629
    outer loop
      vertex 64.71551470171761 39.17558128981452 4.062202750233922
      vertex 64.52416793039497 39.17558128981452 3.7758320696050305
      vertex 64.42914402108872 39.50001320971764 3.870855978911287
    endloop
  endfacet
  facet normal 0.39663965676027957 0.7002145072825541 -0.5936131960090997
    outer loop
      vertex 64.2535627312742 39.74832265107229 4.0464372687258034
      vertex 64.42914402108872 39.50001320971764 3.870855978911287
      vertex 64.1863706806289 39.50001320971764 3.708640018959727
    endloop
  endfacet
  facet normal 0.39663965676027024 0.7002145072825583 -0.5936131960091009
    outer loop
      vertex 64.2535627312742 39.74832265107229 4.0464372687258034
      vertex 64.1863706806289 39.50001320971764 3.708640018959727
      vertex 64.09134677132263 39.74832265107229 3.9380480295565974
    endloop
  endfacet
  facet normal 0.139281325317168 0.7002145072825517 -0.7002145072825517
    outer loop
      vertex 63.900000000000006 39.74832265107229 3.8999867902823553
      vertex 64.09134677132263 39.74832265107229 3.9380480295565974
      vertex 63.900000000000006 39.50001320971764 3.6516773489277057
    endloop
  endfacet
  facet normal 0.8314696123025358 0 -0.5555702330196163
    outer loop
      vertex 64.52416793039497 38.82441871018548 3.7758320696050305
      vertex 64.52416793039497 39.17558128981452 3.7758320696050305
      vertex 64.71551470171761 39.17558128981452 4.062202750233922
    endloop
  endfacet
  facet normal 0.13928132531716406 0.7002145072825534 -0.7002145072825505
    outer loop
      vertex 63.900000000000006 39.50001320971764 3.6516773489277057
      vertex 64.09134677132263 39.74832265107229 3.9380480295565974
      vertex 64.1863706806289 39.50001320971764 3.708640018959727
    endloop
  endfacet
  facet normal 0.5147164328119532 0.376380677078598 -0.770327579484984
    outer loop
      vertex 64.42914402108872 39.50001320971764 3.870855978911287
      vertex 64.52416793039497 39.17558128981452 3.7758320696050305
      vertex 64.23779724976609 39.17558128981452 3.5844852982824023
    endloop
  endfacet
  facet normal 0.5555702330196068 0 -0.8314696123025421
    outer loop
      vertex 64.52416793039497 38.82441871018548 3.7758320696050305
      vertex 64.23779724976609 39.17558128981452 3.5844852982824023
      vertex 64.52416793039497 39.17558128981452 3.7758320696050305
    endloop
  endfacet
  facet normal 0.5147164328119453 0.37638067707860445 -0.770327579484986
    outer loop
      vertex 64.42914402108872 39.50001320971764 3.870855978911287
      vertex 64.23779724976609 39.17558128981452 3.5844852982824023
      vertex 64.1863706806289 39.50001320971764 3.708640018959727
    endloop
  endfacet
  facet normal 0.18074437515938843 0.37638067707859485 -0.9086633352183309
    outer loop
      vertex 63.900000000000006 39.50001320971764 3.6516773489277057
      vertex 64.1863706806289 39.50001320971764 3.708640018959727
      vertex 63.900000000000006 39.17558128981452 3.5172932476370917
    endloop
  endfacet
  facet normal 0.18074437515937697 0.376380677078604 -0.9086633352183293
    outer loop
      vertex 64.1863706806289 39.50001320971764 3.708640018959727
      vertex 64.23779724976609 39.17558128981452 3.5844852982824023
      vertex 63.900000000000006 39.17558128981452 3.5172932476370917
    endloop
  endfacet
  facet normal -0.18074392597349656 0.37638070866806506 -0.9086634114820582
    outer loop
      vertex 63.899999998509884 39.50001320971764 3.6516773492241086
      vertex 63.900000000000006 39.17558128981452 3.5172932476370917
      vertex 63.899999998509884 39.17558128981452 3.5172932479334946
    endloop
  endfacet
  facet normal -0.1950898449821056 0 -0.9807853752910766
    outer loop
      vertex 63.900000000000006 38.82441871018548 3.5172932476370917
      vertex 63.899999998509884 39.17558128981452 3.5172932479334946
      vertex 63.900000000000006 39.17558128981452 3.5172932476370917
    endloop
  endfacet
  facet normal 0.19509032201613172 0 -0.9807852804032298
    outer loop
      vertex 64.23779724976609 38.82441871018548 3.5844852982824023
      vertex 63.900000000000006 39.17558128981452 3.5172932476370917
      vertex 64.23779724976609 39.17558128981452 3.5844852982824023
    endloop
  endfacet
  facet normal 0 0 1
    outer loop
      vertex 5.75 36.25 5.399999999999999
      vertex 13.75 36.25 5.399999999999999
      vertex 6.95 37.45 5.399999999999999
    endloop
  endfacet
  facet normal 0 0 1
    outer loop
      vertex 6.95 37.45 5.399999999999999
      vertex 13.75 36.25 5.399999999999999
      vertex 13.75 37.45 5.399999999999999
    endloop
  endfacet
  facet normal 0 -1 0
    outer loop
      vertex 5.75 36.25 5.399999999999999
      vertex 5.75 36.25 2.3999999999999986
      vertex 13.75 36.25 5.399999999999999
    endloop
  endfacet
  facet normal 0 -1 0
    outer loop
      vertex 13.75 36.25 5.399999999999999
      vertex 5.75 36.25 2.3999999999999986
      vertex 13.75 36.25 2.3999999999999986
    endloop
  endfacet
  facet normal 0 0 1
    outer loop
      vertex 5.75 36.25 5.399999999999999
      vertex 6.95 37.45 5.399999999999999
      vertex 6.95 66.55 5.399999999999999
    endloop
  endfacet
  facet normal 0 0 1
    outer loop
      vertex 5.75 36.25 5.399999999999999
      vertex 6.95 66.55 5.399999999999999
      vertex 5.75 67.75 5.399999999999999
    endloop
  endfacet
  facet normal 0 0 1
    outer loop
      vertex 5.75 67.75 5.399999999999999
      vertex 6.95 66.55 5.399999999999999
      vertex 13.75 66.55 5.399999999999999
    endloop
  endfacet
  facet normal 0 0 1
    outer loop
      vertex 5.75 67.75 5.399999999999999
      vertex 13.75 66.55 5.399999999999999
      vertex 13.75 67.75 5.399999999999999
    endloop
  endfacet
  facet normal -1 0 0
    outer loop
      vertex 5.75 36.25 5.399999999999999
      vertex 5.75 67.75 5.399999999999999
      vertex 5.75 67.75 2.3999999999999986
    endloop
  endfacet
  facet normal -1 0 0
    outer loop
      vertex 5.75 36.25 5.399999999999999
      vertex 5.75 67.75 2.3999999999999986
      vertex 5.75 36.25 2.3999999999999986
    endloop
  endfacet
  facet normal 0 1 0
    outer loop
      vertex 5.75 67.75 5.399999999999999
      vertex 13.75 67.75 5.399999999999999
      vertex 13.75 67.75 2.3999999999999986
    endloop
  endfacet
  facet normal 0 1 0
    outer loop
      vertex 5.75 67.75 5.399999999999999
      vertex 13.75 67.75 2.3999999999999986
      vertex 5.75 67.75 2.3999999999999986
    endloop
  endfacet
  facet normal 0 0 1
    outer loop
      vertex 49.25 36.25 5.399999999999999
      vertex 60.25 36.25 5.399999999999999
      vertex 49.25 37.45 5.399999999999999
    endloop
  endfacet
  facet normal 0 0 1
    outer loop
      vertex 49.25 37.45 5.399999999999999
      vertex 60.25 36.25 5.399999999999999
      vertex 59.050000000000004 37.45 5.399999999999999
    endloop
  endfacet
  facet normal 0 -1 0
    outer loop
      vertex 49.25 36.25 5.399999999999999
      vertex 49.25 36.25 2.3999999999999986
      vertex 60.25 36.25 5.399999999999999
    endloop
  endfacet
  facet normal 0 -1 0
    outer loop
      vertex 60.25 36.25 5.399999999999999
      vertex 49.25 36.25 2.3999999999999986
      vertex 60.25 36.25 2.3999999999999986
    endloop
  endfacet
  facet normal 0 0 1
    outer loop
      vertex 59.050000000000004 37.45 5.399999999999999
      vertex 60.25 36.25 5.399999999999999
      vertex 60.25 67.75 5.399999999999999
    endloop
  endfacet
  facet normal 0 0 1
    outer loop
      vertex 59.050000000000004 37.45 5.399999999999999
      vertex 60.25 67.75 5.399999999999999
      vertex 59.050000000000004 66.55 5.399999999999999
    endloop
  endfacet
  facet normal 0 0 1
    outer loop
      vertex 49.25 66.55 5.399999999999999
      vertex 59.050000000000004 66.55 5.399999999999999
      vertex 49.25 67.75 5.399999999999999
    endloop
  endfacet
  facet normal 0 0 1
    outer loop
      vertex 49.25 67.75 5.399999999999999
      vertex 59.050000000000004 66.55 5.399999999999999
      vertex 60.25 67.75 5.399999999999999
    endloop
  endfacet
  facet normal 1 0 0
    outer loop
      vertex 60.25 36.25 5.399999999999999
      vertex 60.25 36.25 2.3999999999999986
      vertex 60.25 67.75 5.399999999999999
    endloop
  endfacet
  facet normal 1 0 0
    outer loop
      vertex 60.25 67.75 5.399999999999999
      vertex 60.25 36.25 2.3999999999999986
      vertex 60.25 67.75 2.3999999999999986
    endloop
  endfacet
  facet normal 0 1 0
    outer loop
      vertex 49.25 67.75 5.399999999999999
      vertex 60.25 67.75 5.399999999999999
      vertex 60.25 67.75 2.3999999999999986
    endloop
  endfacet
  facet normal 0 1 0
    outer loop
      vertex 49.25 67.75 5.399999999999999
      vertex 60.25 67.75 2.3999999999999986
      vertex 49.25 67.75 2.3999999999999986
    endloop
  endfacet
  facet normal 0 1 0
    outer loop
      vertex 6.95 37.45 5.399999999999999
      vertex 13.75 37.45 5.399999999999999
      vertex 13.75 37.45 3.3999999999999986
    endloop
  endfacet
  facet normal 0 1 0
    outer loop
      vertex 6.95 37.45 5.399999999999999
      vertex 13.75 37.45 3.3999999999999986
      vertex 6.95 37.45 3.3999999999999986
    endloop
  endfacet
  facet normal 1 0 0
    outer loop
      vertex 6.95 37.45 5.399999999999999
      vertex 6.95 37.45 3.3999999999999986
      vertex 6.95 66.55 5.399999999999999
    endloop
  endfacet
  facet normal 1 0 0
    outer loop
      vertex 6.95 37.45 3.3999999999999986
      vertex 6.95 66.55 3.3999999999999986
      vertex 6.95 66.55 5.399999999999999
    endloop
  endfacet
  facet normal 0 0 1
    outer loop
      vertex 6.95 37.45 3.3999999999999986
      vertex 13.75 37.45 3.3999999999999986
      vertex 13.75 66.55 3.3999999999999986
    endloop
  endfacet
  facet normal 0 0 1
    outer loop
      vertex 6.95 37.45 3.3999999999999986
      vertex 13.75 66.55 3.3999999999999986
      vertex 6.95 66.55 3.3999999999999986
    endloop
  endfacet
  facet normal 0 -1 0
    outer loop
      vertex 6.95 66.55 5.399999999999999
      vertex 6.95 66.55 3.3999999999999986
      vertex 13.75 66.55 5.399999999999999
    endloop
  endfacet
  facet normal 0 -1 0
    outer loop
      vertex 13.75 66.55 5.399999999999999
      vertex 6.95 66.55 3.3999999999999986
      vertex 13.75 66.55 3.3999999999999986
    endloop
  endfacet
  facet normal 0 1 0
    outer loop
      vertex 49.25 37.45 5.399999999999999
      vertex 59.050000000000004 37.45 3.3999999999999986
      vertex 49.25 37.45 3.3999999999999986
    endloop
  endfacet
  facet normal 0 1 0
    outer loop
      vertex 49.25 37.45 5.399999999999999
      vertex 59.050000000000004 37.45 5.399999999999999
      vertex 59.050000000000004 37.45 3.3999999999999986
    endloop
  endfacet
  facet normal 0 0 1
    outer loop
      vertex 49.25 37.45 3.3999999999999986
      vertex 59.050000000000004 37.45 3.3999999999999986
      vertex 59.050000000000004 66.55 3.3999999999999986
    endloop
  endfacet
  facet normal 0 0 1
    outer loop
      vertex 49.25 37.45 3.3999999999999986
      vertex 59.050000000000004 66.55 3.3999999999999986
      vertex 49.25 66.55 3.3999999999999986
    endloop
  endfacet
  facet normal -1 0 0
    outer loop
      vertex 59.050000000000004 37.45 5.399999999999999
      vertex 59.050000000000004 66.55 3.3999999999999986
      vertex 59.050000000000004 37.45 3.3999999999999986
    endloop
  endfacet
  facet normal -1 0 0
    outer loop
      vertex 59.050000000000004 37.45 5.399999999999999
      vertex 59.050000000000004 66.55 5.399999999999999
      vertex 59.050000000000004 66.55 3.3999999999999986
    endloop
  endfacet
  facet normal 0 -1 0
    outer loop
      vertex 49.25 66.55 5.399999999999999
      vertex 49.25 66.55 3.3999999999999986
      vertex 59.050000000000004 66.55 5.399999999999999
    endloop
  endfacet
  facet normal 0 -1 0
    outer loop
      vertex 49.25 66.55 3.3999999999999986
      vertex 59.050000000000004 66.55 3.3999999999999986
      vertex 59.050000000000004 66.55 5.399999999999999
    endloop
  endfacet
  facet normal 1 0 0
    outer loop
      vertex 13.75 36.25 5.399999999999999
      vertex 13.75 37.45 3.3999999999999986
      vertex 13.75 37.45 5.399999999999999
    endloop
  endfacet
  facet normal 1 0 0
    outer loop
      vertex 13.75 36.25 5.399999999999999
      vertex 13.75 36.25 2.3999999999999986
      vertex 13.75 37.45 3.3999999999999986
    endloop
  endfacet
  facet normal 1 0 0
    outer loop
      vertex 13.75 66.55 5.399999999999999
      vertex 13.75 66.55 3.3999999999999986
      vertex 13.75 67.75 5.399999999999999
    endloop
  endfacet
  facet normal 1 0 0
    outer loop
      vertex 13.75 67.75 5.399999999999999
      vertex 13.75 66.55 3.3999999999999986
      vertex 13.75 67.75 2.3999999999999986
    endloop
  endfacet
  facet normal 1 0 0
    outer loop
      vertex 13.75 37.45 3.3999999999999986
      vertex 13.75 36.25 2.3999999999999986
      vertex 13.75 66.55 3.3999999999999986
    endloop
  endfacet
  facet normal 1 0 0
    outer loop
      vertex 13.75 66.55 3.3999999999999986
      vertex 13.75 36.25 2.3999999999999986
      vertex 13.75 67.75 2.3999999999999986
    endloop
  endfacet
  facet normal -1 0 0
    outer loop
      vertex 49.25 36.25 5.399999999999999
      vertex 49.25 37.45 5.399999999999999
      vertex 49.25 37.45 3.3999999999999986
    endloop
  endfacet
  facet normal -1 0 0
    outer loop
      vertex 49.25 36.25 5.399999999999999
      vertex 49.25 37.45 3.3999999999999986
      vertex 49.25 36.25 2.3999999999999986
    endloop
  endfacet
  facet normal -1 0 0
    outer loop
      vertex 49.25 66.55 5.399999999999999
      vertex 49.25 67.75 5.399999999999999
      vertex 49.25 66.55 3.3999999999999986
    endloop
  endfacet
  facet normal -1 0 0
    outer loop
      vertex 49.25 67.75 5.399999999999999
      vertex 49.25 67.75 2.3999999999999986
      vertex 49.25 66.55 3.3999999999999986
    endloop
  endfacet
  facet normal -1 0 0
    outer loop
      vertex 49.25 37.45 3.3999999999999986
      vertex 49.25 67.75 2.3999999999999986
      vertex 49.25 36.25 2.3999999999999986
    endloop
  endfacet
  facet normal -1 0 0
    outer loop
      vertex 49.25 37.45 3.3999999999999986
      vertex 49.25 66.55 3.3999999999999986
      vertex 49.25 67.75 2.3999999999999986
    endloop
  endfacet
  facet normal 0 0 1
    outer loop
      vertex 2.669519819319248 4.456929750740528 2.3999999999999986
      vertex 2.7815813571214676 4.320382371544838 2.3999999999999986
      vertex 4.999898694455624 4.999898694455624 2.3999999999999986
    endloop
  endfacet
  facet normal 0 0 1
    outer loop
      vertex 2.7815813571214676 4.320382371544838 2.3999999999999986
      vertex 3.4537988156080246 3.578704707324505 2.3999999999999986
      vertex 4.999898694455624 4.999898694455624 2.3999999999999986
    endloop
  endfacet
  facet normal 0 0 1
    outer loop
      vertex 0.49315232038497925 8.601731963455677 2.3999999999999986
      vertex 2.2905805706977844 10.068676374852657 2.3999999999999986
      vertex 0.2499338835477829 9.572714388370514 2.3999999999999986
    endloop
  endfacet
  facet normal 0 0 1
    outer loop
      vertex 0.881649449467659 7.490227252244949 2.3999999999999986
      vertex 2.5266368836164474 9.126286759972572 2.3999999999999986
      vertex 0.5444292575120926 8.432694554328918 2.3999999999999986
    endloop
  endfacet
  facet normal 0 0 1
    outer loop
      vertex 1.3772223815321922 6.422154113650322 2.3999999999999986
      vertex 2.8539268895983696 8.211572460830212 2.3999999999999986
      vertex 0.9492480456829071 7.327029816806316 2.3999999999999986
    endloop
  endfacet
  facet normal 0 0 1
    outer loop
      vertex 0.881649449467659 7.490227252244949 2.3999999999999986
      vertex 0.9492480456829071 7.327029816806316 2.3999999999999986
      vertex 2.8539268895983696 8.211572460830212 2.3999999999999986
    endloop
  endfacet
  facet normal 0 0 1
    outer loop
      vertex 0.5444292575120926 8.432694554328918 2.3999999999999986
      vertex 2.5266368836164474 9.126286759972572 2.3999999999999986
      vertex 0.49315232038497925 8.601731963455677 2.3999999999999986
    endloop
  endfacet
  facet normal 0 0 1
    outer loop
      vertex 0.49315232038497925 8.601731963455677 2.3999999999999986
      vertex 2.5266368836164474 9.126286759972572 2.3999999999999986
      vertex 2.2905805706977844 10.068676374852657 2.3999999999999986
    endloop
  endfacet
  facet normal 0 0 1
    outer loop
      vertex 1.9750984534621239 5.407798685133457 2.3999999999999986
      vertex 3.7687516883015633 6.500055655837059 2.3999999999999986
      vertex 1.460491605103016 6.266368344426155 2.3999999999999986
    endloop
  endfacet
  facet normal 0 0 1
    outer loop
      vertex 1.9750984534621239 5.407798685133457 2.3999999999999986
      vertex 2.073236398398876 5.260924875736237 2.3999999999999986
      vertex 4.3474761843681335 5.719736002385616 2.3999999999999986
    endloop
  endfacet
  facet normal 0 0 1
    outer loop
      vertex 2.669519819319248 4.456929750740528 2.3999999999999986
      vertex 4.3474761843681335 5.719736002385616 2.3999999999999986
      vertex 2.073236398398876 5.260924875736237 2.3999999999999986
    endloop
  endfacet
  facet normal 0 0 1
    outer loop
      vertex 1.460491605103016 6.266368344426155 2.3999999999999986
      vertex 3.7687516883015633 6.500055655837059 2.3999999999999986
      vertex 1.3772223815321922 6.422154113650322 2.3999999999999986
    endloop
  endfacet
  facet normal 0 0 1
    outer loop
      vertex 1.3772223815321922 6.422154113650322 2.3999999999999986
      vertex 3.7687516883015633 6.500055655837059 2.3999999999999986
      vertex 3.269298553466797 7.333342872560024 2.3999999999999986
    endloop
  endfacet
  facet normal 0 0 1
    outer loop
      vertex 1.9750984534621239 5.407798685133457 2.3999999999999986
      vertex 4.3474761843681335 5.719736002385616 2.3999999999999986
      vertex 3.7687516883015633 6.500055655837059 2.3999999999999986
    endloop
  endfacet
  facet normal 0 0 1
    outer loop
      vertex 2.669519819319248 4.456929750740528 2.3999999999999986
      vertex 4.999898694455624 4.999898694455624 2.3999999999999986
      vertex 4.3474761843681335 5.719736002385616 2.3999999999999986
    endloop
  endfacet
  facet normal 0 0 1
    outer loop
      vertex 1.3772223815321922 6.422154113650322 2.3999999999999986
      vertex 3.269298553466797 7.333342872560024 2.3999999999999986
      vertex 2.8539268895983696 8.211572460830212 2.3999999999999986
    endloop
  endfacet
  facet normal 0 0 1
    outer loop
      vertex 0.881649449467659 7.490227252244949 2.3999999999999986
      vertex 2.8539268895983696 8.211572460830212 2.3999999999999986
      vertex 2.5266368836164474 9.126286759972572 2.3999999999999986
    endloop
  endfacet
  facet normal 0 0 1
    outer loop
      vertex 3.4537988156080246 3.578704707324505 2.3999999999999986
      vertex 3.578704707324505 3.4537988156080246 2.3999999999999986
      vertex 6.500055655837059 3.7687516883015633 2.3999999999999986
    endloop
  endfacet
  facet normal 0 0 1
    outer loop
      vertex 3.578704707324505 3.4537988156080246 2.3999999999999986
      vertex 4.320382371544838 2.7815813571214676 2.3999999999999986
      vertex 6.500055655837059 3.7687516883015633 2.3999999999999986
    endloop
  endfacet
  facet normal 0 0 1
    outer loop
      vertex 3.4537988156080246 3.578704707324505 2.3999999999999986
      vertex 5.719736002385616 4.3474761843681335 2.3999999999999986
      vertex 4.999898694455624 4.999898694455624 2.3999999999999986
    endloop
  endfacet
  facet normal 0 0 1
    outer loop
      vertex 4.320382371544838 2.7815813571214676 2.3999999999999986
      vertex 4.456929750740528 2.669519819319248 2.3999999999999986
      vertex 8.211572460830212 2.8539268895983696 2.3999999999999986
    endloop
  endfacet
  facet normal 0 0 1
    outer loop
      vertex 5.260924875736237 2.073236398398876 2.3999999999999986
      vertex 8.211572460830212 2.8539268895983696 2.3999999999999986
      vertex 4.456929750740528 2.669519819319248 2.3999999999999986
    endloop
  endfacet
  facet normal 0 0 1
    outer loop
      vertex 4.320382371544838 2.7815813571214676 2.3999999999999986
      vertex 7.333342872560024 3.269298553466797 2.3999999999999986
      vertex 6.500055655837059 3.7687516883015633 2.3999999999999986
    endloop
  endfacet
  facet normal 0 0 1
    outer loop
      vertex 3.4537988156080246 3.578704707324505 2.3999999999999986
      vertex 6.500055655837059 3.7687516883015633 2.3999999999999986
      vertex 5.719736002385616 4.3474761843681335 2.3999999999999986
    endloop
  endfacet
  facet normal 0 0 1
    outer loop
      vertex 5.260924875736237 2.073236398398876 2.3999999999999986
      vertex 5.407798685133457 1.9750984534621239 2.3999999999999986
      vertex 11.029665760695934 2.1480312570929527 2.3999999999999986
    endloop
  endfacet
  facet normal 0 0 1
    outer loop
      vertex 5.407798685133457 1.9750984534621239 2.3999999999999986
      vertex 6.266368344426155 1.460491605103016 2.3999999999999986
      vertex 12.007364645600319 2.0999999940395355 2.3999999999999986
    endloop
  endfacet
  facet normal 0 0 1
    outer loop
      vertex 5.260924875736237 2.073236398398876 2.3999999999999986
      vertex 10.068676374852657 2.2905805706977844 2.3999999999999986
      vertex 9.126286759972572 2.5266368836164474 2.3999999999999986
    endloop
  endfacet
  facet normal 0 0 1
    outer loop
      vertex 4.320382371544838 2.7815813571214676 2.3999999999999986
      vertex 8.211572460830212 2.8539268895983696 2.3999999999999986
      vertex 7.333342872560024 3.269298553466797 2.3999999999999986
    endloop
  endfacet
  facet normal 0 0 1
    outer loop
      vertex 5.260924875736237 2.073236398398876 2.3999999999999986
      vertex 9.126286759972572 2.5266368836164474 2.3999999999999986
      vertex 8.211572460830212 2.8539268895983696 2.3999999999999986
    endloop
  endfacet
  facet normal 0 0 1
    outer loop
      vertex 0.2499338835477829 9.572714388370514 2.3999999999999986
      vertex 2.2905805706977844 10.068676374852657 2.3999999999999986
      vertex 0.21547242254018784 9.745963856577873 2.3999999999999986
    endloop
  endfacet
  facet normal 0 0 1
    outer loop
      vertex 0.06859806925058365 10.73611031472683 2.3999999999999986
      vertex 2.1480312570929527 11.029665760695934 2.3999999999999986
      vertex 0.05128397047519684 10.911903351545334 2.3999999999999986
    endloop
  endfacet
  facet normal 0 0 1
    outer loop
      vertex 0.21547242254018784 9.745963856577873 2.3999999999999986
      vertex 2.1480312570929527 11.029665760695934 2.3999999999999986
      vertex 0.06859806925058365 10.73611031472683 2.3999999999999986
    endloop
  endfacet
  facet normal 0 0 1
    outer loop
      vertex 0.05128397047519684 10.911903351545334 2.3999999999999986
      vertex 2.0999999940395355 12.007364638149738 2.3999999999999986
      vertex 0.0021681785583496094 11.911678180098534 2.3999999999999986
    endloop
  endfacet
  facet normal 0 0 1
    outer loop
      vertex 0.0021681785583496094 11.911678180098534 2.3999999999999986
      vertex 2.0999999940395355 12.007364638149738 2.3999999999999986
      vertex 0 12 2.3999999999999986
    endloop
  endfacet
  facet normal 0 0 1
    outer loop
      vertex 0.21547242254018784 9.745963856577873 2.3999999999999986
      vertex 2.2905805706977844 10.068676374852657 2.3999999999999986
      vertex 2.1480312570929527 11.029665760695934 2.3999999999999986
    endloop
  endfacet
  facet normal 0 0 1
    outer loop
      vertex 0.05128397047519684 10.911903351545334 2.3999999999999986
      vertex 2.1480312570929527 11.029665760695934 2.3999999999999986
      vertex 2.0999999940395355 12.007364638149738 2.3999999999999986
    endloop
  endfacet
  facet normal 0 0 1
    outer loop
      vertex 5.260924875736237 2.073236398398876 2.3999999999999986
      vertex 11.029665760695934 2.1480312570929527 2.3999999999999986
      vertex 10.068676374852657 2.2905805706977844 2.3999999999999986
    endloop
  endfacet
  facet normal 0 0 1
    outer loop
      vertex 5.407798685133457 1.9750984534621239 2.3999999999999986
      vertex 12.007364645600319 2.0999999940395355 2.3999999999999986
      vertex 11.029665760695934 2.1480312570929527 2.3999999999999986
    endloop
  endfacet
  facet normal 0 0 1
    outer loop
      vertex 3.5 12.041732653975487 2.3999999999999986
      vertex 13.75 36.25 2.3999999999999986
      vertex 5.75 36.25 2.3999999999999986
    endloop
  endfacet
  facet normal 0 0 1
    outer loop
      vertex 0 12 2.3999999999999986
      vertex 2.0999999940395355 12.007364638149738 2.3999999999999986
      vertex 0 65.99999999254942 2.3999999999999986
    endloop
  endfacet
  facet normal 0 0 1
    outer loop
      vertex 3.5 12.041732653975487 2.3999999999999986
      vertex 5.75 36.25 2.3999999999999986
      vertex 3.5 65.95826733112335 2.3999999999999986
    endloop
  endfacet
  facet normal -0.8032075327869026 -0.5956993027311486 0
    outer loop
      vertex 2.669519819319248 4.456929750740528 2.3999999999999986
      vertex 2.073236398398876 5.260924875736237 2.3999999999999986
      vertex 2.669519819319248 4.456929750740528 0
    endloop
  endfacet
  facet normal -0.7730104540482348 -0.6343932833283641 0
    outer loop
      vertex 2.669519819319248 4.456929750740528 2.3999999999999986
      vertex 2.7815813571214676 4.320382371544838 0
      vertex 2.7815813571214676 4.320382371544838 2.3999999999999986
    endloop
  endfacet
  facet normal -0.7071067811865476 -0.7071067811865476 0
    outer loop
      vertex 3.4537988156080246 3.578704707324505 2.3999999999999986
      vertex 3.578704707324505 3.4537988156080246 0
      vertex 3.578704707324505 3.4537988156080246 2.3999999999999986
    endloop
  endfacet
  facet normal -0.6715589587936629 -0.740951121777929 0
    outer loop
      vertex 3.578704707324505 3.4537988156080246 2.3999999999999986
      vertex 4.320382371544838 2.7815813571214676 0
      vertex 4.320382371544838 2.7815813571214676 2.3999999999999986
    endloop
  endfacet
  facet normal -0.740951121777929 -0.6715589587936629 0
    outer loop
      vertex 2.7815813571214676 4.320382371544838 2.3999999999999986
      vertex 3.4537988156080246 3.578704707324505 0
      vertex 3.4537988156080246 3.578704707324505 2.3999999999999986
    endloop
  endfacet
  facet normal -0.8314696043848272 -0.5555702448693045 0
    outer loop
      vertex 1.9750984534621239 5.407798685133457 2.3999999999999986
      vertex 2.073236398398876 5.260924875736237 0
      vertex 2.073236398398876 5.260924875736237 2.3999999999999986
    endloop
  endfacet
  facet normal -0.8577286106082385 -0.5141027431788913 0
    outer loop
      vertex 1.9750984534621239 5.407798685133457 2.3999999999999986
      vertex 1.460491605103016 6.266368344426155 2.3999999999999986
      vertex 1.9750984534621239 5.407798685133457 0
    endloop
  endfacet
  facet normal -0.8819212758856856 -0.47139671524117 0
    outer loop
      vertex 1.460491605103016 6.266368344426155 2.3999999999999986
      vertex 1.3772223815321922 6.422154113650322 2.3999999999999986
      vertex 1.460491605103016 6.266368344426155 0
    endloop
  endfacet
  facet normal -0.9039892924683371 -0.42755509481538767 0
    outer loop
      vertex 1.3772223815321922 6.422154113650322 2.3999999999999986
      vertex 0.9492480456829071 7.327029816806316 2.3999999999999986
      vertex 1.3772223815321922 6.422154113650322 0
    endloop
  endfacet
  facet normal -0.9415440654624957 -0.33688985261114 0
    outer loop
      vertex 0.881649449467659 7.490227252244949 2.3999999999999986
      vertex 0.5444292575120926 8.432694554328918 2.3999999999999986
      vertex 0.881649449467659 7.490227252244949 0
    endloop
  endfacet
  facet normal -0.9238795222794672 -0.38268345706688617 0
    outer loop
      vertex 0.881649449467659 7.490227252244949 2.3999999999999986
      vertex 0.9492480456829071 7.327029816806316 0
      vertex 0.9492480456829071 7.327029816806316 2.3999999999999986
    endloop
  endfacet
  facet normal -0.9569403362622706 -0.29028467550708303 0
    outer loop
      vertex 0.5444292575120926 8.432694554328918 2.3999999999999986
      vertex 0.49315232038497925 8.601731963455677 2.3999999999999986
      vertex 0.5444292575120926 8.432694554328918 0
    endloop
  endfacet
  facet normal -0.9700312530012025 -0.24298018067512636 0
    outer loop
      vertex 0.49315232038497925 8.601731963455677 2.3999999999999986
      vertex 0.2499338835477829 9.572714388370514 2.3999999999999986
      vertex 0.49315232038497925 8.601731963455677 0
    endloop
  endfacet
  facet normal -0.9807852813356529 -0.195090317328524 0
    outer loop
      vertex 0.2499338835477829 9.572714388370514 2.3999999999999986
      vertex 0.21547242254018784 9.745963856577873 2.3999999999999986
      vertex 0.2499338835477829 9.572714388370514 0
    endloop
  endfacet
  facet normal -0.5956993027311486 -0.8032075327869026 0
    outer loop
      vertex 5.260924875736237 2.073236398398876 2.3999999999999986
      vertex 4.456929750740528 2.669519819319248 2.3999999999999986
      vertex 5.260924875736237 2.073236398398876 0
    endloop
  endfacet
  facet normal -0.5555702448693045 -0.8314696043848272 0
    outer loop
      vertex 5.260924875736237 2.073236398398876 2.3999999999999986
      vertex 5.407798685133457 1.9750984534621239 0
      vertex 5.407798685133457 1.9750984534621239 2.3999999999999986
    endloop
  endfacet
  facet normal -0.5141027431788913 -0.8577286106082385 0
    outer loop
      vertex 5.407798685133457 1.9750984534621239 2.3999999999999986
      vertex 6.266368344426155 1.460491605103016 0
      vertex 6.266368344426155 1.460491605103016 2.3999999999999986
    endloop
  endfacet
  facet normal -0.6343932833283641 -0.7730104540482348 0
    outer loop
      vertex 4.320382371544838 2.7815813571214676 2.3999999999999986
      vertex 4.456929750740528 2.669519819319248 0
      vertex 4.456929750740528 2.669519819319248 2.3999999999999986
    endloop
  endfacet
  facet normal -0.42755509481538767 -0.9039892924683371 0
    outer loop
      vertex 6.422154113650322 1.3772223815321922 2.3999999999999986
      vertex 7.327029816806316 0.9492480456829071 0
      vertex 7.327029816806316 0.9492480456829071 2.3999999999999986
    endloop
  endfacet
  facet normal -0.47139671524117 -0.8819212758856856 0
    outer loop
      vertex 6.266368344426155 1.460491605103016 2.3999999999999986
      vertex 6.422154113650322 1.3772223815321922 0
      vertex 6.422154113650322 1.3772223815321922 2.3999999999999986
    endloop
  endfacet
  facet normal -0.38268345706688617 -0.9238795222794672 0
    outer loop
      vertex 7.327029816806316 0.9492480456829071 2.3999999999999986
      vertex 7.490227252244949 0.881649449467659 0
      vertex 7.490227252244949 0.881649449467659 2.3999999999999986
    endloop
  endfacet
  facet normal -0.33688985261114 -0.9415440654624957 0
    outer loop
      vertex 7.490227252244949 0.881649449467659 2.3999999999999986
      vertex 8.432694554328918 0.5444292575120926 0
      vertex 8.432694554328918 0.5444292575120926 2.3999999999999986
    endloop
  endfacet
  facet normal -0.989176509875971 -0.14673047505406983 0
    outer loop
      vertex 0.21547242254018784 9.745963856577873 2.3999999999999986
      vertex 0.06859806925058365 10.73611031472683 2.3999999999999986
      vertex 0.21547242254018784 9.745963856577873 0
    endloop
  endfacet
  facet normal -0.9951847289480299 -0.09801711722263733 0
    outer loop
      vertex 0.06859806925058365 10.73611031472683 2.3999999999999986
      vertex 0.05128397047519684 10.911903351545334 2.3999999999999986
      vertex 0.06859806925058365 10.73611031472683 0
    endloop
  endfacet
  facet normal -0.9987954560038848 -0.04906767842472137 0
    outer loop
      vertex 0.05128397047519684 10.911903351545334 2.3999999999999986
      vertex 0.0021681785583496094 11.911678180098534 2.3999999999999986
      vertex 0.05128397047519684 10.911903351545334 0
    endloop
  endfacet
  facet normal -0.9996988188134978 -0.02454122374490237 0
    outer loop
      vertex 0.0021681785583496094 11.911678180098534 2.3999999999999986
      vertex 0 12 2.3999999999999986
      vertex 0.0021681785583496094 11.911678180098534 0
    endloop
  endfacet
  facet normal -0.740951121777929 -0.6715589587936629 0
    outer loop
      vertex 2.7815813571214676 4.320382371544838 2.3999999999999986
      vertex 2.7815813571214676 4.320382371544838 0
      vertex 3.4537988156080246 3.578704707324505 0
    endloop
  endfacet
  facet normal -0.7730104540482348 -0.6343932833283641 0
    outer loop
      vertex 2.669519819319248 4.456929750740528 2.3999999999999986
      vertex 2.669519819319248 4.456929750740528 0
      vertex 2.7815813571214676 4.320382371544838 0
    endloop
  endfacet
  facet normal -0.7071067811865476 -0.7071067811865476 0
    outer loop
      vertex 3.4537988156080246 3.578704707324505 2.3999999999999986
      vertex 3.4537988156080246 3.578704707324505 0
      vertex 3.578704707324505 3.4537988156080246 0
    endloop
  endfacet
  facet normal -0.6715589587936629 -0.740951121777929 0
    outer loop
      vertex 3.578704707324505 3.4537988156080246 2.3999999999999986
      vertex 3.578704707324505 3.4537988156080246 0
      vertex 4.320382371544838 2.7815813571214676 0
    endloop
  endfacet
  facet normal -0.8314696043848272 -0.5555702448693045 0
    outer loop
      vertex 1.9750984534621239 5.407798685133457 2.3999999999999986
      vertex 1.9750984534621239 5.407798685133457 0
      vertex 2.073236398398876 5.260924875736237 0
    endloop
  endfacet
  facet normal -0.8577286106082385 -0.5141027431788913 0
    outer loop
      vertex 1.460491605103016 6.266368344426155 2.3999999999999986
      vertex 1.460491605103016 6.266368344426155 0
      vertex 1.9750984534621239 5.407798685133457 0
    endloop
  endfacet
  facet normal -0.8819212758856856 -0.47139671524117 0
    outer loop
      vertex 1.3772223815321922 6.422154113650322 2.3999999999999986
      vertex 1.3772223815321922 6.422154113650322 0
      vertex 1.460491605103016 6.266368344426155 0
    endloop
  endfacet
  facet normal -0.9039892924683371 -0.42755509481538767 0
    outer loop
      vertex 0.9492480456829071 7.327029816806316 2.3999999999999986
      vertex 0.9492480456829071 7.327029816806316 0
      vertex 1.3772223815321922 6.422154113650322 0
    endloop
  endfacet
  facet normal -0.9238795222794672 -0.38268345706688617 0
    outer loop
      vertex 0.881649449467659 7.490227252244949 2.3999999999999986
      vertex 0.881649449467659 7.490227252244949 0
      vertex 0.9492480456829071 7.327029816806316 0
    endloop
  endfacet
  facet normal -0.9415440654624957 -0.33688985261114 0
    outer loop
      vertex 0.5444292575120926 8.432694554328918 2.3999999999999986
      vertex 0.5444292575120926 8.432694554328918 0
      vertex 0.881649449467659 7.490227252244949 0
    endloop
  endfacet
  facet normal -0.9569403362622706 -0.29028467550708303 0
    outer loop
      vertex 0.49315232038497925 8.601731963455677 2.3999999999999986
      vertex 0.49315232038497925 8.601731963455677 0
      vertex 0.5444292575120926 8.432694554328918 0
    endloop
  endfacet
  facet normal -0.9807852813356529 -0.195090317328524 0
    outer loop
      vertex 0.21547242254018784 9.745963856577873 2.3999999999999986
      vertex 0.21547242254018784 9.745963856577873 0
      vertex 0.2499338835477829 9.572714388370514 0
    endloop
  endfacet
  facet normal -0.9700312530012025 -0.24298018067512636 0
    outer loop
      vertex 0.2499338835477829 9.572714388370514 2.3999999999999986
      vertex 0.2499338835477829 9.572714388370514 0
      vertex 0.49315232038497925 8.601731963455677 0
    endloop
  endfacet
  facet normal -0.8032075327869026 -0.5956993027311486 0
    outer loop
      vertex 2.073236398398876 5.260924875736237 2.3999999999999986
      vertex 2.073236398398876 5.260924875736237 0
      vertex 2.669519819319248 4.456929750740528 0
    endloop
  endfacet
  facet normal -0.5555702448693045 -0.8314696043848272 0
    outer loop
      vertex 5.260924875736237 2.073236398398876 2.3999999999999986
      vertex 5.260924875736237 2.073236398398876 0
      vertex 5.407798685133457 1.9750984534621239 0
    endloop
  endfacet
  facet normal -0.5141027431788913 -0.8577286106082385 0
    outer loop
      vertex 5.407798685133457 1.9750984534621239 2.3999999999999986
      vertex 5.407798685133457 1.9750984534621239 0
      vertex 6.266368344426155 1.460491605103016 0
    endloop
  endfacet
  facet normal -0.6343932833283641 -0.7730104540482348 0
    outer loop
      vertex 4.320382371544838 2.7815813571214676 2.3999999999999986
      vertex 4.320382371544838 2.7815813571214676 0
      vertex 4.456929750740528 2.669519819319248 0
    endloop
  endfacet
  facet normal -0.5956993027311486 -0.8032075327869026 0
    outer loop
      vertex 4.456929750740528 2.669519819319248 2.3999999999999986
      vertex 4.456929750740528 2.669519819319248 0
      vertex 5.260924875736237 2.073236398398876 0
    endloop
  endfacet
  facet normal -0.47139671524117 -0.8819212758856856 0
    outer loop
      vertex 6.266368344426155 1.460491605103016 2.3999999999999986
      vertex 6.266368344426155 1.460491605103016 0
      vertex 6.422154113650322 1.3772223815321922 0
    endloop
  endfacet
  facet normal -0.42755509481538767 -0.9039892924683371 0
    outer loop
      vertex 6.422154113650322 1.3772223815321922 2.3999999999999986
      vertex 6.422154113650322 1.3772223815321922 0
      vertex 7.327029816806316 0.9492480456829071 0
    endloop
  endfacet
  facet normal -0.38268345706688617 -0.9238795222794672 0
    outer loop
      vertex 7.327029816806316 0.9492480456829071 2.3999999999999986
      vertex 7.327029816806316 0.9492480456829071 0
      vertex 7.490227252244949 0.881649449467659 0
    endloop
  endfacet
  facet normal -0.33688985261114 -0.9415440654624957 0
    outer loop
      vertex 7.490227252244949 0.881649449467659 2.3999999999999986
      vertex 7.490227252244949 0.881649449467659 0
      vertex 8.432694554328918 0.5444292575120926 0
    endloop
  endfacet
  facet normal -0.989176509875971 -0.14673047505406983 0
    outer loop
      vertex 0.06859806925058365 10.73611031472683 2.3999999999999986
      vertex 0.06859806925058365 10.73611031472683 0
      vertex 0.21547242254018784 9.745963856577873 0
    endloop
  endfacet
  facet normal -0.9951847289480299 -0.09801711722263733 0
    outer loop
      vertex 0.05128397047519684 10.911903351545334 2.3999999999999986
      vertex 0.05128397047519684 10.911903351545334 0
      vertex 0.06859806925058365 10.73611031472683 0
    endloop
  endfacet
  facet normal -0.9987954560038848 -0.04906767842472137 0
    outer loop
      vertex 0.0021681785583496094 11.911678180098534 2.3999999999999986
      vertex 0.0021681785583496094 11.911678180098534 0
      vertex 0.05128397047519684 10.911903351545334 0
    endloop
  endfacet
  facet normal -0.9996988188134978 -0.02454122374490237 0
    outer loop
      vertex 0 12 2.3999999999999986
      vertex 0 12 0
      vertex 0.0021681785583496094 11.911678180098534 0
    endloop
  endfacet
  facet normal -0.29028467550708303 -0.9569403362622706 0
    outer loop
      vertex 8.432694554328918 0.5444292575120926 2.3999999999999986
      vertex 8.601731963455677 0.49315232038497925 0
      vertex 8.601731963455677 0.49315232038497925 2.3999999999999986
    endloop
  endfacet
  facet normal -0.24298018067512636 -0.9700312530012025 0
    outer loop
      vertex 8.601731963455677 0.49315232038497925 2.3999999999999986
      vertex 9.572714388370514 0.2499338835477829 0
      vertex 9.572714388370514 0.2499338835477829 2.3999999999999986
    endloop
  endfacet
  facet normal -0.195090317328524 -0.9807852813356529 0
    outer loop
      vertex 9.572714388370514 0.2499338835477829 2.3999999999999986
      vertex 9.745963856577873 0.21547242254018784 0
      vertex 9.745963856577873 0.21547242254018784 2.3999999999999986
    endloop
  endfacet
  facet normal -0.14673047505406983 -0.989176509875971 0
    outer loop
      vertex 9.745963856577873 0.21547242254018784 2.3999999999999986
      vertex 10.73611031472683 0.06859806925058365 0
      vertex 10.73611031472683 0.06859806925058365 2.3999999999999986
    endloop
  endfacet
  facet normal -0.09801711722263733 -0.9951847289480299 0
    outer loop
      vertex 10.73611031472683 0.06859806925058365 2.3999999999999986
      vertex 10.911903351545334 0.05128397047519684 0
      vertex 10.911903351545334 0.05128397047519684 2.3999999999999986
    endloop
  endfacet
  facet normal -0.04906767842472137 -0.9987954560038848 0
    outer loop
      vertex 10.911903351545334 0.05128397047519684 2.3999999999999986
      vertex 11.911678180098534 0.0021681785583496094 0
      vertex 11.911678180098534 0.0021681785583496094 2.3999999999999986
    endloop
  endfacet
  facet normal -0.02454122374490237 -0.9996988188134978 0
    outer loop
      vertex 11.911678180098534 0.0021681785583496094 2.3999999999999986
      vertex 12 0 0
      vertex 12 0 2.3999999999999986
    endloop
  endfacet
  facet normal -0.29028467550708303 -0.9569403362622706 0
    outer loop
      vertex 8.432694554328918 0.5444292575120926 2.3999999999999986
      vertex 8.432694554328918 0.5444292575120926 0
      vertex 8.601731963455677 0.49315232038497925 0
    endloop
  endfacet
  facet normal -0.24298018067512636 -0.9700312530012025 0
    outer loop
      vertex 8.601731963455677 0.49315232038497925 2.3999999999999986
      vertex 8.601731963455677 0.49315232038497925 0
      vertex 9.572714388370514 0.2499338835477829 0
    endloop
  endfacet
  facet normal -0.195090317328524 -0.9807852813356529 0
    outer loop
      vertex 9.572714388370514 0.2499338835477829 2.3999999999999986
      vertex 9.572714388370514 0.2499338835477829 0
      vertex 9.745963856577873 0.21547242254018784 0
    endloop
  endfacet
  facet normal -0.14673047505406983 -0.989176509875971 0
    outer loop
      vertex 9.745963856577873 0.21547242254018784 2.3999999999999986
      vertex 9.745963856577873 0.21547242254018784 0
      vertex 10.73611031472683 0.06859806925058365 0
    endloop
  endfacet
  facet normal -0.09801711722263733 -0.9951847289480299 0
    outer loop
      vertex 10.73611031472683 0.06859806925058365 2.3999999999999986
      vertex 10.73611031472683 0.06859806925058365 0
      vertex 10.911903351545334 0.05128397047519684 0
    endloop
  endfacet
  facet normal -0.04906767842472137 -0.9987954560038848 0
    outer loop
      vertex 10.911903351545334 0.05128397047519684 2.3999999999999986
      vertex 10.911903351545334 0.05128397047519684 0
      vertex 11.911678180098534 0.0021681785583496094 0
    endloop
  endfacet
  facet normal -0.02454122374490237 -0.9996988188134978 0
    outer loop
      vertex 11.911678180098534 0.0021681785583496094 2.3999999999999986
      vertex 11.911678180098534 0.0021681785583496094 0
      vertex 12 0 0
    endloop
  endfacet
  facet normal -1 0 0
    outer loop
      vertex 0 12 2.3999999999999986
      vertex 0 65.99999999254942 2.3999999999999986
      vertex 0 12 0
    endloop
  endfacet
  facet normal 0 0 1
    outer loop
      vertex 6.266368344426155 1.460491605103016 2.3999999999999986
      vertex 6.422154113650322 1.3772223815321922 2.3999999999999986
      vertex 53.2 2.0999999940395355 2.3999999999999986
    endloop
  endfacet
  facet normal 0 0 1
    outer loop
      vertex 6.422154113650322 1.3772223815321922 2.3999999999999986
      vertex 7.327029816806316 0.9492480456829071 2.3999999999999986
      vertex 53.2 2.0999999940395355 2.3999999999999986
    endloop
  endfacet
  facet normal 0 0 1
    outer loop
      vertex 7.327029816806316 0.9492480456829071 2.3999999999999986
      vertex 7.490227252244949 0.881649449467659 2.3999999999999986
      vertex 53.2 2.0999999940395355 2.3999999999999986
    endloop
  endfacet
  facet normal 0 0 1
    outer loop
      vertex 7.490227252244949 0.881649449467659 2.3999999999999986
      vertex 8.432694554328918 0.5444292575120926 2.3999999999999986
      vertex 53.2 2.0999999940395355 2.3999999999999986
    endloop
  endfacet
  facet normal 0 0 1
    outer loop
      vertex 8.432694554328918 0.5444292575120926 2.3999999999999986
      vertex 8.601731963455677 0.49315232038497925 2.3999999999999986
      vertex 53.2 2.0999999940395355 2.3999999999999986
    endloop
  endfacet
  facet normal 0 0 1
    outer loop
      vertex 8.601731963455677 0.49315232038497925 2.3999999999999986
      vertex 9.572714388370514 0.2499338835477829 2.3999999999999986
      vertex 53.2 2.0999999940395355 2.3999999999999986
    endloop
  endfacet
  facet normal 0 0 1
    outer loop
      vertex 9.572714388370514 0.2499338835477829 2.3999999999999986
      vertex 9.745963856577873 0.21547242254018784 2.3999999999999986
      vertex 53.2 2.0999999940395355 2.3999999999999986
    endloop
  endfacet
  facet normal 0 0 1
    outer loop
      vertex 9.745963856577873 0.21547242254018784 2.3999999999999986
      vertex 10.73611031472683 0.06859806925058365 2.3999999999999986
      vertex 53.2 2.0999999940395355 2.3999999999999986
    endloop
  endfacet
  facet normal 0 0 1
    outer loop
      vertex 6.266368344426155 1.460491605103016 2.3999999999999986
      vertex 53.2 2.0999999940395355 2.3999999999999986
      vertex 12.007364645600319 2.0999999940395355 2.3999999999999986
    endloop
  endfacet
  facet normal 0 0 1
    outer loop
      vertex 7.994094200432301 4.505477353930473 2.3999999999999986
      vertex 8.747975379228592 4.148918107151985 2.3999999999999986
      vertex 53.2 5.8 2.3999999999999986
    endloop
  endfacet
  facet normal 0 0 1
    outer loop
      vertex 8.747975379228592 4.148918107151985 2.3999999999999986
      vertex 9.53317541629076 3.8679690435528755 2.3999999999999986
      vertex 53.2 5.8 2.3999999999999986
    endloop
  endfacet
  facet normal 0 0 1
    outer loop
      vertex 9.53317541629076 3.8679690435528755 2.3999999999999986
      vertex 10.342132218182087 3.6653359159827232 2.3999999999999986
      vertex 53.2 5.8 2.3999999999999986
    endloop
  endfacet
  facet normal 0 0 1
    outer loop
      vertex 5.99104206264019 5.99104206264019 2.3999999999999986
      vertex 6.608957700431347 5.430995970964432 2.3999999999999986
      vertex 61.06578700989485 7.278792023658752 2.3999999999999986
    endloop
  endfacet
  facet normal 0 0 1
    outer loop
      vertex 5.99104206264019 5.99104206264019 2.3999999999999986
      vertex 61.851081877946854 8.747975379228592 2.3999999999999986
      vertex 5.430995970964432 6.608957700431347 2.3999999999999986
    endloop
  endfacet
  facet normal 0 0 1
    outer loop
      vertex 4.505477353930473 7.994094200432301 2.3999999999999986
      vertex 62.45702983438969 11.16705521196127 2.3999999999999986
      vertex 4.148918107151985 8.747975379228592 2.3999999999999986
    endloop
  endfacet
  facet normal 0 0 1
    outer loop
      vertex 4.934212975203991 7.278792023658752 2.3999999999999986
      vertex 5.430995970964432 6.608957700431347 2.3999999999999986
      vertex 61.851081877946854 8.747975379228592 2.3999999999999986
    endloop
  endfacet
  facet normal 0 0 1
    outer loop
      vertex 4.934212975203991 7.278792023658752 2.3999999999999986
      vertex 62.13203094154596 9.53317541629076 2.3999999999999986
      vertex 4.505477353930473 7.994094200432301 2.3999999999999986
    endloop
  endfacet
  facet normal 0 0 1
    outer loop
      vertex 3.8679690435528755 9.53317541629076 2.3999999999999986
      vertex 4.148918107151985 8.747975379228592 2.3999999999999986
      vertex 62.45702983438969 11.16705521196127 2.3999999999999986
    endloop
  endfacet
  facet normal 0 0 1
    outer loop
      vertex 3.8679690435528755 9.53317541629076 2.3999999999999986
      vertex 62.49999999254942 12.041732653975487 2.3999999999999986
      vertex 3.6653359159827232 10.342132218182087 2.3999999999999986
    endloop
  endfacet
  facet normal 0 0 1
    outer loop
      vertex 3.542970150709152 11.16705521196127 2.3999999999999986
      vertex 62.49999999254942 12.041732653975487 2.3999999999999986
      vertex 3.5 12.041732653975487 2.3999999999999986
    endloop
  endfacet
  facet normal 0 0 1
    outer loop
      vertex 3.6653359159827232 10.342132218182087 2.3999999999999986
      vertex 62.49999999254942 12.041732653975487 2.3999999999999986
      vertex 3.542970150709152 11.16705521196127 2.3999999999999986
    endloop
  endfacet
  facet normal 0 0 1
    outer loop
      vertex 3.5 12.041732653975487 2.3999999999999986
      vertex 31.51507575950825 21.915075759508248 2.3999999999999986
      vertex 31.376678047938253 22.067774103256344 2.3999999999999986
    endloop
  endfacet
  facet normal 0 0 1
    outer loop
      vertex 3.5 12.041732653975487 2.3999999999999986
      vertex 31.376678047938253 22.067774103256344 2.3999999999999986
      vertex 31.253913814164655 22.233302510658834 2.3999999999999986
    endloop
  endfacet
  facet normal 0 0 1
    outer loop
      vertex 3.5 12.041732653975487 2.3999999999999986
      vertex 31.147965344868453 22.410066852665402 2.3999999999999986
      vertex 31.059852981726298 22.59636479203331 2.3999999999999986
    endloop
  endfacet
  facet normal 0 0 1
    outer loop
      vertex 3.5 12.041732653975487 2.3999999999999986
      vertex 31.059852981726298 22.59636479203331 2.3999999999999986
      vertex 30.99042529496236 22.79040217776563 2.3999999999999986
    endloop
  endfacet
  facet normal 0 0 1
    outer loop
      vertex 3.5 12.041732653975487 2.3999999999999986
      vertex 30.940350911153217 22.990310323766128 2.3999999999999986
      vertex 30.910112073988387 23.194164005307922 2.3999999999999986
    endloop
  endfacet
  facet normal 0 0 1
    outer loop
      vertex 3.5 12.041732653975487 2.3999999999999986
      vertex 30.99042529496236 22.79040217776563 2.3999999999999986
      vertex 30.940350911153217 22.990310323766128 2.3999999999999986
    endloop
  endfacet
  facet normal 0 0 1
    outer loop
      vertex 3.5 12.041732653975487 2.3999999999999986
      vertex 31.253913814164655 22.233302510658834 2.3999999999999986
      vertex 31.147965344868453 22.410066852665402 2.3999999999999986
    endloop
  endfacet
  facet normal 0 0 1
    outer loop
      vertex 3.5 12.041732653975487 2.3999999999999986
      vertex 31.667774103256345 21.77667804793825 2.3999999999999986
      vertex 31.51507575950825 21.915075759508248 2.3999999999999986
    endloop
  endfacet
  facet normal 0 0 1
    outer loop
      vertex 3.5 12.041732653975487 2.3999999999999986
      vertex 31.833302510658836 21.653913814164653 2.3999999999999986
      vertex 31.667774103256345 21.77667804793825 2.3999999999999986
    endloop
  endfacet
  facet normal 0 0 1
    outer loop
      vertex 3.5 12.041732653975487 2.3999999999999986
      vertex 32.0100668526654 21.54796534486845 2.3999999999999986
      vertex 31.833302510658836 21.653913814164653 2.3999999999999986
    endloop
  endfacet
  facet normal 0 0 1
    outer loop
      vertex 3.5 12.041732653975487 2.3999999999999986
      vertex 32.196364792033314 21.459852981726296 2.3999999999999986
      vertex 32.0100668526654 21.54796534486845 2.3999999999999986
    endloop
  endfacet
  facet normal 0 0 1
    outer loop
      vertex 3.5 12.041732653975487 2.3999999999999986
      vertex 32.59031032376613 21.340350911153216 2.3999999999999986
      vertex 32.39040217776563 21.39042529496236 2.3999999999999986
    endloop
  endfacet
  facet normal 0 0 1
    outer loop
      vertex 3.5 12.041732653975487 2.3999999999999986
      vertex 32.79416400530792 21.310112073988385 2.3999999999999986
      vertex 32.59031032376613 21.340350911153216 2.3999999999999986
    endloop
  endfacet
  facet normal 0 0 1
    outer loop
      vertex 3.5 12.041732653975487 2.3999999999999986
      vertex 33 21.299999999999997 2.3999999999999986
      vertex 32.79416400530792 21.310112073988385 2.3999999999999986
    endloop
  endfacet
  facet normal 0 0 1
    outer loop
      vertex 3.5 12.041732653975487 2.3999999999999986
      vertex 33.20583599469208 21.310112073988385 2.3999999999999986
      vertex 33 21.299999999999997 2.3999999999999986
    endloop
  endfacet
  facet normal 0 0 1
    outer loop
      vertex 3.5 12.041732653975487 2.3999999999999986
      vertex 33.40968967623387 21.340350911153216 2.3999999999999986
      vertex 33.20583599469208 21.310112073988385 2.3999999999999986
    endloop
  endfacet
  facet normal 0 0 1
    outer loop
      vertex 3.5 12.041732653975487 2.3999999999999986
      vertex 33.60959782223437 21.39042529496236 2.3999999999999986
      vertex 33.40968967623387 21.340350911153216 2.3999999999999986
    endloop
  endfacet
  facet normal 0 0 1
    outer loop
      vertex 3.5 12.041732653975487 2.3999999999999986
      vertex 32.39040217776563 21.39042529496236 2.3999999999999986
      vertex 32.196364792033314 21.459852981726296 2.3999999999999986
    endloop
  endfacet
  facet normal 0 0 1
    outer loop
      vertex 10.73611031472683 0.06859806925058365 2.3999999999999986
      vertex 10.911903351545334 0.05128397047519684 2.3999999999999986
      vertex 53.2 2.0999999940395355 2.3999999999999986
    endloop
  endfacet
  facet normal 0 0 1
    outer loop
      vertex 10.911903351545334 0.05128397047519684 2.3999999999999986
      vertex 11.911678180098534 0.0021681785583496094 2.3999999999999986
      vertex 53.2 2.0999999940395355 2.3999999999999986
    endloop
  endfacet
  facet normal 0 0 1
    outer loop
      vertex 11.911678180098534 0.0021681785583496094 2.3999999999999986
      vertex 12 0 2.3999999999999986
      vertex 53.2 2.0999999940395355 2.3999999999999986
    endloop
  endfacet
  facet normal 0 0 1
    outer loop
      vertex 11.16705521196127 3.542970150709152 2.3999999999999986
      vertex 53.2 5.8 2.3999999999999986
      vertex 10.342132218182087 3.6653359159827232 2.3999999999999986
    endloop
  endfacet
  facet normal 0 0 1
    outer loop
      vertex 11.16705521196127 3.542970150709152 2.3999999999999986
      vertex 12.041732653975487 3.5 2.3999999999999986
      vertex 53.2 5.8 2.3999999999999986
    endloop
  endfacet
  facet normal 0 0 1
    outer loop
      vertex 6.608957700431347 5.430995970964432 2.3999999999999986
      vertex 7.278792023658752 4.934212975203991 2.3999999999999986
      vertex 60.56900401413441 6.608957700431347 2.3999999999999986
    endloop
  endfacet
  facet normal 0 0 1
    outer loop
      vertex 7.994094200432301 4.505477353930473 2.3999999999999986
      vertex 60.56900401413441 6.608957700431347 2.3999999999999986
      vertex 7.278792023658752 4.934212975203991 2.3999999999999986
    endloop
  endfacet
  facet normal 0 0 1
    outer loop
      vertex 3.5 12.041732653975487 2.3999999999999986
      vertex 30.910112073988387 23.194164005307922 2.3999999999999986
      vertex 30.9 23.4 2.3999999999999986
    endloop
  endfacet
  facet normal 0 0 1
    outer loop
      vertex 3.5 12.041732653975487 2.3999999999999986
      vertex 30.9 23.4 2.3999999999999986
      vertex 30.9 30.4 2.3999999999999986
    endloop
  endfacet
  facet normal 0 0 1
    outer loop
      vertex 3.5 12.041732653975487 2.3999999999999986
      vertex 30.9 30.4 2.3999999999999986
      vertex 30.910112073988387 30.605835994692075 2.3999999999999986
    endloop
  endfacet
  facet normal 0 0 1
    outer loop
      vertex 3.5 12.041732653975487 2.3999999999999986
      vertex 30.910112073988387 30.605835994692075 2.3999999999999986
      vertex 30.940350911153217 30.809689676233866 2.3999999999999986
    endloop
  endfacet
  facet normal 0 0 1
    outer loop
      vertex 3.5 12.041732653975487 2.3999999999999986
      vertex 30.940350911153217 30.809689676233866 2.3999999999999986
      vertex 30.99042529496236 31.00959782223437 2.3999999999999986
    endloop
  endfacet
  facet normal 0 0 1
    outer loop
      vertex 3.5 12.041732653975487 2.3999999999999986
      vertex 30.99042529496236 31.00959782223437 2.3999999999999986
      vertex 31.059852981726298 31.203635207966688 2.3999999999999986
    endloop
  endfacet
  facet normal 0 0 1
    outer loop
      vertex 3.5 12.041732653975487 2.3999999999999986
      vertex 31.059852981726298 31.203635207966688 2.3999999999999986
      vertex 31.147965344868453 31.389933147334595 2.3999999999999986
    endloop
  endfacet
  facet normal 0 0 1
    outer loop
      vertex 3.5 12.041732653975487 2.3999999999999986
      vertex 31.147965344868453 31.389933147334595 2.3999999999999986
      vertex 31.253913814164655 31.566697489341163 2.3999999999999986
    endloop
  endfacet
  facet normal 0 0 1
    outer loop
      vertex 3.5 12.041732653975487 2.3999999999999986
      vertex 31.253913814164655 31.566697489341163 2.3999999999999986
      vertex 31.376678047938253 31.732225896743653 2.3999999999999986
    endloop
  endfacet
  facet normal 0 0 1
    outer loop
      vertex 3.5 12.041732653975487 2.3999999999999986
      vertex 31.376678047938253 31.732225896743653 2.3999999999999986
      vertex 31.51507575950825 31.88492424049175 2.3999999999999986
    endloop
  endfacet
  facet normal 0 0 1
    outer loop
      vertex 3.5 12.041732653975487 2.3999999999999986
      vertex 31.51507575950825 31.88492424049175 2.3999999999999986
      vertex 31.667774103256345 32.02332195206175 2.3999999999999986
    endloop
  endfacet
  facet normal 0 0 1
    outer loop
      vertex 3.5 12.041732653975487 2.3999999999999986
      vertex 31.667774103256345 32.02332195206175 2.3999999999999986
      vertex 31.833302510658836 32.146086185835344 2.3999999999999986
    endloop
  endfacet
  facet normal 0 0 1
    outer loop
      vertex 3.5 12.041732653975487 2.3999999999999986
      vertex 33.40968967623387 52.54035091115321 2.3999999999999986
      vertex 13.75 36.25 2.3999999999999986
    endloop
  endfacet
  facet normal 0 0 1
    outer loop
      vertex 3.5 12.041732653975487 2.3999999999999986
      vertex 31.833302510658836 32.146086185835344 2.3999999999999986
      vertex 49.25 67.75 2.3999999999999986
    endloop
  endfacet
  facet normal 0 0 -1
    outer loop
      vertex 3.4537988156080246 3.578704707324505 0
      vertex 53.2 0 0
      vertex 3.578704707324505 3.4537988156080246 0
    endloop
  endfacet
  facet normal 0 0 -1
    outer loop
      vertex 3.578704707324505 3.4537988156080246 0
      vertex 53.2 0 0
      vertex 4.320382371544838 2.7815813571214676 0
    endloop
  endfacet
  facet normal 0 0 -1
    outer loop
      vertex 2.669519819319248 4.456929750740528 0
      vertex 53.2 0 0
      vertex 2.7815813571214676 4.320382371544838 0
    endloop
  endfacet
  facet normal 0 0 -1
    outer loop
      vertex 2.7815813571214676 4.320382371544838 0
      vertex 53.2 0 0
      vertex 3.4537988156080246 3.578704707324505 0
    endloop
  endfacet
  facet normal 0 0 -1
    outer loop
      vertex 5.407798685133457 1.9750984534621239 0
      vertex 53.2 0 0
      vertex 6.266368344426155 1.460491605103016 0
    endloop
  endfacet
  facet normal 0 0 -1
    outer loop
      vertex 4.320382371544838 2.7815813571214676 0
      vertex 53.2 0 0
      vertex 4.456929750740528 2.669519819319248 0
    endloop
  endfacet
  facet normal 0 0 -1
    outer loop
      vertex 5.260924875736237 2.073236398398876 0
      vertex 4.456929750740528 2.669519819319248 0
      vertex 53.2 0 0
    endloop
  endfacet
  facet normal 0 0 -1
    outer loop
      vertex 5.260924875736237 2.073236398398876 0
      vertex 53.2 0 0
      vertex 5.407798685133457 1.9750984534621239 0
    endloop
  endfacet
  facet normal 0 0 -1
    outer loop
      vertex 6.266368344426155 1.460491605103016 0
      vertex 53.2 0 0
      vertex 6.422154113650322 1.3772223815321922 0
    endloop
  endfacet
  facet normal 0 0 -1
    outer loop
      vertex 6.422154113650322 1.3772223815321922 0
      vertex 53.2 0 0
      vertex 7.327029816806316 0.9492480456829071 0
    endloop
  endfacet
  facet normal 0 0 -1
    outer loop
      vertex 7.327029816806316 0.9492480456829071 0
      vertex 53.2 0 0
      vertex 7.490227252244949 0.881649449467659 0
    endloop
  endfacet
  facet normal 0 0 -1
    outer loop
      vertex 7.490227252244949 0.881649449467659 0
      vertex 53.2 0 0
      vertex 8.432694554328918 0.5444292575120926 0
    endloop
  endfacet
  facet normal 0 0 -1
    outer loop
      vertex 8.432694554328918 0.5444292575120926 0
      vertex 53.2 0 0
      vertex 8.601731963455677 0.49315232038497925 0
    endloop
  endfacet
  facet normal 0 0 -1
    outer loop
      vertex 8.601731963455677 0.49315232038497925 0
      vertex 53.2 0 0
      vertex 9.572714388370514 0.2499338835477829 0
    endloop
  endfacet
  facet normal 0 0 -1
    outer loop
      vertex 9.572714388370514 0.2499338835477829 0
      vertex 53.2 0 0
      vertex 9.745963856577873 0.21547242254018784 0
    endloop
  endfacet
  facet normal 0 0 -1
    outer loop
      vertex 9.745963856577873 0.21547242254018784 0
      vertex 53.2 0 0
      vertex 10.73611031472683 0.06859806925058365 0
    endloop
  endfacet
  facet normal 0 0 -1
    outer loop
      vertex 1.460491605103016 6.266368344426155 0
      vertex 1.3772223815321922 6.422154113650322 0
      vertex 65.11835054308176 7.490227252244949 0
    endloop
  endfacet
  facet normal 0 0 -1
    outer loop
      vertex 1.3772223815321922 6.422154113650322 0
      vertex 0.9492480456829071 7.327029816806316 0
      vertex 65.45557073503733 8.432694554328918 0
    endloop
  endfacet
  facet normal 0 0 -1
    outer loop
      vertex 0.881649449467659 7.490227252244949 0
      vertex 65.50684767216444 8.601731963455677 0
      vertex 0.9492480456829071 7.327029816806316 0
    endloop
  endfacet
  facet normal 0 0 -1
    outer loop
      vertex 0.881649449467659 7.490227252244949 0
      vertex 0.5444292575120926 8.432694554328918 0
      vertex 65.75006610900164 9.572714388370514 0
    endloop
  endfacet
  facet normal 0 0 -1
    outer loop
      vertex 0.5444292575120926 8.432694554328918 0
      vertex 0.49315232038497925 8.601731963455677 0
      vertex 65.78452757000923 9.745963856577873 0
    endloop
  endfacet
  facet normal 0 0 -1
    outer loop
      vertex 0.49315232038497925 8.601731963455677 0
      vertex 0.2499338835477829 9.572714388370514 0
      vertex 65.93140192329884 10.73611031472683 0
    endloop
  endfacet
  facet normal 0 0 -1
    outer loop
      vertex 2.669519819319248 4.456929750740528 0
      vertex 2.073236398398876 5.260924875736237 0
      vertex 64.5395083874464 6.266368344426155 0
    endloop
  endfacet
  facet normal 0 0 -1
    outer loop
      vertex 1.9750984534621239 5.407798685133457 0
      vertex 64.62277761101723 6.422154113650322 0
      vertex 2.073236398398876 5.260924875736237 0
    endloop
  endfacet
  facet normal 0 0 -1
    outer loop
      vertex 1.9750984534621239 5.407798685133457 0
      vertex 1.460491605103016 6.266368344426155 0
      vertex 65.05075194686651 7.327029816806316 0
    endloop
  endfacet
  facet normal 0 0 -1
    outer loop
      vertex 0.05128397047519684 10.911903351545334 0
      vertex 30.303828542304508 20.114705573208365 0
      vertex 30.638826509666693 19.86625414771418 0
    endloop
  endfacet
  facet normal 0 0 -1
    outer loop
      vertex 0.05128397047519684 10.911903351545334 0
      vertex 30.638826509666693 19.86625414771418 0
      vertex 30.770742160732606 19.787186949273636 0
    endloop
  endfacet
  facet normal 0 0 -1
    outer loop
      vertex 0.05128397047519684 10.911903351545334 0
      vertex 30.770742160732606 19.787186949273636 0
      vertex 30.99656386848951 19.651834626519488 0
    endloop
  endfacet
  facet normal 0 0 -1
    outer loop
      vertex 0.05128397047519684 10.911903351545334 0
      vertex 29.25183462651949 21.39656386848951 0
      vertex 29.46625414771418 21.03882650966669 0
    endloop
  endfacet
  facet normal 0 0 -1
    outer loop
      vertex 0.05128397047519684 10.911903351545334 0
      vertex 29.073511986827032 21.773595412448365 0
      vertex 29.25183462651949 21.39656386848951 0
    endloop
  endfacet
  facet normal 0 0 -1
    outer loop
      vertex 0.05128397047519684 10.911903351545334 0
      vertex 28.83166255828627 22.570866131431455 0
      vertex 28.933003573138112 22.166290121668535 0
    endloop
  endfacet
  facet normal 0 0 -1
    outer loop
      vertex 0.05128397047519684 10.911903351545334 0
      vertex 28.770464911643163 22.983427153599365 0
      vertex 28.83166255828627 22.570866131431455 0
    endloop
  endfacet
  facet normal 0 0 -1
    outer loop
      vertex 0.05128397047519684 10.911903351545334 0
      vertex 28.933003573138112 22.166290121668535 0
      vertex 29.073511986827032 21.773595412448365 0
    endloop
  endfacet
  facet normal 0 0 -1
    outer loop
      vertex 0.05128397047519684 10.911903351545334 0
      vertex 28.75 23.4 0
      vertex 28.770464911643163 22.983427153599365 0
    endloop
  endfacet
  facet normal 0 0 -1
    outer loop
      vertex 0.05128397047519684 10.911903351545334 0
      vertex 29.46625414771418 21.03882650966669 0
      vertex 29.714705573208366 20.703828542304507 0
    endloop
  endfacet
  facet normal 0 0 -1
    outer loop
      vertex 0.05128397047519684 10.911903351545334 0
      vertex 29.714705573208366 20.703828542304507 0
      vertex 29.994796179957174 20.394796179957172 0
    endloop
  endfacet
  facet normal 0 0 -1
    outer loop
      vertex 0.05128397047519684 10.911903351545334 0
      vertex 29.994796179957174 20.394796179957172 0
      vertex 30.18987285868893 20.21798898444699 0
    endloop
  endfacet
  facet normal 0 0 -1
    outer loop
      vertex 0.05128397047519684 10.911903351545334 0
      vertex 30.18987285868893 20.21798898444699 0
      vertex 30.303828542304508 20.114705573208365 0
    endloop
  endfacet
  facet normal 0 0 -1
    outer loop
      vertex 0.2499338835477829 9.572714388370514 0
      vertex 0.21547242254018784 9.745963856577873 0
      vertex 65.94871602207422 10.911903351545334 0
    endloop
  endfacet
  facet normal 0 0 -1
    outer loop
      vertex 0.21547242254018784 9.745963856577873 0
      vertex 0.06859806925058365 10.73611031472683 0
      vertex 65.99783181399107 11.911678180098534 0
    endloop
  endfacet
  facet normal 0 0 -1
    outer loop
      vertex 0.06859806925058365 10.73611031472683 0
      vertex 0.05128397047519684 10.911903351545334 0
      vertex 65.99999999254942 12 0
    endloop
  endfacet
  facet normal 0 0 -1
    outer loop
      vertex 0.05128397047519684 10.911903351545334 0
      vertex 30.99656386848951 19.651834626519488 0
      vertex 31.373595412448367 19.47351198682703 0
    endloop
  endfacet
  facet normal 0 0 -1
    outer loop
      vertex 0.05128397047519684 10.911903351545334 0
      vertex 31.373595412448367 19.47351198682703 0
      vertex 31.766290121668536 19.33300357313811 0
    endloop
  endfacet
  facet normal 0 0 -1
    outer loop
      vertex 0.05128397047519684 10.911903351545334 0
      vertex 32.17086613143145 19.231662558286267 0
      vertex 32.58342715359937 19.170464911643162 0
    endloop
  endfacet
  facet normal 0 0 -1
    outer loop
      vertex 0.05128397047519684 10.911903351545334 0
      vertex 31.766290121668536 19.33300357313811 0
      vertex 32.17086613143145 19.231662558286267 0
    endloop
  endfacet
  facet normal 0 0 -1
    outer loop
      vertex 0.05128397047519684 10.911903351545334 0
      vertex 32.58342715359937 19.170464911643162 0
      vertex 33 19.15 0
    endloop
  endfacet
  facet normal 0 0 -1
    outer loop
      vertex 0.05128397047519684 10.911903351545334 0
      vertex 33 19.15 0
      vertex 33.41657284640063 19.170464911643162 0
    endloop
  endfacet
  facet normal 0 0 -1
    outer loop
      vertex 0.05128397047519684 10.911903351545334 0
      vertex 33.41657284640063 19.170464911643162 0
      vertex 33.82913386856855 19.231662558286267 0
    endloop
  endfacet
  facet normal 0 -1 0
    outer loop
      vertex 12 0 2.3999999999999986
      vertex 12 0 0
      vertex 53.2 0 2.3999999999999986
    endloop
  endfacet
  facet normal 0 0 -1
    outer loop
      vertex 10.73611031472683 0.06859806925058365 0
      vertex 53.2 0 0
      vertex 10.911903351545334 0.05128397047519684 0
    endloop
  endfacet
  facet normal 0 0 -1
    outer loop
      vertex 10.911903351545334 0.05128397047519684 0
      vertex 53.2 0 0
      vertex 11.911678180098534 0.0021681785583496094 0
    endloop
  endfacet
  facet normal 0 0 -1
    outer loop
      vertex 11.911678180098534 0.0021681785583496094 0
      vertex 53.2 0 0
      vertex 12 0 0
    endloop
  endfacet
  facet normal 0 0 -1
    outer loop
      vertex 0.05128397047519684 10.911903351545334 0
      vertex 28.75 30.4 0
      vertex 28.75 23.4 0
    endloop
  endfacet
  facet normal 0 0 -1
    outer loop
      vertex 0.05128397047519684 10.911903351545334 0
      vertex 28.770464911643163 30.816572846400632 0
      vertex 28.75 30.4 0
    endloop
  endfacet
  facet normal 0 0 -1
    outer loop
      vertex 0.05128397047519684 10.911903351545334 0
      vertex 28.83166255828627 31.229133868568542 0
      vertex 28.770464911643163 30.816572846400632 0
    endloop
  endfacet
  facet normal 0 0 -1
    outer loop
      vertex 0.05128397047519684 10.911903351545334 0
      vertex 28.933003573138112 31.633709878331466 0
      vertex 28.83166255828627 31.229133868568542 0
    endloop
  endfacet
  facet normal 0 0 -1
    outer loop
      vertex 0.05128397047519684 10.911903351545334 0
      vertex 29.073511986827032 32.02640458755163 0
      vertex 28.933003573138112 31.633709878331466 0
    endloop
  endfacet
  facet normal 0 0 -1
    outer loop
      vertex 0.05128397047519684 10.911903351545334 0
      vertex 29.25183462651949 32.40343613151049 0
      vertex 29.073511986827032 32.02640458755163 0
    endloop
  endfacet
  facet normal 0 0 -1
    outer loop
      vertex 0.05128397047519684 10.911903351545334 0
      vertex 29.46625414771418 32.761173490333306 0
      vertex 29.25183462651949 32.40343613151049 0
    endloop
  endfacet
  facet normal 0 0 -1
    outer loop
      vertex 0.05128397047519684 10.911903351545334 0
      vertex 29.714705573208366 33.09617145769549 0
      vertex 29.46625414771418 32.761173490333306 0
    endloop
  endfacet
  facet normal 0 0 -1
    outer loop
      vertex 0.05128397047519684 10.911903351545334 0
      vertex 29.994796179957174 33.40520382004283 0
      vertex 29.714705573208366 33.09617145769549 0
    endloop
  endfacet
  facet normal 0 0 -1
    outer loop
      vertex 0.05128397047519684 10.911903351545334 0
      vertex 30.303828542304508 33.68529442679163 0
      vertex 29.994796179957174 33.40520382004283 0
    endloop
  endfacet
  facet normal 0 0 -1
    outer loop
      vertex 0 12 0
      vertex 29.25183462651949 52.596563868489504 0
      vertex 29.46625414771418 52.23882650966669 0
    endloop
  endfacet
  facet normal 0 0 -1
    outer loop
      vertex 0 12 0
      vertex 29.994796179957174 51.594796179957164 0
      vertex 30.18987285868893 51.417988984446986 0
    endloop
  endfacet
  facet normal 0 0 -1
    outer loop
      vertex 0 12 0
      vertex 29.46625414771418 52.23882650966669 0
      vertex 29.714705573208366 51.9038285423045 0
    endloop
  endfacet
  facet normal 0 0 -1
    outer loop
      vertex 0 12 0
      vertex 29.714705573208366 51.9038285423045 0
      vertex 29.994796179957174 51.594796179957164 0
    endloop
  endfacet
  facet normal 0 0 -1
    outer loop
      vertex 0 12 0
      vertex 30.18987285868893 51.417988984446986 0
      vertex 30.303828542304508 51.314705573208364 0
    endloop
  endfacet
  facet normal 0 0 -1
    outer loop
      vertex 0 12 0
      vertex 30.303828542304508 51.314705573208364 0
      vertex 30.638826509666693 51.066254147714176 0
    endloop
  endfacet
  facet normal 0 0 -1
    outer loop
      vertex 0 12 0
      vertex 30.638826509666693 51.066254147714176 0
      vertex 30.770742160732606 50.987186949273635 0
    endloop
  endfacet
  facet normal 0 0 -1
    outer loop
      vertex 0 12 0
      vertex 30.770742160732606 50.987186949273635 0
      vertex 30.99656386848951 50.851834626519484 0
    endloop
  endfacet
  facet normal 0 0 -1
    outer loop
      vertex 0.05128397047519684 10.911903351545334 0
      vertex 0.0021681785583496094 11.911678180098534 0
      vertex 65.99999999254942 65.99999999254942 0
    endloop
  endfacet
  facet normal 0 0 -1
    outer loop
      vertex 0.0021681785583496094 11.911678180098534 0
      vertex 0 12 0
      vertex 65.99783181399107 66.08832181245089 0
    endloop
  endfacet
  facet normal 0 0 -1
    outer loop
      vertex 0 12 0
      vertex 31.373595412448367 50.67351198682702 0
      vertex 31.766290121668536 50.5330035731381 0
    endloop
  endfacet
  facet normal 0 0 -1
    outer loop
      vertex 0 12 0
      vertex 31.766290121668536 50.5330035731381 0
      vertex 32.17086613143145 50.43166255828626 0
    endloop
  endfacet
  facet normal 0 0 -1
    outer loop
      vertex 0 12 0
      vertex 32.17086613143145 50.43166255828626 0
      vertex 32.58342715359937 50.370464911643154 0
    endloop
  endfacet
  facet normal 0 0 -1
    outer loop
      vertex 0 12 0
      vertex 30.99656386848951 50.851834626519484 0
      vertex 31.373595412448367 50.67351198682702 0
    endloop
  endfacet
  facet normal 0 0 -1
    outer loop
      vertex 0 12 0
      vertex 32.58342715359937 50.370464911643154 0
      vertex 33 50.349999999999994 0
    endloop
  endfacet
  facet normal 0 0 -1
    outer loop
      vertex 0 12 0
      vertex 33 50.349999999999994 0
      vertex 33.41657284640063 50.370464911643154 0
    endloop
  endfacet
  facet normal 0 0 -1
    outer loop
      vertex 0 12 0
      vertex 33.41657284640063 50.370464911643154 0
      vertex 33.82913386856855 50.43166255828626 0
    endloop
  endfacet
  facet normal 0 0 -1
    outer loop
      vertex 0 12 0
      vertex 33.82913386856855 50.43166255828626 0
      vertex 34.23370987833147 50.5330035731381 0
    endloop
  endfacet
  facet normal 0 0 -1
    outer loop
      vertex 0 12 0
      vertex 34.23370987833147 50.5330035731381 0
      vertex 34.62640458755163 50.67351198682702 0
    endloop
  endfacet
  facet normal 0 0 -1
    outer loop
      vertex 0 12 0
      vertex 34.62640458755163 50.67351198682702 0
      vertex 35.00343613151049 50.851834626519484 0
    endloop
  endfacet
  facet normal 0 0 -1
    outer loop
      vertex 0.05128397047519684 10.911903351545334 0
      vertex 65.99999999254942 65.99999999254942 0
      vertex 30.303828542304508 33.68529442679163 0
    endloop
  endfacet
  facet normal 0 0 1
    outer loop
      vertex 2.0999999940395355 12.007364638149738 2.3999999999999986
      vertex 2.0999999940395355 65.9926353469491 2.3999999999999986
      vertex 0 65.99999999254942 2.3999999999999986
    endloop
  endfacet
  facet normal 0 0 1
    outer loop
      vertex 5.75 36.25 2.3999999999999986
      vertex 5.75 67.75 2.3999999999999986
      vertex 3.5 65.95826733112335 2.3999999999999986
    endloop
  endfacet
  facet normal 0 0 1
    outer loop
      vertex 0 65.99999999254942 2.3999999999999986
      vertex 2.1480312570929527 66.9703342244029 2.3999999999999986
      vertex 0.0021681785583496094 66.08832181245089 2.3999999999999986
    endloop
  endfacet
  facet normal 0 0 1
    outer loop
      vertex 0.0021681785583496094 66.08832181245089 2.3999999999999986
      vertex 2.1480312570929527 66.9703342244029 2.3999999999999986
      vertex 0.05128397047519684 67.08809664100409 2.3999999999999986
    endloop
  endfacet
  facet normal 0 0 1
    outer loop
      vertex 0.05128397047519684 67.08809664100409 2.3999999999999986
      vertex 2.2905805706977844 67.93132361024618 2.3999999999999986
      vertex 0.06859806925058365 67.26388967782259 2.3999999999999986
    endloop
  endfacet
  facet normal 0 0 1
    outer loop
      vertex 0.06859806925058365 67.26388967782259 2.3999999999999986
      vertex 2.2905805706977844 67.93132361024618 2.3999999999999986
      vertex 0.21547242254018784 68.25403613597155 2.3999999999999986
    endloop
  endfacet
  facet normal 0 0 1
    outer loop
      vertex 0 65.99999999254942 2.3999999999999986
      vertex 2.0999999940395355 65.9926353469491 2.3999999999999986
      vertex 2.1480312570929527 66.9703342244029 2.3999999999999986
    endloop
  endfacet
  facet normal 0 0 1
    outer loop
      vertex 0.05128397047519684 67.08809664100409 2.3999999999999986
      vertex 2.1480312570929527 66.9703342244029 2.3999999999999986
      vertex 2.2905805706977844 67.93132361024618 2.3999999999999986
    endloop
  endfacet
  facet normal 0 0 1
    outer loop
      vertex 3.5 65.95826733112335 2.3999999999999986
      vertex 5.75 67.75 2.3999999999999986
      vertex 3.542970150709152 66.83294477313757 2.3999999999999986
    endloop
  endfacet
  facet normal 0 0 1
    outer loop
      vertex 3.542970150709152 66.83294477313757 2.3999999999999986
      vertex 5.75 67.75 2.3999999999999986
      vertex 3.6653359159827232 67.65786776691675 2.3999999999999986
    endloop
  endfacet
  facet normal 0 0 1
    outer loop
      vertex 3.6653359159827232 67.65786776691675 2.3999999999999986
      vertex 5.75 67.75 2.3999999999999986
      vertex 3.8679690435528755 68.46682456880808 2.3999999999999986
    endloop
  endfacet
  facet normal 0 0 1
    outer loop
      vertex 0.21547242254018784 68.25403613597155 2.3999999999999986
      vertex 2.5266368836164474 68.87371322512627 2.3999999999999986
      vertex 0.2499338835477829 68.4272856041789 2.3999999999999986
    endloop
  endfacet
  facet normal 0 0 1
    outer loop
      vertex 0.2499338835477829 68.4272856041789 2.3999999999999986
      vertex 2.5266368836164474 68.87371322512627 2.3999999999999986
      vertex 0.49315232038497925 69.39826802909374 2.3999999999999986
    endloop
  endfacet
  facet normal 0 0 1
    outer loop
      vertex 2.2905805706977844 67.93132361024618 2.3999999999999986
      vertex 2.5266368836164474 68.87371322512627 2.3999999999999986
      vertex 0.21547242254018784 68.25403613597155 2.3999999999999986
    endloop
  endfacet
  facet normal 0 0 1
    outer loop
      vertex 0.49315232038497925 69.39826802909374 2.3999999999999986
      vertex 2.5266368836164474 68.87371322512627 2.3999999999999986
      vertex 2.8539268895983696 69.78842752426863 2.3999999999999986
    endloop
  endfacet
  facet normal 0 0 1
    outer loop
      vertex 0.49315232038497925 69.39826802909374 2.3999999999999986
      vertex 2.8539268895983696 69.78842752426863 2.3999999999999986
      vertex 0.5444292575120926 69.5673054382205 2.3999999999999986
    endloop
  endfacet
  facet normal 0 0 1
    outer loop
      vertex 0.5444292575120926 69.5673054382205 2.3999999999999986
      vertex 2.8539268895983696 69.78842752426863 2.3999999999999986
      vertex 0.881649449467659 70.50977274030447 2.3999999999999986
    endloop
  endfacet
  facet normal 0 0 1
    outer loop
      vertex 0.881649449467659 70.50977274030447 2.3999999999999986
      vertex 3.269298553466797 70.66665711253881 2.3999999999999986
      vertex 0.9492480456829071 70.6729701757431 2.3999999999999986
    endloop
  endfacet
  facet normal 0 0 1
    outer loop
      vertex 0.9492480456829071 70.6729701757431 2.3999999999999986
      vertex 3.7687516883015633 71.49994432926178 2.3999999999999986
      vertex 1.3772223815321922 71.5778458788991 2.3999999999999986
    endloop
  endfacet
  facet normal 0 0 1
    outer loop
      vertex 0.881649449467659 70.50977274030447 2.3999999999999986
      vertex 2.8539268895983696 69.78842752426863 2.3999999999999986
      vertex 3.269298553466797 70.66665711253881 2.3999999999999986
    endloop
  endfacet
  facet normal 0 0 1
    outer loop
      vertex 1.3772223815321922 71.5778458788991 2.3999999999999986
      vertex 4.3474761843681335 72.28026398271322 2.3999999999999986
      vertex 1.460491605103016 71.73363164812326 2.3999999999999986
    endloop
  endfacet
  facet normal 0 0 1
    outer loop
      vertex 0.9492480456829071 70.6729701757431 2.3999999999999986
      vertex 3.269298553466797 70.66665711253881 2.3999999999999986
      vertex 3.7687516883015633 71.49994432926178 2.3999999999999986
    endloop
  endfacet
  facet normal 0 0 1
    outer loop
      vertex 1.460491605103016 71.73363164812326 2.3999999999999986
      vertex 4.3474761843681335 72.28026398271322 2.3999999999999986
      vertex 1.9750984534621239 72.59220130741596 2.3999999999999986
    endloop
  endfacet
  facet normal 0 0 1
    outer loop
      vertex 1.9750984534621239 72.59220130741596 2.3999999999999986
      vertex 4.999898694455624 73.00010129064322 2.3999999999999986
      vertex 2.073236398398876 72.73907511681318 2.3999999999999986
    endloop
  endfacet
  facet normal 0 0 1
    outer loop
      vertex 1.3772223815321922 71.5778458788991 2.3999999999999986
      vertex 3.7687516883015633 71.49994432926178 2.3999999999999986
      vertex 4.3474761843681335 72.28026398271322 2.3999999999999986
    endloop
  endfacet
  facet normal 0 0 1
    outer loop
      vertex 2.073236398398876 72.73907511681318 2.3999999999999986
      vertex 4.999898694455624 73.00010129064322 2.3999999999999986
      vertex 2.669519819319248 73.54307024180889 2.3999999999999986
    endloop
  endfacet
  facet normal 0 0 1
    outer loop
      vertex 1.9750984534621239 72.59220130741596 2.3999999999999986
      vertex 4.3474761843681335 72.28026398271322 2.3999999999999986
      vertex 4.999898694455624 73.00010129064322 2.3999999999999986
    endloop
  endfacet
  facet normal 0 0 1
    outer loop
      vertex 2.669519819319248 73.54307024180889 2.3999999999999986
      vertex 5.719736002385616 73.6525238007307 2.3999999999999986
      vertex 2.7815813571214676 73.67961762100458 2.3999999999999986
    endloop
  endfacet
  facet normal 0 0 1
    outer loop
      vertex 2.669519819319248 73.54307024180889 2.3999999999999986
      vertex 4.999898694455624 73.00010129064322 2.3999999999999986
      vertex 5.719736002385616 73.6525238007307 2.3999999999999986
    endloop
  endfacet
  facet normal 0 0 1
    outer loop
      vertex 2.7815813571214676 73.67961762100458 2.3999999999999986
      vertex 6.500055655837059 74.23124829679728 2.3999999999999986
      vertex 3.4537988156080246 74.42129528522491 2.3999999999999986
    endloop
  endfacet
  facet normal 0 0 1
    outer loop
      vertex 2.7815813571214676 73.67961762100458 2.3999999999999986
      vertex 5.719736002385616 73.6525238007307 2.3999999999999986
      vertex 6.500055655837059 74.23124829679728 2.3999999999999986
    endloop
  endfacet
  facet normal 0 0 1
    outer loop
      vertex 3.4537988156080246 74.42129528522491 2.3999999999999986
      vertex 7.333342872560024 74.73070143163204 2.3999999999999986
      vertex 3.578704707324505 74.5462011769414 2.3999999999999986
    endloop
  endfacet
  facet normal 0 0 1
    outer loop
      vertex 3.578704707324505 74.5462011769414 2.3999999999999986
      vertex 7.333342872560024 74.73070143163204 2.3999999999999986
      vertex 4.320382371544838 75.21841863542795 2.3999999999999986
    endloop
  endfacet
  facet normal 0 0 1
    outer loop
      vertex 3.4537988156080246 74.42129528522491 2.3999999999999986
      vertex 6.500055655837059 74.23124829679728 2.3999999999999986
      vertex 7.333342872560024 74.73070143163204 2.3999999999999986
    endloop
  endfacet
  facet normal 0 0 1
    outer loop
      vertex 4.320382371544838 75.21841863542795 2.3999999999999986
      vertex 9.126286759972572 75.47336310148239 2.3999999999999986
      vertex 4.456929750740528 75.33048017323017 2.3999999999999986
    endloop
  endfacet
  facet normal 0 0 1
    outer loop
      vertex 4.320382371544838 75.21841863542795 2.3999999999999986
      vertex 7.333342872560024 74.73070143163204 2.3999999999999986
      vertex 8.211572460830212 75.14607309550047 2.3999999999999986
    endloop
  endfacet
  facet normal 0 0 1
    outer loop
      vertex 4.320382371544838 75.21841863542795 2.3999999999999986
      vertex 8.211572460830212 75.14607309550047 2.3999999999999986
      vertex 9.126286759972572 75.47336310148239 2.3999999999999986
    endloop
  endfacet
  facet normal 0 0 1
    outer loop
      vertex 4.456929750740528 75.33048017323017 2.3999999999999986
      vertex 9.126286759972572 75.47336310148239 2.3999999999999986
      vertex 5.260924875736237 75.92676359415054 2.3999999999999986
    endloop
  endfacet
  facet normal 0 0 1
    outer loop
      vertex 5.260924875736237 75.92676359415054 2.3999999999999986
      vertex 9.126286759972572 75.47336310148239 2.3999999999999986
      vertex 10.068676374852657 75.70941941440105 2.3999999999999986
    endloop
  endfacet
  facet normal 0 0 1
    outer loop
      vertex 7.994094200432301 73.49452263116837 2.3999999999999986
      vertex 12.041732653975487 74.49999999254942 2.3999999999999986
      vertex 8.747975379228592 73.85108187794685 2.3999999999999986
    endloop
  endfacet
  facet normal 0 0 1
    outer loop
      vertex 8.747975379228592 73.85108187794685 2.3999999999999986
      vertex 12.041732653975487 74.49999999254942 2.3999999999999986
      vertex 9.53317541629076 74.13203094154596 2.3999999999999986
    endloop
  endfacet
  facet normal 0 0 1
    outer loop
      vertex 5.260924875736237 75.92676359415054 2.3999999999999986
      vertex 10.068676374852657 75.70941941440105 2.3999999999999986
      vertex 11.029665760695934 75.85196872800589 2.3999999999999986
    endloop
  endfacet
  facet normal 0 0 1
    outer loop
      vertex 5.260924875736237 75.92676359415054 2.3999999999999986
      vertex 11.029665760695934 75.85196872800589 2.3999999999999986
      vertex 12.007364645600319 75.89999999850988 2.3999999999999986
    endloop
  endfacet
  facet normal 0 0 1
    outer loop
      vertex 9.53317541629076 74.13203094154596 2.3999999999999986
      vertex 12.041732653975487 74.49999999254942 2.3999999999999986
      vertex 10.342132218182087 74.33466406911612 2.3999999999999986
    endloop
  endfacet
  facet normal 0 0 1
    outer loop
      vertex 10.342132218182087 74.33466406911612 2.3999999999999986
      vertex 12.041732653975487 74.49999999254942 2.3999999999999986
      vertex 11.16705521196127 74.45702983438969 2.3999999999999986
    endloop
  endfacet
  facet normal 0 0 1
    outer loop
      vertex 10.911903351545334 77.94871602207422 2.3999999999999986
      vertex 12 77.99999999254942 2.3999999999999986
      vertex 11.911678180098534 77.99783181399107 2.3999999999999986
    endloop
  endfacet
  facet normal -1 0 0
    outer loop
      vertex 0 12 0
      vertex 0 65.99999999254942 2.3999999999999986
      vertex 0 65.99999999254942 0
    endloop
  endfacet
  facet normal 0 0 -1
    outer loop
      vertex 0 12 0
      vertex 0 65.99999999254942 0
      vertex 28.75 54.599999999999994 0
    endloop
  endfacet
  facet normal -0.9996988188134978 0.02454122374490237 0
    outer loop
      vertex 0 65.99999999254942 2.3999999999999986
      vertex 0.0021681785583496094 66.08832181245089 2.3999999999999986
      vertex 0 65.99999999254942 0
    endloop
  endfacet
  facet normal -0.9987954560038848 0.04906767842472137 0
    outer loop
      vertex 0.0021681785583496094 66.08832181245089 2.3999999999999986
      vertex 0.05128397047519684 67.08809664100409 2.3999999999999986
      vertex 0.0021681785583496094 66.08832181245089 0
    endloop
  endfacet
  facet normal -0.9951847289480299 0.09801711722263733 0
    outer loop
      vertex 0.05128397047519684 67.08809664100409 2.3999999999999986
      vertex 0.06859806925058365 67.26388967782259 2.3999999999999986
      vertex 0.05128397047519684 67.08809664100409 0
    endloop
  endfacet
  facet normal -0.989176509875971 0.14673047505406983 0
    outer loop
      vertex 0.06859806925058365 67.26388967782259 2.3999999999999986
      vertex 0.21547242254018784 68.25403613597155 2.3999999999999986
      vertex 0.06859806925058365 67.26388967782259 0
    endloop
  endfacet
  facet normal -0.9807852813356529 0.195090317328524 0
    outer loop
      vertex 0.21547242254018784 68.25403613597155 2.3999999999999986
      vertex 0.2499338835477829 68.4272856041789 2.3999999999999986
      vertex 0.21547242254018784 68.25403613597155 0
    endloop
  endfacet
  facet normal -0.9700312530012025 0.24298018067512636 0
    outer loop
      vertex 0.2499338835477829 68.4272856041789 2.3999999999999986
      vertex 0.49315232038497925 69.39826802909374 2.3999999999999986
      vertex 0.2499338835477829 68.4272856041789 0
    endloop
  endfacet
  facet normal -0.9569403362622706 0.29028467550708303 0
    outer loop
      vertex 0.49315232038497925 69.39826802909374 2.3999999999999986
      vertex 0.5444292575120926 69.5673054382205 2.3999999999999986
      vertex 0.49315232038497925 69.39826802909374 0
    endloop
  endfacet
  facet normal -0.9415440654624957 0.33688985261114 0
    outer loop
      vertex 0.5444292575120926 69.5673054382205 2.3999999999999986
      vertex 0.881649449467659 70.50977274030447 2.3999999999999986
      vertex 0.5444292575120926 69.5673054382205 0
    endloop
  endfacet
  facet normal -0.9238795222794672 0.38268345706688617 0
    outer loop
      vertex 0.881649449467659 70.50977274030447 2.3999999999999986
      vertex 0.9492480456829071 70.6729701757431 2.3999999999999986
      vertex 0.881649449467659 70.50977274030447 0
    endloop
  endfacet
  facet normal -0.9039892924683371 0.42755509481538767 0
    outer loop
      vertex 0.9492480456829071 70.6729701757431 2.3999999999999986
      vertex 1.3772223815321922 71.5778458788991 2.3999999999999986
      vertex 0.9492480456829071 70.6729701757431 0
    endloop
  endfacet
  facet normal -0.8819212758856856 0.47139671524117 0
    outer loop
      vertex 1.3772223815321922 71.5778458788991 2.3999999999999986
      vertex 1.460491605103016 71.73363164812326 2.3999999999999986
      vertex 1.3772223815321922 71.5778458788991 0
    endloop
  endfacet
  facet normal -0.8577286106082385 0.5141027431788913 0
    outer loop
      vertex 1.460491605103016 71.73363164812326 2.3999999999999986
      vertex 1.9750984534621239 72.59220130741596 2.3999999999999986
      vertex 1.460491605103016 71.73363164812326 0
    endloop
  endfacet
  facet normal -0.8314696043848272 0.5555702448693045 0
    outer loop
      vertex 1.9750984534621239 72.59220130741596 2.3999999999999986
      vertex 2.073236398398876 72.73907511681318 2.3999999999999986
      vertex 1.9750984534621239 72.59220130741596 0
    endloop
  endfacet
  facet normal -0.8032075327869026 0.5956993027311486 0
    outer loop
      vertex 2.073236398398876 72.73907511681318 2.3999999999999986
      vertex 2.669519819319248 73.54307024180889 2.3999999999999986
      vertex 2.073236398398876 72.73907511681318 0
    endloop
  endfacet
  facet normal -0.7730104540482348 0.6343932833283641 0
    outer loop
      vertex 2.669519819319248 73.54307024180889 2.3999999999999986
      vertex 2.7815813571214676 73.67961762100458 2.3999999999999986
      vertex 2.669519819319248 73.54307024180889 0
    endloop
  endfacet
  facet normal -0.740951121777929 0.6715589587936629 0
    outer loop
      vertex 2.7815813571214676 73.67961762100458 2.3999999999999986
      vertex 3.4537988156080246 74.42129528522491 2.3999999999999986
      vertex 2.7815813571214676 73.67961762100458 0
    endloop
  endfacet
  facet normal -0.7071067811865476 0.7071067811865476 0
    outer loop
      vertex 3.4537988156080246 74.42129528522491 2.3999999999999986
      vertex 3.578704707324505 74.5462011769414 2.3999999999999986
      vertex 3.4537988156080246 74.42129528522491 0
    endloop
  endfacet
  facet normal -0.6715589587936629 0.740951121777929 0
    outer loop
      vertex 3.578704707324505 74.5462011769414 2.3999999999999986
      vertex 4.320382371544838 75.21841863542795 2.3999999999999986
      vertex 3.578704707324505 74.5462011769414 0
    endloop
  endfacet
  facet normal -0.6343932833283641 0.7730104540482348 0
    outer loop
      vertex 4.320382371544838 75.21841863542795 2.3999999999999986
      vertex 4.456929750740528 75.33048017323017 2.3999999999999986
      vertex 4.320382371544838 75.21841863542795 0
    endloop
  endfacet
  facet normal -0.5956993027311486 0.8032075327869026 0
    outer loop
      vertex 4.456929750740528 75.33048017323017 2.3999999999999986
      vertex 5.260924875736237 75.92676359415054 2.3999999999999986
      vertex 4.456929750740528 75.33048017323017 0
    endloop
  endfacet
  facet normal -0.5555702448693045 0.8314696043848272 0
    outer loop
      vertex 5.260924875736237 75.92676359415054 2.3999999999999986
      vertex 5.407798685133457 76.0249015390873 2.3999999999999986
      vertex 5.260924875736237 75.92676359415054 0
    endloop
  endfacet
  facet normal -0.5141027431788913 0.8577286106082385 0
    outer loop
      vertex 5.407798685133457 76.0249015390873 2.3999999999999986
      vertex 6.266368344426155 76.5395083874464 2.3999999999999986
      vertex 5.407798685133457 76.0249015390873 0
    endloop
  endfacet
  facet normal -0.47139671524117 0.8819212758856856 0
    outer loop
      vertex 6.266368344426155 76.5395083874464 2.3999999999999986
      vertex 6.422154113650322 76.62277761101723 2.3999999999999986
      vertex 6.266368344426155 76.5395083874464 0
    endloop
  endfacet
  facet normal -0.42755509481538767 0.9039892924683371 0
    outer loop
      vertex 6.422154113650322 76.62277761101723 2.3999999999999986
      vertex 7.327029816806316 77.05075194686651 2.3999999999999986
      vertex 6.422154113650322 76.62277761101723 0
    endloop
  endfacet
  facet normal -0.38268345706688617 0.9238795222794672 0
    outer loop
      vertex 7.327029816806316 77.05075194686651 2.3999999999999986
      vertex 7.490227252244949 77.11835054308176 2.3999999999999986
      vertex 7.327029816806316 77.05075194686651 0
    endloop
  endfacet
  facet normal -0.33688985261114 0.9415440654624957 0
    outer loop
      vertex 7.490227252244949 77.11835054308176 2.3999999999999986
      vertex 8.432694554328918 77.45557073503733 2.3999999999999986
      vertex 7.490227252244949 77.11835054308176 0
    endloop
  endfacet
  facet normal -0.9996988188134978 0.02454122374490237 0
    outer loop
      vertex 0.0021681785583496094 66.08832181245089 2.3999999999999986
      vertex 0.0021681785583496094 66.08832181245089 0
      vertex 0 65.99999999254942 0
    endloop
  endfacet
  facet normal -0.9987954560038848 0.04906767842472137 0
    outer loop
      vertex 0.05128397047519684 67.08809664100409 2.3999999999999986
      vertex 0.05128397047519684 67.08809664100409 0
      vertex 0.0021681785583496094 66.08832181245089 0
    endloop
  endfacet
  facet normal -0.9951847289480299 0.09801711722263733 0
    outer loop
      vertex 0.06859806925058365 67.26388967782259 2.3999999999999986
      vertex 0.06859806925058365 67.26388967782259 0
      vertex 0.05128397047519684 67.08809664100409 0
    endloop
  endfacet
  facet normal -0.989176509875971 0.14673047505406983 0
    outer loop
      vertex 0.21547242254018784 68.25403613597155 2.3999999999999986
      vertex 0.21547242254018784 68.25403613597155 0
      vertex 0.06859806925058365 67.26388967782259 0
    endloop
  endfacet
  facet normal -0.9807852813356529 0.195090317328524 0
    outer loop
      vertex 0.2499338835477829 68.4272856041789 2.3999999999999986
      vertex 0.2499338835477829 68.4272856041789 0
      vertex 0.21547242254018784 68.25403613597155 0
    endloop
  endfacet
  facet normal -0.9700312530012025 0.24298018067512636 0
    outer loop
      vertex 0.49315232038497925 69.39826802909374 2.3999999999999986
      vertex 0.49315232038497925 69.39826802909374 0
      vertex 0.2499338835477829 68.4272856041789 0
    endloop
  endfacet
  facet normal -0.9569403362622706 0.29028467550708303 0
    outer loop
      vertex 0.5444292575120926 69.5673054382205 2.3999999999999986
      vertex 0.5444292575120926 69.5673054382205 0
      vertex 0.49315232038497925 69.39826802909374 0
    endloop
  endfacet
  facet normal -0.9415440654624957 0.33688985261114 0
    outer loop
      vertex 0.881649449467659 70.50977274030447 2.3999999999999986
      vertex 0.881649449467659 70.50977274030447 0
      vertex 0.5444292575120926 69.5673054382205 0
    endloop
  endfacet
  facet normal -0.9238795222794672 0.38268345706688617 0
    outer loop
      vertex 0.9492480456829071 70.6729701757431 2.3999999999999986
      vertex 0.9492480456829071 70.6729701757431 0
      vertex 0.881649449467659 70.50977274030447 0
    endloop
  endfacet
  facet normal -0.9039892924683371 0.42755509481538767 0
    outer loop
      vertex 1.3772223815321922 71.5778458788991 2.3999999999999986
      vertex 1.3772223815321922 71.5778458788991 0
      vertex 0.9492480456829071 70.6729701757431 0
    endloop
  endfacet
  facet normal -0.8819212758856856 0.47139671524117 0
    outer loop
      vertex 1.460491605103016 71.73363164812326 2.3999999999999986
      vertex 1.460491605103016 71.73363164812326 0
      vertex 1.3772223815321922 71.5778458788991 0
    endloop
  endfacet
  facet normal -0.8577286106082385 0.5141027431788913 0
    outer loop
      vertex 1.9750984534621239 72.59220130741596 2.3999999999999986
      vertex 1.9750984534621239 72.59220130741596 0
      vertex 1.460491605103016 71.73363164812326 0
    endloop
  endfacet
  facet normal -0.8314696043848272 0.5555702448693045 0
    outer loop
      vertex 2.073236398398876 72.73907511681318 2.3999999999999986
      vertex 2.073236398398876 72.73907511681318 0
      vertex 1.9750984534621239 72.59220130741596 0
    endloop
  endfacet
  facet normal -0.8032075327869026 0.5956993027311486 0
    outer loop
      vertex 2.669519819319248 73.54307024180889 2.3999999999999986
      vertex 2.669519819319248 73.54307024180889 0
      vertex 2.073236398398876 72.73907511681318 0
    endloop
  endfacet
  facet normal -0.7730104540482348 0.6343932833283641 0
    outer loop
      vertex 2.7815813571214676 73.67961762100458 2.3999999999999986
      vertex 2.7815813571214676 73.67961762100458 0
      vertex 2.669519819319248 73.54307024180889 0
    endloop
  endfacet
  facet normal -0.740951121777929 0.6715589587936629 0
    outer loop
      vertex 3.4537988156080246 74.42129528522491 2.3999999999999986
      vertex 3.4537988156080246 74.42129528522491 0
      vertex 2.7815813571214676 73.67961762100458 0
    endloop
  endfacet
  facet normal -0.7071067811865476 0.7071067811865476 0
    outer loop
      vertex 3.578704707324505 74.5462011769414 2.3999999999999986
      vertex 3.578704707324505 74.5462011769414 0
      vertex 3.4537988156080246 74.42129528522491 0
    endloop
  endfacet
  facet normal -0.6715589587936629 0.740951121777929 0
    outer loop
      vertex 4.320382371544838 75.21841863542795 2.3999999999999986
      vertex 4.320382371544838 75.21841863542795 0
      vertex 3.578704707324505 74.5462011769414 0
    endloop
  endfacet
  facet normal -0.6343932833283641 0.7730104540482348 0
    outer loop
      vertex 4.456929750740528 75.33048017323017 2.3999999999999986
      vertex 4.456929750740528 75.33048017323017 0
      vertex 4.320382371544838 75.21841863542795 0
    endloop
  endfacet
  facet normal -0.5956993027311486 0.8032075327869026 0
    outer loop
      vertex 5.260924875736237 75.92676359415054 2.3999999999999986
      vertex 5.260924875736237 75.92676359415054 0
      vertex 4.456929750740528 75.33048017323017 0
    endloop
  endfacet
  facet normal -0.5555702448693045 0.8314696043848272 0
    outer loop
      vertex 5.407798685133457 76.0249015390873 2.3999999999999986
      vertex 5.407798685133457 76.0249015390873 0
      vertex 5.260924875736237 75.92676359415054 0
    endloop
  endfacet
  facet normal -0.5141027431788913 0.8577286106082385 0
    outer loop
      vertex 6.266368344426155 76.5395083874464 2.3999999999999986
      vertex 6.266368344426155 76.5395083874464 0
      vertex 5.407798685133457 76.0249015390873 0
    endloop
  endfacet
  facet normal -0.47139671524117 0.8819212758856856 0
    outer loop
      vertex 6.422154113650322 76.62277761101723 2.3999999999999986
      vertex 6.422154113650322 76.62277761101723 0
      vertex 6.266368344426155 76.5395083874464 0
    endloop
  endfacet
  facet normal -0.42755509481538767 0.9039892924683371 0
    outer loop
      vertex 7.327029816806316 77.05075194686651 2.3999999999999986
      vertex 7.327029816806316 77.05075194686651 0
      vertex 6.422154113650322 76.62277761101723 0
    endloop
  endfacet
  facet normal -0.38268345706688617 0.9238795222794672 0
    outer loop
      vertex 7.490227252244949 77.11835054308176 2.3999999999999986
      vertex 7.490227252244949 77.11835054308176 0
      vertex 7.327029816806316 77.05075194686651 0
    endloop
  endfacet
  facet normal -0.33688985261114 0.9415440654624957 0
    outer loop
      vertex 8.432694554328918 77.45557073503733 2.3999999999999986
      vertex 8.432694554328918 77.45557073503733 0
      vertex 7.490227252244949 77.11835054308176 0
    endloop
  endfacet
  facet normal -0.29028467550708303 0.9569403362622706 0
    outer loop
      vertex 8.432694554328918 77.45557073503733 2.3999999999999986
      vertex 8.601731963455677 77.50684767216444 2.3999999999999986
      vertex 8.432694554328918 77.45557073503733 0
    endloop
  endfacet
  facet normal -0.24298018067512636 0.9700312530012025 0
    outer loop
      vertex 8.601731963455677 77.50684767216444 2.3999999999999986
      vertex 9.572714388370514 77.75006610900164 2.3999999999999986
      vertex 8.601731963455677 77.50684767216444 0
    endloop
  endfacet
  facet normal -0.195090317328524 0.9807852813356529 0
    outer loop
      vertex 9.572714388370514 77.75006610900164 2.3999999999999986
      vertex 9.745963856577873 77.78452757000923 2.3999999999999986
      vertex 9.572714388370514 77.75006610900164 0
    endloop
  endfacet
  facet normal -0.14673047505406983 0.989176509875971 0
    outer loop
      vertex 9.745963856577873 77.78452757000923 2.3999999999999986
      vertex 10.73611031472683 77.93140192329884 2.3999999999999986
      vertex 9.745963856577873 77.78452757000923 0
    endloop
  endfacet
  facet normal -0.09801711722263733 0.9951847289480299 0
    outer loop
      vertex 10.73611031472683 77.93140192329884 2.3999999999999986
      vertex 10.911903351545334 77.94871602207422 2.3999999999999986
      vertex 10.73611031472683 77.93140192329884 0
    endloop
  endfacet
  facet normal -0.04906767842472137 0.9987954560038848 0
    outer loop
      vertex 10.911903351545334 77.94871602207422 2.3999999999999986
      vertex 11.911678180098534 77.99783181399107 2.3999999999999986
      vertex 10.911903351545334 77.94871602207422 0
    endloop
  endfacet
  facet normal -0.02454122374490237 0.9996988188134978 0
    outer loop
      vertex 11.911678180098534 77.99783181399107 2.3999999999999986
      vertex 12 77.99999999254942 2.3999999999999986
      vertex 11.911678180098534 77.99783181399107 0
    endloop
  endfacet
  facet normal -0.29028467550708303 0.9569403362622706 0
    outer loop
      vertex 8.601731963455677 77.50684767216444 2.3999999999999986
      vertex 8.601731963455677 77.50684767216444 0
      vertex 8.432694554328918 77.45557073503733 0
    endloop
  endfacet
  facet normal -0.24298018067512636 0.9700312530012025 0
    outer loop
      vertex 9.572714388370514 77.75006610900164 2.3999999999999986
      vertex 9.572714388370514 77.75006610900164 0
      vertex 8.601731963455677 77.50684767216444 0
    endloop
  endfacet
  facet normal -0.195090317328524 0.9807852813356529 0
    outer loop
      vertex 9.745963856577873 77.78452757000923 2.3999999999999986
      vertex 9.745963856577873 77.78452757000923 0
      vertex 9.572714388370514 77.75006610900164 0
    endloop
  endfacet
  facet normal -0.14673047505406983 0.989176509875971 0
    outer loop
      vertex 10.73611031472683 77.93140192329884 2.3999999999999986
      vertex 10.73611031472683 77.93140192329884 0
      vertex 9.745963856577873 77.78452757000923 0
    endloop
  endfacet
  facet normal -0.09801711722263733 0.9951847289480299 0
    outer loop
      vertex 10.911903351545334 77.94871602207422 2.3999999999999986
      vertex 10.911903351545334 77.94871602207422 0
      vertex 10.73611031472683 77.93140192329884 0
    endloop
  endfacet
  facet normal -0.04906767842472137 0.9987954560038848 0
    outer loop
      vertex 11.911678180098534 77.99783181399107 2.3999999999999986
      vertex 11.911678180098534 77.99783181399107 0
      vertex 10.911903351545334 77.94871602207422 0
    endloop
  endfacet
  facet normal -0.02454122374490237 0.9996988188134978 0
    outer loop
      vertex 12 77.99999999254942 2.3999999999999986
      vertex 12 77.99999999254942 0
      vertex 11.911678180098534 77.99783181399107 0
    endloop
  endfacet
  facet normal 0 0 -1
    outer loop
      vertex 10.911903351545334 77.94871602207422 0
      vertex 11.911678180098534 77.99783181399107 0
      vertex 12 77.99999999254942 0
    endloop
  endfacet
  facet normal 0 0 1
    outer loop
      vertex 3.5 12.041732653975487 2.3999999999999986
      vertex 33.60959782223437 52.59042529496236 2.3999999999999986
      vertex 33.40968967623387 52.54035091115321 2.3999999999999986
    endloop
  endfacet
  facet normal 0 0 1
    outer loop
      vertex 3.5 12.041732653975487 2.3999999999999986
      vertex 33.803635207966686 52.65985298172629 2.3999999999999986
      vertex 33.60959782223437 52.59042529496236 2.3999999999999986
    endloop
  endfacet
  facet normal 0 0 1
    outer loop
      vertex 3.5 12.041732653975487 2.3999999999999986
      vertex 33.9899331473346 52.74796534486845 2.3999999999999986
      vertex 33.803635207966686 52.65985298172629 2.3999999999999986
    endloop
  endfacet
  facet normal 0 0 1
    outer loop
      vertex 3.5 12.041732653975487 2.3999999999999986
      vertex 34.16669748934117 52.85391381416465 2.3999999999999986
      vertex 33.9899331473346 52.74796534486845 2.3999999999999986
    endloop
  endfacet
  facet normal 0 0 1
    outer loop
      vertex 3.5 12.041732653975487 2.3999999999999986
      vertex 34.33222589674366 52.97667804793824 2.3999999999999986
      vertex 34.16669748934117 52.85391381416465 2.3999999999999986
    endloop
  endfacet
  facet normal 0 0 1
    outer loop
      vertex 3.5 12.041732653975487 2.3999999999999986
      vertex 34.48492424049175 53.115075759508244 2.3999999999999986
      vertex 34.33222589674366 52.97667804793824 2.3999999999999986
    endloop
  endfacet
  facet normal 0 0 1
    outer loop
      vertex 13.75 36.25 2.3999999999999986
      vertex 31.059852981726298 53.79636479203331 2.3999999999999986
      vertex 13.75 67.75 2.3999999999999986
    endloop
  endfacet
  facet normal 0 0 1
    outer loop
      vertex 13.75 36.25 2.3999999999999986
      vertex 31.667774103256345 52.97667804793824 2.3999999999999986
      vertex 31.51507575950825 53.115075759508244 2.3999999999999986
    endloop
  endfacet
  facet normal 0 0 1
    outer loop
      vertex 13.75 36.25 2.3999999999999986
      vertex 31.833302510658836 52.85391381416465 2.3999999999999986
      vertex 31.667774103256345 52.97667804793824 2.3999999999999986
    endloop
  endfacet
  facet normal 0 0 1
    outer loop
      vertex 13.75 36.25 2.3999999999999986
      vertex 31.253913814164655 53.43330251065883 2.3999999999999986
      vertex 31.147965344868453 53.6100668526654 2.3999999999999986
    endloop
  endfacet
  facet normal 0 0 1
    outer loop
      vertex 13.75 36.25 2.3999999999999986
      vertex 31.376678047938253 53.267774103256336 2.3999999999999986
      vertex 31.253913814164655 53.43330251065883 2.3999999999999986
    endloop
  endfacet
  facet normal 0 0 1
    outer loop
      vertex 13.75 36.25 2.3999999999999986
      vertex 31.147965344868453 53.6100668526654 2.3999999999999986
      vertex 31.059852981726298 53.79636479203331 2.3999999999999986
    endloop
  endfacet
  facet normal 0 0 1
    outer loop
      vertex 13.75 36.25 2.3999999999999986
      vertex 31.51507575950825 53.115075759508244 2.3999999999999986
      vertex 31.376678047938253 53.267774103256336 2.3999999999999986
    endloop
  endfacet
  facet normal 0 0 1
    outer loop
      vertex 13.75 36.25 2.3999999999999986
      vertex 32.196364792033314 52.65985298172629 2.3999999999999986
      vertex 32.0100668526654 52.74796534486845 2.3999999999999986
    endloop
  endfacet
  facet normal 0 0 1
    outer loop
      vertex 13.75 36.25 2.3999999999999986
      vertex 32.0100668526654 52.74796534486845 2.3999999999999986
      vertex 31.833302510658836 52.85391381416465 2.3999999999999986
    endloop
  endfacet
  facet normal 0 0 1
    outer loop
      vertex 13.75 36.25 2.3999999999999986
      vertex 32.39040217776563 52.59042529496236 2.3999999999999986
      vertex 32.196364792033314 52.65985298172629 2.3999999999999986
    endloop
  endfacet
  facet normal 0 0 1
    outer loop
      vertex 13.75 36.25 2.3999999999999986
      vertex 32.59031032376613 52.54035091115321 2.3999999999999986
      vertex 32.39040217776563 52.59042529496236 2.3999999999999986
    endloop
  endfacet
  facet normal 0 0 1
    outer loop
      vertex 13.75 36.25 2.3999999999999986
      vertex 32.79416400530792 52.51011207398838 2.3999999999999986
      vertex 32.59031032376613 52.54035091115321 2.3999999999999986
    endloop
  endfacet
  facet normal 0 0 1
    outer loop
      vertex 13.75 36.25 2.3999999999999986
      vertex 33 52.49999999999999 2.3999999999999986
      vertex 32.79416400530792 52.51011207398838 2.3999999999999986
    endloop
  endfacet
  facet normal 0 0 1
    outer loop
      vertex 13.75 36.25 2.3999999999999986
      vertex 33.20583599469208 52.51011207398838 2.3999999999999986
      vertex 33 52.49999999999999 2.3999999999999986
    endloop
  endfacet
  facet normal 0 0 1
    outer loop
      vertex 13.75 36.25 2.3999999999999986
      vertex 33.40968967623387 52.54035091115321 2.3999999999999986
      vertex 33.20583599469208 52.51011207398838 2.3999999999999986
    endloop
  endfacet
  facet normal 0 0 1
    outer loop
      vertex 3.5 12.041732653975487 2.3999999999999986
      vertex 49.25 67.75 2.3999999999999986
      vertex 34.48492424049175 53.115075759508244 2.3999999999999986
    endloop
  endfacet
  facet normal 0 0 1
    outer loop
      vertex 5.75 67.75 2.3999999999999986
      vertex 61.494522631168365 70.00590578466654 2.3999999999999986
      vertex 3.8679690435528755 68.46682456880808 2.3999999999999986
    endloop
  endfacet
  facet normal 0 0 1
    outer loop
      vertex 3.8679690435528755 68.46682456880808 2.3999999999999986
      vertex 61.06578700989485 70.72120796144009 2.3999999999999986
      vertex 4.148918107151985 69.25202460587025 2.3999999999999986
    endloop
  endfacet
  facet normal 0 0 1
    outer loop
      vertex 4.148918107151985 69.25202460587025 2.3999999999999986
      vertex 60.00895792245865 72.00895792245865 2.3999999999999986
      vertex 4.505477353930473 70.00590578466654 2.3999999999999986
    endloop
  endfacet
  facet normal 0 0 1
    outer loop
      vertex 4.505477353930473 70.00590578466654 2.3999999999999986
      vertex 60.00895792245865 72.00895792245865 2.3999999999999986
      vertex 4.934212975203991 70.72120796144009 2.3999999999999986
    endloop
  endfacet
  facet normal 0 0 1
    outer loop
      vertex 4.934212975203991 70.72120796144009 2.3999999999999986
      vertex 59.39104228466749 72.5690040141344 2.3999999999999986
      vertex 5.430995970964432 71.39104228466749 2.3999999999999986
    endloop
  endfacet
  facet normal 0 0 1
    outer loop
      vertex 5.430995970964432 71.39104228466749 2.3999999999999986
      vertex 58.00590578466654 73.49452263116837 2.3999999999999986
      vertex 5.99104206264019 72.00895792245865 2.3999999999999986
    endloop
  endfacet
  facet normal 0 0 1
    outer loop
      vertex 5.99104206264019 72.00895792245865 2.3999999999999986
      vertex 58.00590578466654 73.49452263116837 2.3999999999999986
      vertex 6.608957700431347 72.5690040141344 2.3999999999999986
    endloop
  endfacet
  facet normal 0 0 1
    outer loop
      vertex 6.608957700431347 72.5690040141344 2.3999999999999986
      vertex 55.65786776691675 74.33466406911612 2.3999999999999986
      vertex 7.278792023658752 73.06578700989485 2.3999999999999986
    endloop
  endfacet
  facet normal 0 0 1
    outer loop
      vertex 7.278792023658752 73.06578700989485 2.3999999999999986
      vertex 55.65786776691675 74.33466406911612 2.3999999999999986
      vertex 7.994094200432301 73.49452263116837 2.3999999999999986
    endloop
  endfacet
  facet normal 0 0 1
    outer loop
      vertex 5.260924875736237 75.92676359415054 2.3999999999999986
      vertex 59.5778458788991 76.62277761101723 2.3999999999999986
      vertex 5.407798685133457 76.0249015390873 2.3999999999999986
    endloop
  endfacet
  facet normal 0 0 1
    outer loop
      vertex 5.407798685133457 76.0249015390873 2.3999999999999986
      vertex 58.6729701757431 77.05075194686651 2.3999999999999986
      vertex 6.266368344426155 76.5395083874464 2.3999999999999986
    endloop
  endfacet
  facet normal 0 0 1
    outer loop
      vertex 5.260924875736237 75.92676359415054 2.3999999999999986
      vertex 12.007364645600319 75.89999999850988 2.3999999999999986
      vertex 53.9926353469491 75.89999999850988 2.3999999999999986
    endloop
  endfacet
  facet normal 0 0 1
    outer loop
      vertex 6.266368344426155 76.5395083874464 2.3999999999999986
      vertex 58.50977274030447 77.11835054308176 2.3999999999999986
      vertex 6.422154113650322 76.62277761101723 2.3999999999999986
    endloop
  endfacet
  facet normal 0 0 1
    outer loop
      vertex 6.422154113650322 76.62277761101723 2.3999999999999986
      vertex 57.5673054382205 77.45557073503733 2.3999999999999986
      vertex 7.327029816806316 77.05075194686651 2.3999999999999986
    endloop
  endfacet
  facet normal 0 0 1
    outer loop
      vertex 7.327029816806316 77.05075194686651 2.3999999999999986
      vertex 57.39826802909374 77.50684767216444 2.3999999999999986
      vertex 7.490227252244949 77.11835054308176 2.3999999999999986
    endloop
  endfacet
  facet normal 0 0 1
    outer loop
      vertex 7.490227252244949 77.11835054308176 2.3999999999999986
      vertex 56.427285604178905 77.75006610900164 2.3999999999999986
      vertex 8.432694554328918 77.45557073503733 2.3999999999999986
    endloop
  endfacet
  facet normal 0 0 1
    outer loop
      vertex 8.432694554328918 77.45557073503733 2.3999999999999986
      vertex 56.254036135971546 77.78452757000923 2.3999999999999986
      vertex 8.601731963455677 77.50684767216444 2.3999999999999986
    endloop
  endfacet
  facet normal 0 0 1
    outer loop
      vertex 8.601731963455677 77.50684767216444 2.3999999999999986
      vertex 55.26388967782259 77.93140192329884 2.3999999999999986
      vertex 9.572714388370514 77.75006610900164 2.3999999999999986
    endloop
  endfacet
  facet normal 0 0 1
    outer loop
      vertex 13.75 67.75 2.3999999999999986
      vertex 30.99042529496236 53.990402177765624 2.3999999999999986
      vertex 30.940350911153217 54.19031032376613 2.3999999999999986
    endloop
  endfacet
  facet normal 0 0 1
    outer loop
      vertex 13.75 67.75 2.3999999999999986
      vertex 30.940350911153217 54.19031032376613 2.3999999999999986
      vertex 30.910112073988387 54.394164005307914 2.3999999999999986
    endloop
  endfacet
  facet normal 0 0 1
    outer loop
      vertex 13.75 67.75 2.3999999999999986
      vertex 30.910112073988387 54.394164005307914 2.3999999999999986
      vertex 30.9 54.599999999999994 2.3999999999999986
    endloop
  endfacet
  facet normal 0 0 1
    outer loop
      vertex 13.75 67.75 2.3999999999999986
      vertex 31.059852981726298 53.79636479203331 2.3999999999999986
      vertex 30.99042529496236 53.990402177765624 2.3999999999999986
    endloop
  endfacet
  facet normal 0 0 1
    outer loop
      vertex 13.75 67.75 2.3999999999999986
      vertex 30.9 54.599999999999994 2.3999999999999986
      vertex 30.9 61.599999999999994 2.3999999999999986
    endloop
  endfacet
  facet normal 0 0 1
    outer loop
      vertex 13.75 67.75 2.3999999999999986
      vertex 30.9 61.599999999999994 2.3999999999999986
      vertex 30.910112073988387 61.805835994692075 2.3999999999999986
    endloop
  endfacet
  facet normal 0 0 1
    outer loop
      vertex 13.75 67.75 2.3999999999999986
      vertex 30.910112073988387 61.805835994692075 2.3999999999999986
      vertex 30.940350911153217 62.00968967623386 2.3999999999999986
    endloop
  endfacet
  facet normal 0 0 1
    outer loop
      vertex 13.75 67.75 2.3999999999999986
      vertex 30.940350911153217 62.00968967623386 2.3999999999999986
      vertex 30.99042529496236 62.209597822234365 2.3999999999999986
    endloop
  endfacet
  facet normal 0 0 1
    outer loop
      vertex 13.75 67.75 2.3999999999999986
      vertex 30.99042529496236 62.209597822234365 2.3999999999999986
      vertex 31.059852981726298 62.40363520796668 2.3999999999999986
    endloop
  endfacet
  facet normal 0 0 1
    outer loop
      vertex 13.75 67.75 2.3999999999999986
      vertex 31.059852981726298 62.40363520796668 2.3999999999999986
      vertex 31.147965344868453 62.58993314733459 2.3999999999999986
    endloop
  endfacet
  facet normal 0 0 1
    outer loop
      vertex 13.75 67.75 2.3999999999999986
      vertex 31.147965344868453 62.58993314733459 2.3999999999999986
      vertex 31.253913814164655 62.766697489341155 2.3999999999999986
    endloop
  endfacet
  facet normal 0 0 1
    outer loop
      vertex 13.75 67.75 2.3999999999999986
      vertex 31.253913814164655 62.766697489341155 2.3999999999999986
      vertex 31.376678047938253 62.932225896743645 2.3999999999999986
    endloop
  endfacet
  facet normal 0 0 1
    outer loop
      vertex 13.75 67.75 2.3999999999999986
      vertex 31.376678047938253 62.932225896743645 2.3999999999999986
      vertex 31.51507575950825 63.084924240491745 2.3999999999999986
    endloop
  endfacet
  facet normal 0 0 1
    outer loop
      vertex 13.75 67.75 2.3999999999999986
      vertex 31.51507575950825 63.084924240491745 2.3999999999999986
      vertex 31.667774103256345 63.22332195206174 2.3999999999999986
    endloop
  endfacet
  facet normal 0 0 1
    outer loop
      vertex 13.75 67.75 2.3999999999999986
      vertex 31.667774103256345 63.22332195206174 2.3999999999999986
      vertex 31.833302510658836 63.34608618583534 2.3999999999999986
    endloop
  endfacet
  facet normal 0 0 1
    outer loop
      vertex 13.75 67.75 2.3999999999999986
      vertex 31.833302510658836 63.34608618583534 2.3999999999999986
      vertex 32.0100668526654 63.45203465513154 2.3999999999999986
    endloop
  endfacet
  facet normal 0 0 1
    outer loop
      vertex 13.75 67.75 2.3999999999999986
      vertex 32.0100668526654 63.45203465513154 2.3999999999999986
      vertex 32.196364792033314 63.5401470182737 2.3999999999999986
    endloop
  endfacet
  facet normal 0 0 1
    outer loop
      vertex 13.75 67.75 2.3999999999999986
      vertex 32.196364792033314 63.5401470182737 2.3999999999999986
      vertex 32.39040217776563 63.60957470503763 2.3999999999999986
    endloop
  endfacet
  facet normal 0 0 1
    outer loop
      vertex 13.75 67.75 2.3999999999999986
      vertex 32.39040217776563 63.60957470503763 2.3999999999999986
      vertex 32.59031032376613 63.65964908884678 2.3999999999999986
    endloop
  endfacet
  facet normal 0 0 1
    outer loop
      vertex 13.75 67.75 2.3999999999999986
      vertex 32.59031032376613 63.65964908884678 2.3999999999999986
      vertex 32.79416400530792 63.68988792601161 2.3999999999999986
    endloop
  endfacet
  facet normal 0 0 1
    outer loop
      vertex 13.75 67.75 2.3999999999999986
      vertex 32.79416400530792 63.68988792601161 2.3999999999999986
      vertex 33 63.699999999999996 2.3999999999999986
    endloop
  endfacet
  facet normal 0 0 1
    outer loop
      vertex 13.75 67.75 2.3999999999999986
      vertex 33 63.699999999999996 2.3999999999999986
      vertex 33.20583599469208 63.68988792601161 2.3999999999999986
    endloop
  endfacet
  facet normal 0 0 1
    outer loop
      vertex 13.75 67.75 2.3999999999999986
      vertex 33.20583599469208 63.68988792601161 2.3999999999999986
      vertex 33.40968967623387 63.65964908884678 2.3999999999999986
    endloop
  endfacet
  facet normal 0 0 1
    outer loop
      vertex 13.75 67.75 2.3999999999999986
      vertex 33.40968967623387 63.65964908884678 2.3999999999999986
      vertex 49.25 67.75 2.3999999999999986
    endloop
  endfacet
  facet normal 0 0 1
    outer loop
      vertex 5.75 67.75 2.3999999999999986
      vertex 13.75 67.75 2.3999999999999986
      vertex 61.494522631168365 70.00590578466654 2.3999999999999986
    endloop
  endfacet
  facet normal 0 0 1
    outer loop
      vertex 7.994094200432301 73.49452263116837 2.3999999999999986
      vertex 54.83294477313757 74.45702983438969 2.3999999999999986
      vertex 12.041732653975487 74.49999999254942 2.3999999999999986
    endloop
  endfacet
  facet normal 0 0 1
    outer loop
      vertex 9.572714388370514 77.75006610900164 2.3999999999999986
      vertex 55.088096641004086 77.94871602207422 2.3999999999999986
      vertex 9.745963856577873 77.78452757000923 2.3999999999999986
    endloop
  endfacet
  facet normal 0 0 1
    outer loop
      vertex 9.745963856577873 77.78452757000923 2.3999999999999986
      vertex 54.088321812450886 77.99783181399107 2.3999999999999986
      vertex 10.73611031472683 77.93140192329884 2.3999999999999986
    endloop
  endfacet
  facet normal 0 0 1
    outer loop
      vertex 10.73611031472683 77.93140192329884 2.3999999999999986
      vertex 53.99999999254942 77.99999999254942 2.3999999999999986
      vertex 10.911903351545334 77.94871602207422 2.3999999999999986
    endloop
  endfacet
  facet normal 0 0 1
    outer loop
      vertex 10.911903351545334 77.94871602207422 2.3999999999999986
      vertex 53.99999999254942 77.99999999254942 2.3999999999999986
      vertex 12 77.99999999254942 2.3999999999999986
    endloop
  endfacet
  facet normal 0 0 -1
    outer loop
      vertex 0 12 0
      vertex 28.933003573138112 53.36629012166853 0
      vertex 29.073511986827032 52.97359541244836 0
    endloop
  endfacet
  facet normal 0 0 -1
    outer loop
      vertex 0 12 0
      vertex 29.073511986827032 52.97359541244836 0
      vertex 29.25183462651949 52.596563868489504 0
    endloop
  endfacet
  facet normal 0 0 -1
    outer loop
      vertex 0 12 0
      vertex 28.83166255828627 53.77086613143145 0
      vertex 28.933003573138112 53.36629012166853 0
    endloop
  endfacet
  facet normal 0 0 -1
    outer loop
      vertex 0 12 0
      vertex 28.770464911643163 54.18342715359936 0
      vertex 28.83166255828627 53.77086613143145 0
    endloop
  endfacet
  facet normal 0 0 -1
    outer loop
      vertex 0 12 0
      vertex 28.75 54.599999999999994 0
      vertex 28.770464911643163 54.18342715359936 0
    endloop
  endfacet
  facet normal 0 0 -1
    outer loop
      vertex 0 65.99999999254942 0
      vertex 28.75 61.599999999999994 0
      vertex 28.75 54.599999999999994 0
    endloop
  endfacet
  facet normal 0 0 -1
    outer loop
      vertex 0 65.99999999254942 0
      vertex 28.770464911643163 62.01657284640063 0
      vertex 28.75 61.599999999999994 0
    endloop
  endfacet
  facet normal 0 0 -1
    outer loop
      vertex 0 65.99999999254942 0
      vertex 28.83166255828627 62.42913386856854 0
      vertex 28.770464911643163 62.01657284640063 0
    endloop
  endfacet
  facet normal 0 0 -1
    outer loop
      vertex 0 65.99999999254942 0
      vertex 28.933003573138112 62.83370987833146 0
      vertex 28.83166255828627 62.42913386856854 0
    endloop
  endfacet
  facet normal 0 0 -1
    outer loop
      vertex 0 65.99999999254942 0
      vertex 29.073511986827032 63.22640458755163 0
      vertex 28.933003573138112 62.83370987833146 0
    endloop
  endfacet
  facet normal 0 0 -1
    outer loop
      vertex 0 65.99999999254942 0
      vertex 29.25183462651949 63.603436131510485 0
      vertex 29.073511986827032 63.22640458755163 0
    endloop
  endfacet
  facet normal 0 0 -1
    outer loop
      vertex 0 65.99999999254942 0
      vertex 29.46625414771418 63.9611734903333 0
      vertex 29.25183462651949 63.603436131510485 0
    endloop
  endfacet
  facet normal 0 0 -1
    outer loop
      vertex 0 65.99999999254942 0
      vertex 29.714705573208366 64.2961714576955 0
      vertex 29.46625414771418 63.9611734903333 0
    endloop
  endfacet
  facet normal 0 0 -1
    outer loop
      vertex 0 65.99999999254942 0
      vertex 29.994796179957174 64.60520382004282 0
      vertex 29.714705573208366 64.2961714576955 0
    endloop
  endfacet
  facet normal 0 0 -1
    outer loop
      vertex 0 65.99999999254942 0
      vertex 30.303828542304508 64.88529442679163 0
      vertex 29.994796179957174 64.60520382004282 0
    endloop
  endfacet
  facet normal 0 0 -1
    outer loop
      vertex 0 65.99999999254942 0
      vertex 30.638826509666693 65.13374585228581 0
      vertex 30.303828542304508 64.88529442679163 0
    endloop
  endfacet
  facet normal 0 0 -1
    outer loop
      vertex 0 65.99999999254942 0
      vertex 30.99656386848951 65.3481653734805 0
      vertex 30.638826509666693 65.13374585228581 0
    endloop
  endfacet
  facet normal 0 0 -1
    outer loop
      vertex 0 65.99999999254942 0
      vertex 31.373595412448367 65.52648801317297 0
      vertex 30.99656386848951 65.3481653734805 0
    endloop
  endfacet
  facet normal 0 0 -1
    outer loop
      vertex 0 65.99999999254942 0
      vertex 31.766290121668536 65.66699642686189 0
      vertex 31.373595412448367 65.52648801317297 0
    endloop
  endfacet
  facet normal 0 0 -1
    outer loop
      vertex 0 65.99999999254942 0
      vertex 32.17086613143145 65.76833744171373 0
      vertex 31.766290121668536 65.66699642686189 0
    endloop
  endfacet
  facet normal 0 0 -1
    outer loop
      vertex 0 65.99999999254942 0
      vertex 32.58342715359937 65.82953508835683 0
      vertex 32.17086613143145 65.76833744171373 0
    endloop
  endfacet
  facet normal 0 0 -1
    outer loop
      vertex 0 65.99999999254942 0
      vertex 33 65.85 0
      vertex 32.58342715359937 65.82953508835683 0
    endloop
  endfacet
  facet normal 0 0 -1
    outer loop
      vertex 0 65.99999999254942 0
      vertex 0.0021681785583496094 66.08832181245089 0
      vertex 65.93140192329884 67.26388967782259 0
    endloop
  endfacet
  facet normal 0 0 -1
    outer loop
      vertex 0.0021681785583496094 66.08832181245089 0
      vertex 0.05128397047519684 67.08809664100409 0
      vertex 65.78452757000923 68.25403613597155 0
    endloop
  endfacet
  facet normal 0 0 -1
    outer loop
      vertex 0.05128397047519684 67.08809664100409 0
      vertex 0.06859806925058365 67.26388967782259 0
      vertex 65.75006610900164 68.4272856041789 0
    endloop
  endfacet
  facet normal 0 0 -1
    outer loop
      vertex 0.06859806925058365 67.26388967782259 0
      vertex 0.21547242254018784 68.25403613597155 0
      vertex 65.50684767216444 69.39826802909374 0
    endloop
  endfacet
  facet normal 0 0 -1
    outer loop
      vertex 0.21547242254018784 68.25403613597155 0
      vertex 0.2499338835477829 68.4272856041789 0
      vertex 65.45557073503733 69.5673054382205 0
    endloop
  endfacet
  facet normal 0 0 -1
    outer loop
      vertex 0.2499338835477829 68.4272856041789 0
      vertex 0.49315232038497925 69.39826802909374 0
      vertex 65.11835054308176 70.50977274030447 0
    endloop
  endfacet
  facet normal 0 0 -1
    outer loop
      vertex 0.49315232038497925 69.39826802909374 0
      vertex 0.5444292575120926 69.5673054382205 0
      vertex 65.05075194686651 70.6729701757431 0
    endloop
  endfacet
  facet normal 0 0 -1
    outer loop
      vertex 0.5444292575120926 69.5673054382205 0
      vertex 0.881649449467659 70.50977274030447 0
      vertex 64.62277761101723 71.5778458788991 0
    endloop
  endfacet
  facet normal 0 0 -1
    outer loop
      vertex 0.881649449467659 70.50977274030447 0
      vertex 0.9492480456829071 70.6729701757431 0
      vertex 64.5395083874464 71.73363164812326 0
    endloop
  endfacet
  facet normal 0 0 -1
    outer loop
      vertex 0.9492480456829071 70.6729701757431 0
      vertex 1.3772223815321922 71.5778458788991 0
      vertex 64.0249015390873 72.59220130741596 0
    endloop
  endfacet
  facet normal 0 0 -1
    outer loop
      vertex 1.3772223815321922 71.5778458788991 0
      vertex 1.460491605103016 71.73363164812326 0
      vertex 63.92676359415054 72.73907511681318 0
    endloop
  endfacet
  facet normal 0 0 -1
    outer loop
      vertex 1.460491605103016 71.73363164812326 0
      vertex 1.9750984534621239 72.59220130741596 0
      vertex 63.33048017323017 73.54307024180889 0
    endloop
  endfacet
  facet normal 0 0 -1
    outer loop
      vertex 1.9750984534621239 72.59220130741596 0
      vertex 2.073236398398876 72.73907511681318 0
      vertex 63.21841863542795 73.67961762100458 0
    endloop
  endfacet
  facet normal 0 0 -1
    outer loop
      vertex 2.073236398398876 72.73907511681318 0
      vertex 2.669519819319248 73.54307024180889 0
      vertex 62.546201176941395 74.42129528522491 0
    endloop
  endfacet
  facet normal 0 0 -1
    outer loop
      vertex 2.669519819319248 73.54307024180889 0
      vertex 2.7815813571214676 73.67961762100458 0
      vertex 62.421295285224915 74.5462011769414 0
    endloop
  endfacet
  facet normal 0 0 -1
    outer loop
      vertex 2.7815813571214676 73.67961762100458 0
      vertex 3.4537988156080246 74.42129528522491 0
      vertex 61.67961762100458 75.21841863542795 0
    endloop
  endfacet
  facet normal 0 0 -1
    outer loop
      vertex 3.4537988156080246 74.42129528522491 0
      vertex 3.578704707324505 74.5462011769414 0
      vertex 61.54307024180889 75.33048017323017 0
    endloop
  endfacet
  facet normal 0 0 -1
    outer loop
      vertex 3.578704707324505 74.5462011769414 0
      vertex 4.320382371544838 75.21841863542795 0
      vertex 60.73907511681318 75.92676359415054 0
    endloop
  endfacet
  facet normal 0 0 -1
    outer loop
      vertex 4.320382371544838 75.21841863542795 0
      vertex 4.456929750740528 75.33048017323017 0
      vertex 60.59220130741596 76.0249015390873 0
    endloop
  endfacet
  facet normal 0 0 -1
    outer loop
      vertex 4.456929750740528 75.33048017323017 0
      vertex 5.260924875736237 75.92676359415054 0
      vertex 59.733631648123264 76.5395083874464 0
    endloop
  endfacet
  facet normal 0 0 -1
    outer loop
      vertex 5.260924875736237 75.92676359415054 0
      vertex 5.407798685133457 76.0249015390873 0
      vertex 59.5778458788991 76.62277761101723 0
    endloop
  endfacet
  facet normal 0 0 -1
    outer loop
      vertex 5.407798685133457 76.0249015390873 0
      vertex 6.266368344426155 76.5395083874464 0
      vertex 58.6729701757431 77.05075194686651 0
    endloop
  endfacet
  facet normal 0 0 -1
    outer loop
      vertex 6.266368344426155 76.5395083874464 0
      vertex 6.422154113650322 76.62277761101723 0
      vertex 58.50977274030447 77.11835054308176 0
    endloop
  endfacet
  facet normal 0 0 -1
    outer loop
      vertex 6.422154113650322 76.62277761101723 0
      vertex 7.327029816806316 77.05075194686651 0
      vertex 57.5673054382205 77.45557073503733 0
    endloop
  endfacet
  facet normal 0 0 -1
    outer loop
      vertex 7.327029816806316 77.05075194686651 0
      vertex 7.490227252244949 77.11835054308176 0
      vertex 57.39826802909374 77.50684767216444 0
    endloop
  endfacet
  facet normal 0 0 -1
    outer loop
      vertex 7.490227252244949 77.11835054308176 0
      vertex 8.432694554328918 77.45557073503733 0
      vertex 56.427285604178905 77.75006610900164 0
    endloop
  endfacet
  facet normal 0 0 -1
    outer loop
      vertex 8.432694554328918 77.45557073503733 0
      vertex 8.601731963455677 77.50684767216444 0
      vertex 56.254036135971546 77.78452757000923 0
    endloop
  endfacet
  facet normal 0 0 -1
    outer loop
      vertex 8.601731963455677 77.50684767216444 0
      vertex 9.572714388370514 77.75006610900164 0
      vertex 55.26388967782259 77.93140192329884 0
    endloop
  endfacet
  facet normal 0 1 0
    outer loop
      vertex 12 77.99999999254942 2.3999999999999986
      vertex 53.99999999254942 77.99999999254942 2.3999999999999986
      vertex 12 77.99999999254942 0
    endloop
  endfacet
  facet normal 0 0 -1
    outer loop
      vertex 0 65.99999999254942 0
      vertex 65.94871602207422 67.08809664100409 0
      vertex 33 65.85 0
    endloop
  endfacet
  facet normal 0 0 -1
    outer loop
      vertex 9.572714388370514 77.75006610900164 0
      vertex 9.745963856577873 77.78452757000923 0
      vertex 55.088096641004086 77.94871602207422 0
    endloop
  endfacet
  facet normal 0 0 -1
    outer loop
      vertex 9.745963856577873 77.78452757000923 0
      vertex 10.73611031472683 77.93140192329884 0
      vertex 54.088321812450886 77.99783181399107 0
    endloop
  endfacet
  facet normal 0 0 -1
    outer loop
      vertex 10.73611031472683 77.93140192329884 0
      vertex 10.911903351545334 77.94871602207422 0
      vertex 53.99999999254942 77.99999999254942 0
    endloop
  endfacet
  facet normal 0 0 -1
    outer loop
      vertex 10.911903351545334 77.94871602207422 0
      vertex 12 77.99999999254942 0
      vertex 53.99999999254942 77.99999999254942 0
    endloop
  endfacet
  facet normal 0 0 1
    outer loop
      vertex 12 0 2.3999999999999986
      vertex 53.2 0 2.3999999999999986
      vertex 53.2 2.0999999940395355 2.3999999999999986
    endloop
  endfacet
  facet normal 0 0 1
    outer loop
      vertex 12.041732653975487 3.5 2.3999999999999986
      vertex 53.2 3.5 2.3999999999999986
      vertex 53.2 5.8 2.3999999999999986
    endloop
  endfacet
  facet normal 0 0 1
    outer loop
      vertex 7.994094200432301 4.505477353930473 2.3999999999999986
      vertex 53.2 5.8 2.3999999999999986
      vertex 60.56900401413441 6.608957700431347 2.3999999999999986
    endloop
  endfacet
  facet normal 0 0 1
    outer loop
      vertex 3.5 12.041732653975487 2.3999999999999986
      vertex 62.49999999254942 12.041732653975487 2.3999999999999986
      vertex 33.60959782223437 21.39042529496236 2.3999999999999986
    endloop
  endfacet
  facet normal 0 0 1
    outer loop
      vertex 6.608957700431347 5.430995970964432 2.3999999999999986
      vertex 60.56900401413441 6.608957700431347 2.3999999999999986
      vertex 61.06578700989485 7.278792023658752 2.3999999999999986
    endloop
  endfacet
  facet normal 0 0 1
    outer loop
      vertex 5.99104206264019 5.99104206264019 2.3999999999999986
      vertex 61.06578700989485 7.278792023658752 2.3999999999999986
      vertex 61.494522631168365 7.994094200432301 2.3999999999999986
    endloop
  endfacet
  facet normal 0 0 1
    outer loop
      vertex 5.99104206264019 5.99104206264019 2.3999999999999986
      vertex 61.494522631168365 7.994094200432301 2.3999999999999986
      vertex 61.851081877946854 8.747975379228592 2.3999999999999986
    endloop
  endfacet
  facet normal 0 0 1
    outer loop
      vertex 4.934212975203991 7.278792023658752 2.3999999999999986
      vertex 61.851081877946854 8.747975379228592 2.3999999999999986
      vertex 62.13203094154596 9.53317541629076 2.3999999999999986
    endloop
  endfacet
  facet normal 0 0 1
    outer loop
      vertex 4.505477353930473 7.994094200432301 2.3999999999999986
      vertex 62.13203094154596 9.53317541629076 2.3999999999999986
      vertex 62.334664069116116 10.342132218182087 2.3999999999999986
    endloop
  endfacet
  facet normal 0 0 1
    outer loop
      vertex 4.505477353930473 7.994094200432301 2.3999999999999986
      vertex 62.334664069116116 10.342132218182087 2.3999999999999986
      vertex 62.45702983438969 11.16705521196127 2.3999999999999986
    endloop
  endfacet
  facet normal 0 0 1
    outer loop
      vertex 3.8679690435528755 9.53317541629076 2.3999999999999986
      vertex 62.45702983438969 11.16705521196127 2.3999999999999986
      vertex 62.49999999254942 12.041732653975487 2.3999999999999986
    endloop
  endfacet
  facet normal 0 0 1
    outer loop
      vertex 62.49999999254942 12.041732653975487 2.3999999999999986
      vertex 33.803635207966686 21.459852981726296 2.3999999999999986
      vertex 33.60959782223437 21.39042529496236 2.3999999999999986
    endloop
  endfacet
  facet normal 0 0 1
    outer loop
      vertex 62.49999999254942 12.041732653975487 2.3999999999999986
      vertex 33.9899331473346 21.54796534486845 2.3999999999999986
      vertex 33.803635207966686 21.459852981726296 2.3999999999999986
    endloop
  endfacet
  facet normal 0 0 1
    outer loop
      vertex 62.49999999254942 12.041732653975487 2.3999999999999986
      vertex 34.16669748934117 21.653913814164653 2.3999999999999986
      vertex 33.9899331473346 21.54796534486845 2.3999999999999986
    endloop
  endfacet
  facet normal 0 0 1
    outer loop
      vertex 62.49999999254942 12.041732653975487 2.3999999999999986
      vertex 34.33222589674366 21.77667804793825 2.3999999999999986
      vertex 34.16669748934117 21.653913814164653 2.3999999999999986
    endloop
  endfacet
  facet normal 0 0 1
    outer loop
      vertex 62.49999999254942 12.041732653975487 2.3999999999999986
      vertex 34.48492424049175 21.915075759508248 2.3999999999999986
      vertex 34.33222589674366 21.77667804793825 2.3999999999999986
    endloop
  endfacet
  facet normal 0 0 1
    outer loop
      vertex 62.49999999254942 12.041732653975487 2.3999999999999986
      vertex 34.62332195206175 22.067774103256344 2.3999999999999986
      vertex 34.48492424049175 21.915075759508248 2.3999999999999986
    endloop
  endfacet
  facet normal 0 0 1
    outer loop
      vertex 62.49999999254942 12.041732653975487 2.3999999999999986
      vertex 34.746086185835345 22.233302510658834 2.3999999999999986
      vertex 34.62332195206175 22.067774103256344 2.3999999999999986
    endloop
  endfacet
  facet normal 0 0 1
    outer loop
      vertex 62.49999999254942 12.041732653975487 2.3999999999999986
      vertex 34.85203465513155 22.410066852665402 2.3999999999999986
      vertex 34.746086185835345 22.233302510658834 2.3999999999999986
    endloop
  endfacet
  facet normal 0 0 1
    outer loop
      vertex 62.49999999254942 12.041732653975487 2.3999999999999986
      vertex 34.940147018273706 22.59636479203331 2.3999999999999986
      vertex 34.85203465513155 22.410066852665402 2.3999999999999986
    endloop
  endfacet
  facet normal 0 0 1
    outer loop
      vertex 62.49999999254942 12.041732653975487 2.3999999999999986
      vertex 35.009574705037636 22.79040217776563 2.3999999999999986
      vertex 34.940147018273706 22.59636479203331 2.3999999999999986
    endloop
  endfacet
  facet normal 0 0 1
    outer loop
      vertex 62.49999999254942 12.041732653975487 2.3999999999999986
      vertex 35.05964908884678 22.990310323766128 2.3999999999999986
      vertex 35.009574705037636 22.79040217776563 2.3999999999999986
    endloop
  endfacet
  facet normal 0 0 1
    outer loop
      vertex 62.49999999254942 12.041732653975487 2.3999999999999986
      vertex 35.08988792601161 23.194164005307922 2.3999999999999986
      vertex 35.05964908884678 22.990310323766128 2.3999999999999986
    endloop
  endfacet
  facet normal 0 0 1
    outer loop
      vertex 49.25 36.25 2.3999999999999986
      vertex 35.08988792601161 30.605835994692075 2.3999999999999986
      vertex 35.1 30.4 2.3999999999999986
    endloop
  endfacet
  facet normal 0 0 1
    outer loop
      vertex 49.25 36.25 2.3999999999999986
      vertex 35.05964908884678 30.809689676233866 2.3999999999999986
      vertex 35.08988792601161 30.605835994692075 2.3999999999999986
    endloop
  endfacet
  facet normal 0 0 1
    outer loop
      vertex 49.25 36.25 2.3999999999999986
      vertex 35.009574705037636 31.00959782223437 2.3999999999999986
      vertex 35.05964908884678 30.809689676233866 2.3999999999999986
    endloop
  endfacet
  facet normal 0 0 1
    outer loop
      vertex 49.25 36.25 2.3999999999999986
      vertex 34.940147018273706 31.203635207966688 2.3999999999999986
      vertex 35.009574705037636 31.00959782223437 2.3999999999999986
    endloop
  endfacet
  facet normal 0 0 1
    outer loop
      vertex 49.25 36.25 2.3999999999999986
      vertex 34.85203465513155 31.389933147334595 2.3999999999999986
      vertex 34.940147018273706 31.203635207966688 2.3999999999999986
    endloop
  endfacet
  facet normal 0 0 1
    outer loop
      vertex 49.25 36.25 2.3999999999999986
      vertex 34.746086185835345 31.566697489341163 2.3999999999999986
      vertex 34.85203465513155 31.389933147334595 2.3999999999999986
    endloop
  endfacet
  facet normal 0 0 1
    outer loop
      vertex 62.49999999254942 12.041732653975487 2.3999999999999986
      vertex 35.1 23.4 2.3999999999999986
      vertex 35.08988792601161 23.194164005307922 2.3999999999999986
    endloop
  endfacet
  facet normal 0 0 1
    outer loop
      vertex 62.49999999254942 12.041732653975487 2.3999999999999986
      vertex 35.1 30.4 2.3999999999999986
      vertex 35.1 23.4 2.3999999999999986
    endloop
  endfacet
  facet normal 0 0 1
    outer loop
      vertex 49.25 36.25 2.3999999999999986
      vertex 35.1 30.4 2.3999999999999986
      vertex 62.49999999254942 12.041732653975487 2.3999999999999986
    endloop
  endfacet
  facet normal 0 0 -1
    outer loop
      vertex 2.669519819319248 4.456929750740528 0
      vertex 53.2 5.8 0
      vertex 53.2 0 0
    endloop
  endfacet
  facet normal 0 -1 0
    outer loop
      vertex 12 0 0
      vertex 53.2 0 0
      vertex 53.2 0 2.3999999999999986
    endloop
  endfacet
  facet normal 0 0 -1
    outer loop
      vertex 2.669519819319248 4.456929750740528 0
      vertex 64.5395083874464 6.266368344426155 0
      vertex 53.2 5.8 0
    endloop
  endfacet
  facet normal 0 0 -1
    outer loop
      vertex 0.05128397047519684 10.911903351545334 0
      vertex 33.82913386856855 19.231662558286267 0
      vertex 65.99999999254942 12 0
    endloop
  endfacet
  facet normal 0 0 -1
    outer loop
      vertex 2.073236398398876 5.260924875736237 0
      vertex 64.62277761101723 6.422154113650322 0
      vertex 64.5395083874464 6.266368344426155 0
    endloop
  endfacet
  facet normal 0 0 -1
    outer loop
      vertex 1.9750984534621239 5.407798685133457 0
      vertex 65.05075194686651 7.327029816806316 0
      vertex 64.62277761101723 6.422154113650322 0
    endloop
  endfacet
  facet normal 0 0 -1
    outer loop
      vertex 1.460491605103016 6.266368344426155 0
      vertex 65.11835054308176 7.490227252244949 0
      vertex 65.05075194686651 7.327029816806316 0
    endloop
  endfacet
  facet normal 0 0 -1
    outer loop
      vertex 1.3772223815321922 6.422154113650322 0
      vertex 65.45557073503733 8.432694554328918 0
      vertex 65.11835054308176 7.490227252244949 0
    endloop
  endfacet
  facet normal 0 0 -1
    outer loop
      vertex 0.9492480456829071 7.327029816806316 0
      vertex 65.50684767216444 8.601731963455677 0
      vertex 65.45557073503733 8.432694554328918 0
    endloop
  endfacet
  facet normal 0 0 -1
    outer loop
      vertex 0.881649449467659 7.490227252244949 0
      vertex 65.75006610900164 9.572714388370514 0
      vertex 65.50684767216444 8.601731963455677 0
    endloop
  endfacet
  facet normal 0 0 -1
    outer loop
      vertex 0.5444292575120926 8.432694554328918 0
      vertex 65.78452757000923 9.745963856577873 0
      vertex 65.75006610900164 9.572714388370514 0
    endloop
  endfacet
  facet normal 0 0 -1
    outer loop
      vertex 0.49315232038497925 8.601731963455677 0
      vertex 65.93140192329884 10.73611031472683 0
      vertex 65.78452757000923 9.745963856577873 0
    endloop
  endfacet
  facet normal 0 0 -1
    outer loop
      vertex 0.2499338835477829 9.572714388370514 0
      vertex 65.94871602207422 10.911903351545334 0
      vertex 65.93140192329884 10.73611031472683 0
    endloop
  endfacet
  facet normal 0 0 -1
    outer loop
      vertex 0.21547242254018784 9.745963856577873 0
      vertex 65.99783181399107 11.911678180098534 0
      vertex 65.94871602207422 10.911903351545334 0
    endloop
  endfacet
  facet normal 0 0 -1
    outer loop
      vertex 0.06859806925058365 10.73611031472683 0
      vertex 65.99999999254942 12 0
      vertex 65.99783181399107 11.911678180098534 0
    endloop
  endfacet
  facet normal 0 0 -1
    outer loop
      vertex 65.99999999254942 12 0
      vertex 33.82913386856855 19.231662558286267 0
      vertex 34.23370987833147 19.33300357313811 0
    endloop
  endfacet
  facet normal 0 0 -1
    outer loop
      vertex 65.99999999254942 12 0
      vertex 34.23370987833147 19.33300357313811 0
      vertex 34.62640458755163 19.47351198682703 0
    endloop
  endfacet
  facet normal 0 0 -1
    outer loop
      vertex 65.99999999254942 12 0
      vertex 34.62640458755163 19.47351198682703 0
      vertex 35.00343613151049 19.651834626519488 0
    endloop
  endfacet
  facet normal 0 0 -1
    outer loop
      vertex 65.99999999254942 12 0
      vertex 35.00343613151049 19.651834626519488 0
      vertex 35.36117349033331 19.86625414771418 0
    endloop
  endfacet
  facet normal 0 0 -1
    outer loop
      vertex 65.99999999254942 12 0
      vertex 35.36117349033331 19.86625414771418 0
      vertex 35.69617145769549 20.114705573208365 0
    endloop
  endfacet
  facet normal 0 0 -1
    outer loop
      vertex 65.99999999254942 12 0
      vertex 35.69617145769549 20.114705573208365 0
      vertex 36.00520382004283 20.394796179957172 0
    endloop
  endfacet
  facet normal 0 0 -1
    outer loop
      vertex 65.99999999254942 12 0
      vertex 36.00520382004283 20.394796179957172 0
      vertex 36.28529442679163 20.703828542304507 0
    endloop
  endfacet
  facet normal 0 0 -1
    outer loop
      vertex 65.99999999254942 12 0
      vertex 36.28529442679163 20.703828542304507 0
      vertex 36.53374585228582 21.03882650966669 0
    endloop
  endfacet
  facet normal 0 0 -1
    outer loop
      vertex 65.99999999254942 12 0
      vertex 36.53374585228582 21.03882650966669 0
      vertex 36.74816537348051 21.39656386848951 0
    endloop
  endfacet
  facet normal 0 0 -1
    outer loop
      vertex 65.99999999254942 12 0
      vertex 36.74816537348051 21.39656386848951 0
      vertex 36.92648801317297 21.773595412448365 0
    endloop
  endfacet
  facet normal 0 0 -1
    outer loop
      vertex 65.99999999254942 12 0
      vertex 36.92648801317297 21.773595412448365 0
      vertex 37.06699642686189 22.166290121668535 0
    endloop
  endfacet
  facet normal 0 0 -1
    outer loop
      vertex 65.99999999254942 12 0
      vertex 37.06699642686189 22.166290121668535 0
      vertex 37.16833744171373 22.570866131431455 0
    endloop
  endfacet
  facet normal 0 0 -1
    outer loop
      vertex 65.99999999254942 12 0
      vertex 37.16833744171373 22.570866131431455 0
      vertex 37.22953508835684 22.983427153599365 0
    endloop
  endfacet
  facet normal 0 0 -1
    outer loop
      vertex 65.99999999254942 12 0
      vertex 37.22953508835684 22.983427153599365 0
      vertex 37.25 23.4 0
    endloop
  endfacet
  facet normal 0 0 -1
    outer loop
      vertex 65.99999999254942 12 0
      vertex 37.25 23.4 0
      vertex 37.25 30.4 0
    endloop
  endfacet
  facet normal 0 0 -1
    outer loop
      vertex 65.99999999254942 12 0
      vertex 37.25 30.4 0
      vertex 37.22953508835684 30.816572846400632 0
    endloop
  endfacet
  facet normal 0 0 -1
    outer loop
      vertex 65.99999999254942 12 0
      vertex 37.16833744171373 31.229133868568542 0
      vertex 37.06699642686189 31.633709878331466 0
    endloop
  endfacet
  facet normal 0 0 -1
    outer loop
      vertex 65.99999999254942 12 0
      vertex 37.22953508835684 30.816572846400632 0
      vertex 37.16833744171373 31.229133868568542 0
    endloop
  endfacet
  facet normal 0 0 -1
    outer loop
      vertex 65.99999999254942 12 0
      vertex 36.92648801317297 32.02640458755163 0
      vertex 36.74816537348051 32.40343613151049 0
    endloop
  endfacet
  facet normal 0 0 -1
    outer loop
      vertex 65.99999999254942 12 0
      vertex 37.06699642686189 31.633709878331466 0
      vertex 36.92648801317297 32.02640458755163 0
    endloop
  endfacet
  facet normal 0 0 1
    outer loop
      vertex 60.00895792245865 5.99104206264019 2.3999999999999986
      vertex 53.2 5.8 2.3999999999999986
      vertex 59.79817548912708 5.8 2.3999999999999986
    endloop
  endfacet
  facet normal 0 0 1
    outer loop
      vertex 60.59220130741596 1.9750984534621239 2.3999999999999986
      vertex 60.73907511681318 2.073236398398876 2.3999999999999986
      vertex 60.2 1.7400220370675374 2.3999999999999986
    endloop
  endfacet
  facet normal 0 0 1
    outer loop
      vertex 60.73907511681318 2.073236398398876 2.3999999999999986
      vertex 61.54307024180889 2.669519819319248 2.3999999999999986
      vertex 60.2 1.7400220370675374 2.3999999999999986
    endloop
  endfacet
  facet normal 0 0 1
    outer loop
      vertex 61.54307024180889 2.669519819319248 2.3999999999999986
      vertex 61.67961762100458 2.7815813571214676 2.3999999999999986
      vertex 60.2 1.7400220370675374 2.3999999999999986
    endloop
  endfacet
  facet normal 0 0 1
    outer loop
      vertex 63.21841863542795 4.320382371544838 2.3999999999999986
      vertex 60.2 4.287948357864537 2.3999999999999986
      vertex 60.2 1.7400220370675374 2.3999999999999986
    endloop
  endfacet
  facet normal 0 0 1
    outer loop
      vertex 61.67961762100458 2.7815813571214676 2.3999999999999986
      vertex 62.421295285224915 3.4537988156080246 2.3999999999999986
      vertex 60.2 1.7400220370675374 2.3999999999999986
    endloop
  endfacet
  facet normal 0 0 1
    outer loop
      vertex 62.421295285224915 3.4537988156080246 2.3999999999999986
      vertex 62.546201176941395 3.578704707324505 2.3999999999999986
      vertex 60.2 1.7400220370675374 2.3999999999999986
    endloop
  endfacet
  facet normal 0 0 1
    outer loop
      vertex 60.28026398271322 4.3474761843681335 2.3999999999999986
      vertex 60.2 4.287948357864537 2.3999999999999986
      vertex 63.21841863542795 4.320382371544838 2.3999999999999986
    endloop
  endfacet
  facet normal 0 0 1
    outer loop
      vertex 60.28026398271322 4.3474761843681335 2.3999999999999986
      vertex 63.33048017323017 4.456929750740528 2.3999999999999986
      vertex 61.000101290643215 4.999898694455624 2.3999999999999986
    endloop
  endfacet
  facet normal 0 0 1
    outer loop
      vertex 60.00895792245865 5.99104206264019 2.3999999999999986
      vertex 60.56900401413441 6.608957700431347 2.3999999999999986
      vertex 53.2 5.8 2.3999999999999986
    endloop
  endfacet
  facet normal 0 0 1
    outer loop
      vertex 62.546201176941395 3.578704707324505 2.3999999999999986
      vertex 63.21841863542795 4.320382371544838 2.3999999999999986
      vertex 60.2 1.7400220370675374 2.3999999999999986
    endloop
  endfacet
  facet normal 0 0 1
    outer loop
      vertex 60.28026398271322 4.3474761843681335 2.3999999999999986
      vertex 63.21841863542795 4.320382371544838 2.3999999999999986
      vertex 63.33048017323017 4.456929750740528 2.3999999999999986
    endloop
  endfacet
  facet normal 0 0 1
    outer loop
      vertex 61.000101290643215 4.999898694455624 2.3999999999999986
      vertex 64.0249015390873 5.407798685133457 2.3999999999999986
      vertex 61.652523800730705 5.719736002385616 2.3999999999999986
    endloop
  endfacet
  facet normal 0 0 1
    outer loop
      vertex 61.000101290643215 4.999898694455624 2.3999999999999986
      vertex 63.33048017323017 4.456929750740528 2.3999999999999986
      vertex 63.92676359415054 5.260924875736237 2.3999999999999986
    endloop
  endfacet
  facet normal 0 0 1
    outer loop
      vertex 61.652523800730705 5.719736002385616 2.3999999999999986
      vertex 64.62277761101723 6.422154113650322 2.3999999999999986
      vertex 62.231248296797276 6.500055655837059 2.3999999999999986
    endloop
  endfacet
  facet normal 0 0 1
    outer loop
      vertex 61.000101290643215 4.999898694455624 2.3999999999999986
      vertex 63.92676359415054 5.260924875736237 2.3999999999999986
      vertex 64.0249015390873 5.407798685133457 2.3999999999999986
    endloop
  endfacet
  facet normal 0 0 1
    outer loop
      vertex 61.652523800730705 5.719736002385616 2.3999999999999986
      vertex 64.0249015390873 5.407798685133457 2.3999999999999986
      vertex 64.5395083874464 6.266368344426155 2.3999999999999986
    endloop
  endfacet
  facet normal 0 0 1
    outer loop
      vertex 62.231248296797276 6.500055655837059 2.3999999999999986
      vertex 65.05075194686651 7.327029816806316 2.3999999999999986
      vertex 62.73070143163204 7.333342872560024 2.3999999999999986
    endloop
  endfacet
  facet normal 0 0 1
    outer loop
      vertex 61.652523800730705 5.719736002385616 2.3999999999999986
      vertex 64.5395083874464 6.266368344426155 2.3999999999999986
      vertex 64.62277761101723 6.422154113650322 2.3999999999999986
    endloop
  endfacet
  facet normal 0 0 1
    outer loop
      vertex 62.73070143163204 7.333342872560024 2.3999999999999986
      vertex 65.11835054308176 7.490227252244949 2.3999999999999986
      vertex 63.14607309550047 8.211572460830212 2.3999999999999986
    endloop
  endfacet
  facet normal 0 0 1
    outer loop
      vertex 62.231248296797276 6.500055655837059 2.3999999999999986
      vertex 64.62277761101723 6.422154113650322 2.3999999999999986
      vertex 65.05075194686651 7.327029816806316 2.3999999999999986
    endloop
  endfacet
  facet normal 0 0 1
    outer loop
      vertex 62.73070143163204 7.333342872560024 2.3999999999999986
      vertex 65.05075194686651 7.327029816806316 2.3999999999999986
      vertex 65.11835054308176 7.490227252244949 2.3999999999999986
    endloop
  endfacet
  facet normal 0 0 1
    outer loop
      vertex 63.14607309550047 8.211572460830212 2.3999999999999986
      vertex 65.11835054308176 7.490227252244949 2.3999999999999986
      vertex 65.45557073503733 8.432694554328918 2.3999999999999986
    endloop
  endfacet
  facet normal 0 0 1
    outer loop
      vertex 63.14607309550047 8.211572460830212 2.3999999999999986
      vertex 65.45557073503733 8.432694554328918 2.3999999999999986
      vertex 65.50684767216444 8.601731963455677 2.3999999999999986
    endloop
  endfacet
  facet normal 0 0 1
    outer loop
      vertex 63.14607309550047 8.211572460830212 2.3999999999999986
      vertex 65.50684767216444 8.601731963455677 2.3999999999999986
      vertex 63.47336310148239 9.126286759972572 2.3999999999999986
    endloop
  endfacet
  facet normal 0 0 1
    outer loop
      vertex 63.47336310148239 9.126286759972572 2.3999999999999986
      vertex 65.78452757000923 9.745963856577873 2.3999999999999986
      vertex 63.709419414401054 10.068676374852657 2.3999999999999986
    endloop
  endfacet
  facet normal 0 0 1
    outer loop
      vertex 63.47336310148239 9.126286759972572 2.3999999999999986
      vertex 65.50684767216444 8.601731963455677 2.3999999999999986
      vertex 65.75006610900164 9.572714388370514 2.3999999999999986
    endloop
  endfacet
  facet normal 0 0 1
    outer loop
      vertex 63.47336310148239 9.126286759972572 2.3999999999999986
      vertex 65.75006610900164 9.572714388370514 2.3999999999999986
      vertex 65.78452757000923 9.745963856577873 2.3999999999999986
    endloop
  endfacet
  facet normal 0 0 1
    outer loop
      vertex 63.709419414401054 10.068676374852657 2.3999999999999986
      vertex 65.94871602207422 10.911903351545334 2.3999999999999986
      vertex 63.851968728005886 11.029665760695934 2.3999999999999986
    endloop
  endfacet
  facet normal 0 0 1
    outer loop
      vertex 63.851968728005886 11.029665760695934 2.3999999999999986
      vertex 65.99999999254942 12 2.3999999999999986
      vertex 63.899999998509884 12.007364638149738 2.3999999999999986
    endloop
  endfacet
  facet normal 0 0 1
    outer loop
      vertex 65.78452757000923 9.745963856577873 2.3999999999999986
      vertex 65.93140192329884 10.73611031472683 2.3999999999999986
      vertex 63.709419414401054 10.068676374852657 2.3999999999999986
    endloop
  endfacet
  facet normal 0 0 1
    outer loop
      vertex 63.709419414401054 10.068676374852657 2.3999999999999986
      vertex 65.93140192329884 10.73611031472683 2.3999999999999986
      vertex 65.94871602207422 10.911903351545334 2.3999999999999986
    endloop
  endfacet
  facet normal 0 0 1
    outer loop
      vertex 63.851968728005886 11.029665760695934 2.3999999999999986
      vertex 65.94871602207422 10.911903351545334 2.3999999999999986
      vertex 65.99783181399107 11.911678180098534 2.3999999999999986
    endloop
  endfacet
  facet normal 0 0 1
    outer loop
      vertex 63.851968728005886 11.029665760695934 2.3999999999999986
      vertex 65.99783181399107 11.911678180098534 2.3999999999999986
      vertex 65.99999999254942 12 2.3999999999999986
    endloop
  endfacet
  facet normal 0 0 1
    outer loop
      vertex 49.25 36.25 2.3999999999999986
      vertex 62.49999999254942 12.041732653975487 2.3999999999999986
      vertex 60.25 36.25 2.3999999999999986
    endloop
  endfacet
  facet normal 0 0 1
    outer loop
      vertex 62.49999999254942 12.041732653975487 2.3999999999999986
      vertex 62.49999999254942 65.95826733112335 2.3999999999999986
      vertex 60.25 36.25 2.3999999999999986
    endloop
  endfacet
  facet normal 0 0 1
    outer loop
      vertex 63.899999998509884 12.007364638149738 2.3999999999999986
      vertex 65.99999999254942 12 2.3999999999999986
      vertex 63.899999998509884 65.9926353469491 2.3999999999999986
    endloop
  endfacet
  facet normal 0.5141027431788912 -0.8577286106082382 7.629507035103876e-19
    outer loop
      vertex 60.59220130741596 1.9750984534621239 2.3999999999999986
      vertex 60.2 1.7400220370675374 2.3999999999999986
      vertex 60.2 1.7400220370675374 0
    endloop
  endfacet
  facet normal 0.5555702448693045 -0.8314696043848272 0
    outer loop
      vertex 60.59220130741596 1.9750984534621239 2.3999999999999986
      vertex 60.73907511681318 2.073236398398876 0
      vertex 60.73907511681318 2.073236398398876 2.3999999999999986
    endloop
  endfacet
  facet normal 0.5956993027311486 -0.8032075327869026 0
    outer loop
      vertex 60.73907511681318 2.073236398398876 2.3999999999999986
      vertex 61.54307024180889 2.669519819319248 0
      vertex 61.54307024180889 2.669519819319248 2.3999999999999986
    endloop
  endfacet
  facet normal 0.6343932833283641 -0.7730104540482348 0
    outer loop
      vertex 61.54307024180889 2.669519819319248 2.3999999999999986
      vertex 61.67961762100458 2.7815813571214676 0
      vertex 61.67961762100458 2.7815813571214676 2.3999999999999986
    endloop
  endfacet
  facet normal 0.6715589587936629 -0.740951121777929 0
    outer loop
      vertex 61.67961762100458 2.7815813571214676 2.3999999999999986
      vertex 62.421295285224915 3.4537988156080246 0
      vertex 62.421295285224915 3.4537988156080246 2.3999999999999986
    endloop
  endfacet
  facet normal 0.7071067811865476 -0.7071067811865476 0
    outer loop
      vertex 62.421295285224915 3.4537988156080246 2.3999999999999986
      vertex 62.546201176941395 3.578704707324505 0
      vertex 62.546201176941395 3.578704707324505 2.3999999999999986
    endloop
  endfacet
  facet normal 0.740951121777929 -0.6715589587936629 0
    outer loop
      vertex 62.546201176941395 3.578704707324505 2.3999999999999986
      vertex 63.21841863542795 4.320382371544838 0
      vertex 63.21841863542795 4.320382371544838 2.3999999999999986
    endloop
  endfacet
  facet normal 0.7730104540482348 -0.6343932833283641 0
    outer loop
      vertex 63.21841863542795 4.320382371544838 2.3999999999999986
      vertex 63.33048017323017 4.456929750740528 0
      vertex 63.33048017323017 4.456929750740528 2.3999999999999986
    endloop
  endfacet
  facet normal 0.8032075327869026 -0.5956993027311486 0
    outer loop
      vertex 63.33048017323017 4.456929750740528 2.3999999999999986
      vertex 63.92676359415054 5.260924875736237 0
      vertex 63.92676359415054 5.260924875736237 2.3999999999999986
    endloop
  endfacet
  facet normal 0.8314696043848272 -0.5555702448693045 0
    outer loop
      vertex 63.92676359415054 5.260924875736237 2.3999999999999986
      vertex 64.0249015390873 5.407798685133457 0
      vertex 64.0249015390873 5.407798685133457 2.3999999999999986
    endloop
  endfacet
  facet normal 0.8577286106082385 -0.5141027431788913 0
    outer loop
      vertex 64.0249015390873 5.407798685133457 2.3999999999999986
      vertex 64.5395083874464 6.266368344426155 0
      vertex 64.5395083874464 6.266368344426155 2.3999999999999986
    endloop
  endfacet
  facet normal 0.8819212758856856 -0.47139671524117 0
    outer loop
      vertex 64.5395083874464 6.266368344426155 2.3999999999999986
      vertex 64.62277761101723 6.422154113650322 0
      vertex 64.62277761101723 6.422154113650322 2.3999999999999986
    endloop
  endfacet
  facet normal 0.9039892924683371 -0.42755509481538767 0
    outer loop
      vertex 64.62277761101723 6.422154113650322 2.3999999999999986
      vertex 65.05075194686651 7.327029816806316 0
      vertex 65.05075194686651 7.327029816806316 2.3999999999999986
    endloop
  endfacet
  facet normal 0.9238795222794672 -0.38268345706688617 0
    outer loop
      vertex 65.05075194686651 7.327029816806316 2.3999999999999986
      vertex 65.11835054308176 7.490227252244949 0
      vertex 65.11835054308176 7.490227252244949 2.3999999999999986
    endloop
  endfacet
  facet normal 0.9415440654624957 -0.33688985261114 0
    outer loop
      vertex 65.11835054308176 7.490227252244949 2.3999999999999986
      vertex 65.45557073503733 8.432694554328918 0
      vertex 65.45557073503733 8.432694554328918 2.3999999999999986
    endloop
  endfacet
  facet normal 0.9569403362622706 -0.29028467550708303 0
    outer loop
      vertex 65.45557073503733 8.432694554328918 2.3999999999999986
      vertex 65.50684767216444 8.601731963455677 0
      vertex 65.50684767216444 8.601731963455677 2.3999999999999986
    endloop
  endfacet
  facet normal 0.9700312530012025 -0.24298018067512636 0
    outer loop
      vertex 65.50684767216444 8.601731963455677 2.3999999999999986
      vertex 65.75006610900164 9.572714388370514 0
      vertex 65.75006610900164 9.572714388370514 2.3999999999999986
    endloop
  endfacet
  facet normal 0.9807852813356529 -0.195090317328524 0
    outer loop
      vertex 65.75006610900164 9.572714388370514 2.3999999999999986
      vertex 65.78452757000923 9.745963856577873 0
      vertex 65.78452757000923 9.745963856577873 2.3999999999999986
    endloop
  endfacet
  facet normal 0.989176509875971 -0.14673047505406983 0
    outer loop
      vertex 65.78452757000923 9.745963856577873 2.3999999999999986
      vertex 65.93140192329884 10.73611031472683 0
      vertex 65.93140192329884 10.73611031472683 2.3999999999999986
    endloop
  endfacet
  facet normal 0.9951847289480299 -0.09801711722263733 0
    outer loop
      vertex 65.93140192329884 10.73611031472683 2.3999999999999986
      vertex 65.94871602207422 10.911903351545334 0
      vertex 65.94871602207422 10.911903351545334 2.3999999999999986
    endloop
  endfacet
  facet normal 0.9987954560038848 -0.04906767842472137 0
    outer loop
      vertex 65.94871602207422 10.911903351545334 2.3999999999999986
      vertex 65.99783181399107 11.911678180098534 0
      vertex 65.99783181399107 11.911678180098534 2.3999999999999986
    endloop
  endfacet
  facet normal 0.9996988188134978 -0.02454122374490237 0
    outer loop
      vertex 65.99783181399107 11.911678180098534 2.3999999999999986
      vertex 65.99999999254942 12 0
      vertex 65.99999999254942 12 2.3999999999999986
    endloop
  endfacet
  facet normal 0.5141027431788912 -0.8577286106082382 0
    outer loop
      vertex 60.59220130741596 1.9750984534621239 2.3999999999999986
      vertex 60.2 1.7400220370675374 0
      vertex 60.59220130741596 1.9750984534621239 0
    endloop
  endfacet
  facet normal 0.5555702448693045 -0.8314696043848272 0
    outer loop
      vertex 60.59220130741596 1.9750984534621239 2.3999999999999986
      vertex 60.59220130741596 1.9750984534621239 0
      vertex 60.73907511681318 2.073236398398876 0
    endloop
  endfacet
  facet normal 0.5956993027311486 -0.8032075327869026 0
    outer loop
      vertex 60.73907511681318 2.073236398398876 2.3999999999999986
      vertex 60.73907511681318 2.073236398398876 0
      vertex 61.54307024180889 2.669519819319248 0
    endloop
  endfacet
  facet normal 0.6343932833283641 -0.7730104540482348 0
    outer loop
      vertex 61.54307024180889 2.669519819319248 2.3999999999999986
      vertex 61.54307024180889 2.669519819319248 0
      vertex 61.67961762100458 2.7815813571214676 0
    endloop
  endfacet
  facet normal 0 0 -1
    outer loop
      vertex 60.59220130741596 1.9750984534621239 0
      vertex 60.2 1.7400220370675374 0
      vertex 60.2 5.8 0
    endloop
  endfacet
  facet normal 0 0 -1
    outer loop
      vertex 60.59220130741596 1.9750984534621239 0
      vertex 60.2 5.8 0
      vertex 60.73907511681318 2.073236398398876 0
    endloop
  endfacet
  facet normal 0 0 -1
    outer loop
      vertex 60.73907511681318 2.073236398398876 0
      vertex 60.2 5.8 0
      vertex 61.54307024180889 2.669519819319248 0
    endloop
  endfacet
  facet normal 0 0 -1
    outer loop
      vertex 61.54307024180889 2.669519819319248 0
      vertex 60.2 5.8 0
      vertex 61.67961762100458 2.7815813571214676 0
    endloop
  endfacet
  facet normal 0 0 -1
    outer loop
      vertex 61.67961762100458 2.7815813571214676 0
      vertex 60.2 5.8 0
      vertex 62.421295285224915 3.4537988156080246 0
    endloop
  endfacet
  facet normal 0 0 -1
    outer loop
      vertex 62.421295285224915 3.4537988156080246 0
      vertex 60.2 5.8 0
      vertex 62.546201176941395 3.578704707324505 0
    endloop
  endfacet
  facet normal 0 0 -1
    outer loop
      vertex 64.5395083874464 6.266368344426155 0
      vertex 60.2 5.8 0
      vertex 53.2 5.8 0
    endloop
  endfacet
  facet normal 0.6715589587936629 -0.740951121777929 0
    outer loop
      vertex 61.67961762100458 2.7815813571214676 2.3999999999999986
      vertex 61.67961762100458 2.7815813571214676 0
      vertex 62.421295285224915 3.4537988156080246 0
    endloop
  endfacet
  facet normal 0.7071067811865476 -0.7071067811865476 0
    outer loop
      vertex 62.421295285224915 3.4537988156080246 2.3999999999999986
      vertex 62.421295285224915 3.4537988156080246 0
      vertex 62.546201176941395 3.578704707324505 0
    endloop
  endfacet
  facet normal 0.740951121777929 -0.6715589587936629 0
    outer loop
      vertex 62.546201176941395 3.578704707324505 2.3999999999999986
      vertex 62.546201176941395 3.578704707324505 0
      vertex 63.21841863542795 4.320382371544838 0
    endloop
  endfacet
  facet normal 0.7730104540482348 -0.6343932833283641 0
    outer loop
      vertex 63.21841863542795 4.320382371544838 2.3999999999999986
      vertex 63.21841863542795 4.320382371544838 0
      vertex 63.33048017323017 4.456929750740528 0
    endloop
  endfacet
  facet normal 0.8032075327869026 -0.5956993027311486 0
    outer loop
      vertex 63.33048017323017 4.456929750740528 2.3999999999999986
      vertex 63.33048017323017 4.456929750740528 0
      vertex 63.92676359415054 5.260924875736237 0
    endloop
  endfacet
  facet normal 0.8314696043848272 -0.5555702448693045 0
    outer loop
      vertex 63.92676359415054 5.260924875736237 2.3999999999999986
      vertex 63.92676359415054 5.260924875736237 0
      vertex 64.0249015390873 5.407798685133457 0
    endloop
  endfacet
  facet normal 0.8577286106082385 -0.5141027431788913 0
    outer loop
      vertex 64.0249015390873 5.407798685133457 2.3999999999999986
      vertex 64.0249015390873 5.407798685133457 0
      vertex 64.5395083874464 6.266368344426155 0
    endloop
  endfacet
  facet normal 0.8819212758856856 -0.47139671524117 0
    outer loop
      vertex 64.5395083874464 6.266368344426155 2.3999999999999986
      vertex 64.5395083874464 6.266368344426155 0
      vertex 64.62277761101723 6.422154113650322 0
    endloop
  endfacet
  facet normal 0.9039892924683371 -0.42755509481538767 0
    outer loop
      vertex 64.62277761101723 6.422154113650322 2.3999999999999986
      vertex 64.62277761101723 6.422154113650322 0
      vertex 65.05075194686651 7.327029816806316 0
    endloop
  endfacet
  facet normal 0.9238795222794672 -0.38268345706688617 0
    outer loop
      vertex 65.05075194686651 7.327029816806316 2.3999999999999986
      vertex 65.05075194686651 7.327029816806316 0
      vertex 65.11835054308176 7.490227252244949 0
    endloop
  endfacet
  facet normal 0.9415440654624957 -0.33688985261114 0
    outer loop
      vertex 65.11835054308176 7.490227252244949 2.3999999999999986
      vertex 65.11835054308176 7.490227252244949 0
      vertex 65.45557073503733 8.432694554328918 0
    endloop
  endfacet
  facet normal 0.9569403362622706 -0.29028467550708303 0
    outer loop
      vertex 65.45557073503733 8.432694554328918 2.3999999999999986
      vertex 65.45557073503733 8.432694554328918 0
      vertex 65.50684767216444 8.601731963455677 0
    endloop
  endfacet
  facet normal 0.9700312530012025 -0.24298018067512636 0
    outer loop
      vertex 65.50684767216444 8.601731963455677 2.3999999999999986
      vertex 65.50684767216444 8.601731963455677 0
      vertex 65.75006610900164 9.572714388370514 0
    endloop
  endfacet
  facet normal 0.9807852813356529 -0.195090317328524 0
    outer loop
      vertex 65.75006610900164 9.572714388370514 2.3999999999999986
      vertex 65.75006610900164 9.572714388370514 0
      vertex 65.78452757000923 9.745963856577873 0
    endloop
  endfacet
  facet normal 0 0 -1
    outer loop
      vertex 62.546201176941395 3.578704707324505 0
      vertex 60.2 5.8 0
      vertex 63.21841863542795 4.320382371544838 0
    endloop
  endfacet
  facet normal 0 0 -1
    outer loop
      vertex 63.21841863542795 4.320382371544838 0
      vertex 60.2 5.8 0
      vertex 63.33048017323017 4.456929750740528 0
    endloop
  endfacet
  facet normal 0 0 -1
    outer loop
      vertex 63.33048017323017 4.456929750740528 0
      vertex 60.2 5.8 0
      vertex 63.92676359415054 5.260924875736237 0
    endloop
  endfacet
  facet normal 0 0 -1
    outer loop
      vertex 63.92676359415054 5.260924875736237 0
      vertex 60.2 5.8 0
      vertex 64.0249015390873 5.407798685133457 0
    endloop
  endfacet
  facet normal 0 0 -1
    outer loop
      vertex 64.0249015390873 5.407798685133457 0
      vertex 60.2 5.8 0
      vertex 64.5395083874464 6.266368344426155 0
    endloop
  endfacet
  facet normal 0.989176509875971 -0.14673047505406983 0
    outer loop
      vertex 65.78452757000923 9.745963856577873 2.3999999999999986
      vertex 65.78452757000923 9.745963856577873 0
      vertex 65.93140192329884 10.73611031472683 0
    endloop
  endfacet
  facet normal 0.9951847289480299 -0.09801711722263733 0
    outer loop
      vertex 65.93140192329884 10.73611031472683 2.3999999999999986
      vertex 65.93140192329884 10.73611031472683 0
      vertex 65.94871602207422 10.911903351545334 0
    endloop
  endfacet
  facet normal 0.9987954560038848 -0.04906767842472137 0
    outer loop
      vertex 65.94871602207422 10.911903351545334 2.3999999999999986
      vertex 65.94871602207422 10.911903351545334 0
      vertex 65.99783181399107 11.911678180098534 0
    endloop
  endfacet
  facet normal 0.9996988188134978 -0.02454122374490237 0
    outer loop
      vertex 65.99783181399107 11.911678180098534 2.3999999999999986
      vertex 65.99783181399107 11.911678180098534 0
      vertex 65.99999999254942 12 0
    endloop
  endfacet
  facet normal 0 0 -1
    outer loop
      vertex 65.99999999254942 12 0
      vertex 36.74816537348051 32.40343613151049 0
      vertex 65.99999999254942 65.99999999254942 0
    endloop
  endfacet
  facet normal 1 0 0
    outer loop
      vertex 65.99999999254942 12 2.3999999999999986
      vertex 65.99999999254942 12 0
      vertex 65.99999999254942 65.99999999254942 0
    endloop
  endfacet
  facet normal 0 0 1
    outer loop
      vertex 49.25 67.75 2.3999999999999986
      vertex 34.62332195206175 31.732225896743653 2.3999999999999986
      vertex 34.746086185835345 31.566697489341163 2.3999999999999986
    endloop
  endfacet
  facet normal 0 0 1
    outer loop
      vertex 49.25 67.75 2.3999999999999986
      vertex 34.48492424049175 31.88492424049175 2.3999999999999986
      vertex 34.62332195206175 31.732225896743653 2.3999999999999986
    endloop
  endfacet
  facet normal 0 0 1
    outer loop
      vertex 49.25 67.75 2.3999999999999986
      vertex 31.833302510658836 32.146086185835344 2.3999999999999986
      vertex 32.0100668526654 32.252034655131546 2.3999999999999986
    endloop
  endfacet
  facet normal 0 0 1
    outer loop
      vertex 49.25 67.75 2.3999999999999986
      vertex 32.0100668526654 32.252034655131546 2.3999999999999986
      vertex 32.196364792033314 32.3401470182737 2.3999999999999986
    endloop
  endfacet
  facet normal 0 0 1
    outer loop
      vertex 49.25 67.75 2.3999999999999986
      vertex 32.196364792033314 32.3401470182737 2.3999999999999986
      vertex 32.39040217776563 32.40957470503764 2.3999999999999986
    endloop
  endfacet
  facet normal 0 0 1
    outer loop
      vertex 49.25 67.75 2.3999999999999986
      vertex 32.39040217776563 32.40957470503764 2.3999999999999986
      vertex 32.59031032376613 32.45964908884678 2.3999999999999986
    endloop
  endfacet
  facet normal 0 0 1
    outer loop
      vertex 49.25 67.75 2.3999999999999986
      vertex 32.59031032376613 32.45964908884678 2.3999999999999986
      vertex 32.79416400530792 32.48988792601161 2.3999999999999986
    endloop
  endfacet
  facet normal 0 0 1
    outer loop
      vertex 49.25 67.75 2.3999999999999986
      vertex 32.79416400530792 32.48988792601161 2.3999999999999986
      vertex 33 32.5 2.3999999999999986
    endloop
  endfacet
  facet normal 0 0 1
    outer loop
      vertex 49.25 67.75 2.3999999999999986
      vertex 33 32.5 2.3999999999999986
      vertex 33.20583599469208 32.48988792601161 2.3999999999999986
    endloop
  endfacet
  facet normal 0 0 1
    outer loop
      vertex 49.25 67.75 2.3999999999999986
      vertex 33.20583599469208 32.48988792601161 2.3999999999999986
      vertex 33.40968967623387 32.45964908884678 2.3999999999999986
    endloop
  endfacet
  facet normal 0 0 1
    outer loop
      vertex 49.25 67.75 2.3999999999999986
      vertex 33.60959782223437 32.40957470503764 2.3999999999999986
      vertex 33.803635207966686 32.3401470182737 2.3999999999999986
    endloop
  endfacet
  facet normal 0 0 1
    outer loop
      vertex 49.25 67.75 2.3999999999999986
      vertex 33.40968967623387 32.45964908884678 2.3999999999999986
      vertex 33.60959782223437 32.40957470503764 2.3999999999999986
    endloop
  endfacet
  facet normal 0 0 1
    outer loop
      vertex 49.25 67.75 2.3999999999999986
      vertex 33.803635207966686 32.3401470182737 2.3999999999999986
      vertex 33.9899331473346 32.252034655131546 2.3999999999999986
    endloop
  endfacet
  facet normal 0 0 1
    outer loop
      vertex 49.25 67.75 2.3999999999999986
      vertex 33.9899331473346 32.252034655131546 2.3999999999999986
      vertex 34.16669748934117 32.146086185835344 2.3999999999999986
    endloop
  endfacet
  facet normal 0 0 1
    outer loop
      vertex 49.25 67.75 2.3999999999999986
      vertex 34.16669748934117 32.146086185835344 2.3999999999999986
      vertex 34.33222589674366 32.02332195206175 2.3999999999999986
    endloop
  endfacet
  facet normal 0 0 1
    outer loop
      vertex 49.25 67.75 2.3999999999999986
      vertex 34.33222589674366 32.02332195206175 2.3999999999999986
      vertex 34.48492424049175 31.88492424049175 2.3999999999999986
    endloop
  endfacet
  facet normal 0 0 1
    outer loop
      vertex 49.25 67.75 2.3999999999999986
      vertex 34.62332195206175 53.267774103256336 2.3999999999999986
      vertex 34.48492424049175 53.115075759508244 2.3999999999999986
    endloop
  endfacet
  facet normal 0 0 1
    outer loop
      vertex 49.25 67.75 2.3999999999999986
      vertex 34.746086185835345 53.43330251065883 2.3999999999999986
      vertex 34.62332195206175 53.267774103256336 2.3999999999999986
    endloop
  endfacet
  facet normal 0 0 1
    outer loop
      vertex 49.25 67.75 2.3999999999999986
      vertex 34.85203465513155 53.6100668526654 2.3999999999999986
      vertex 34.746086185835345 53.43330251065883 2.3999999999999986
    endloop
  endfacet
  facet normal 0 0 1
    outer loop
      vertex 49.25 67.75 2.3999999999999986
      vertex 34.940147018273706 53.79636479203331 2.3999999999999986
      vertex 34.85203465513155 53.6100668526654 2.3999999999999986
    endloop
  endfacet
  facet normal 0 0 1
    outer loop
      vertex 49.25 36.25 2.3999999999999986
      vertex 49.25 67.75 2.3999999999999986
      vertex 34.746086185835345 31.566697489341163 2.3999999999999986
    endloop
  endfacet
  facet normal 0 0 1
    outer loop
      vertex 49.25 67.75 2.3999999999999986
      vertex 35.009574705037636 53.990402177765624 2.3999999999999986
      vertex 34.940147018273706 53.79636479203331 2.3999999999999986
    endloop
  endfacet
  facet normal 0 0 1
    outer loop
      vertex 49.25 67.75 2.3999999999999986
      vertex 35.05964908884678 54.19031032376613 2.3999999999999986
      vertex 35.009574705037636 53.990402177765624 2.3999999999999986
    endloop
  endfacet
  facet normal 0 0 1
    outer loop
      vertex 49.25 67.75 2.3999999999999986
      vertex 35.08988792601161 54.394164005307914 2.3999999999999986
      vertex 35.05964908884678 54.19031032376613 2.3999999999999986
    endloop
  endfacet
  facet normal 0 0 1
    outer loop
      vertex 49.25 67.75 2.3999999999999986
      vertex 35.1 54.599999999999994 2.3999999999999986
      vertex 35.08988792601161 54.394164005307914 2.3999999999999986
    endloop
  endfacet
  facet normal 0 0 1
    outer loop
      vertex 49.25 67.75 2.3999999999999986
      vertex 35.1 61.599999999999994 2.3999999999999986
      vertex 35.1 54.599999999999994 2.3999999999999986
    endloop
  endfacet
  facet normal 0 0 1
    outer loop
      vertex 49.25 67.75 2.3999999999999986
      vertex 33.40968967623387 63.65964908884678 2.3999999999999986
      vertex 33.60959782223437 63.60957470503763 2.3999999999999986
    endloop
  endfacet
  facet normal 0 0 1
    outer loop
      vertex 49.25 67.75 2.3999999999999986
      vertex 33.60959782223437 63.60957470503763 2.3999999999999986
      vertex 33.803635207966686 63.5401470182737 2.3999999999999986
    endloop
  endfacet
  facet normal 0 0 1
    outer loop
      vertex 49.25 67.75 2.3999999999999986
      vertex 33.9899331473346 63.45203465513154 2.3999999999999986
      vertex 34.16669748934117 63.34608618583534 2.3999999999999986
    endloop
  endfacet
  facet normal 0 0 1
    outer loop
      vertex 49.25 67.75 2.3999999999999986
      vertex 33.803635207966686 63.5401470182737 2.3999999999999986
      vertex 33.9899331473346 63.45203465513154 2.3999999999999986
    endloop
  endfacet
  facet normal 0 0 1
    outer loop
      vertex 49.25 67.75 2.3999999999999986
      vertex 34.85203465513155 62.58993314733459 2.3999999999999986
      vertex 34.940147018273706 62.40363520796668 2.3999999999999986
    endloop
  endfacet
  facet normal 0 0 1
    outer loop
      vertex 49.25 67.75 2.3999999999999986
      vertex 34.48492424049175 63.084924240491745 2.3999999999999986
      vertex 34.62332195206175 62.932225896743645 2.3999999999999986
    endloop
  endfacet
  facet normal 0 0 1
    outer loop
      vertex 49.25 67.75 2.3999999999999986
      vertex 34.62332195206175 62.932225896743645 2.3999999999999986
      vertex 34.746086185835345 62.766697489341155 2.3999999999999986
    endloop
  endfacet
  facet normal 0 0 1
    outer loop
      vertex 49.25 67.75 2.3999999999999986
      vertex 34.746086185835345 62.766697489341155 2.3999999999999986
      vertex 34.85203465513155 62.58993314733459 2.3999999999999986
    endloop
  endfacet
  facet normal 0 0 1
    outer loop
      vertex 49.25 67.75 2.3999999999999986
      vertex 35.08988792601161 61.805835994692075 2.3999999999999986
      vertex 35.1 61.599999999999994 2.3999999999999986
    endloop
  endfacet
  facet normal 0 0 1
    outer loop
      vertex 49.25 67.75 2.3999999999999986
      vertex 35.05964908884678 62.00968967623386 2.3999999999999986
      vertex 35.08988792601161 61.805835994692075 2.3999999999999986
    endloop
  endfacet
  facet normal 0 0 1
    outer loop
      vertex 49.25 67.75 2.3999999999999986
      vertex 34.940147018273706 62.40363520796668 2.3999999999999986
      vertex 35.009574705037636 62.209597822234365 2.3999999999999986
    endloop
  endfacet
  facet normal 0 0 1
    outer loop
      vertex 49.25 67.75 2.3999999999999986
      vertex 35.009574705037636 62.209597822234365 2.3999999999999986
      vertex 35.05964908884678 62.00968967623386 2.3999999999999986
    endloop
  endfacet
  facet normal 0 0 1
    outer loop
      vertex 49.25 67.75 2.3999999999999986
      vertex 34.16669748934117 63.34608618583534 2.3999999999999986
      vertex 34.33222589674366 63.22332195206174 2.3999999999999986
    endloop
  endfacet
  facet normal 0 0 1
    outer loop
      vertex 49.25 67.75 2.3999999999999986
      vertex 34.33222589674366 63.22332195206174 2.3999999999999986
      vertex 34.48492424049175 63.084924240491745 2.3999999999999986
    endloop
  endfacet
  facet normal 0 0 1
    outer loop
      vertex 5.430995970964432 71.39104228466749 2.3999999999999986
      vertex 58.721207961440086 73.06578700989485 2.3999999999999986
      vertex 58.00590578466654 73.49452263116837 2.3999999999999986
    endloop
  endfacet
  facet normal 0 0 1
    outer loop
      vertex 5.430995970964432 71.39104228466749 2.3999999999999986
      vertex 59.39104228466749 72.5690040141344 2.3999999999999986
      vertex 58.721207961440086 73.06578700989485 2.3999999999999986
    endloop
  endfacet
  facet normal 0 0 1
    outer loop
      vertex 6.608957700431347 72.5690040141344 2.3999999999999986
      vertex 56.46682456880808 74.13203094154596 2.3999999999999986
      vertex 55.65786776691675 74.33466406911612 2.3999999999999986
    endloop
  endfacet
  facet normal 0 0 1
    outer loop
      vertex 7.994094200432301 73.49452263116837 2.3999999999999986
      vertex 55.65786776691675 74.33466406911612 2.3999999999999986
      vertex 54.83294477313757 74.45702983438969 2.3999999999999986
    endloop
  endfacet
  facet normal 0 0 1
    outer loop
      vertex 6.608957700431347 72.5690040141344 2.3999999999999986
      vertex 57.25202460587025 73.85108187794685 2.3999999999999986
      vertex 56.46682456880808 74.13203094154596 2.3999999999999986
    endloop
  endfacet
  facet normal 0 0 1
    outer loop
      vertex 6.608957700431347 72.5690040141344 2.3999999999999986
      vertex 58.00590578466654 73.49452263116837 2.3999999999999986
      vertex 57.25202460587025 73.85108187794685 2.3999999999999986
    endloop
  endfacet
  facet normal 0 0 1
    outer loop
      vertex 12.041732653975487 74.49999999254942 2.3999999999999986
      vertex 54.83294477313757 74.45702983438969 2.3999999999999986
      vertex 53.95826733857393 74.49999999254942 2.3999999999999986
    endloop
  endfacet
  facet normal 0 0 1
    outer loop
      vertex 5.260924875736237 75.92676359415054 2.3999999999999986
      vertex 53.9926353469491 75.89999999850988 2.3999999999999986
      vertex 59.733631648123264 76.5395083874464 2.3999999999999986
    endloop
  endfacet
  facet normal 0 0 1
    outer loop
      vertex 10.73611031472683 77.93140192329884 2.3999999999999986
      vertex 54.088321812450886 77.99783181399107 2.3999999999999986
      vertex 53.99999999254942 77.99999999254942 2.3999999999999986
    endloop
  endfacet
  facet normal 0 0 1
    outer loop
      vertex 9.745963856577873 77.78452757000923 2.3999999999999986
      vertex 55.088096641004086 77.94871602207422 2.3999999999999986
      vertex 54.088321812450886 77.99783181399107 2.3999999999999986
    endloop
  endfacet
  facet normal 0 0 1
    outer loop
      vertex 8.601731963455677 77.50684767216444 2.3999999999999986
      vertex 56.254036135971546 77.78452757000923 2.3999999999999986
      vertex 55.26388967782259 77.93140192329884 2.3999999999999986
    endloop
  endfacet
  facet normal 0 0 1
    outer loop
      vertex 9.572714388370514 77.75006610900164 2.3999999999999986
      vertex 55.26388967782259 77.93140192329884 2.3999999999999986
      vertex 55.088096641004086 77.94871602207422 2.3999999999999986
    endloop
  endfacet
  facet normal 0 0 1
    outer loop
      vertex 5.407798685133457 76.0249015390873 2.3999999999999986
      vertex 59.5778458788991 76.62277761101723 2.3999999999999986
      vertex 58.6729701757431 77.05075194686651 2.3999999999999986
    endloop
  endfacet
  facet normal 0 0 1
    outer loop
      vertex 7.490227252244949 77.11835054308176 2.3999999999999986
      vertex 57.39826802909374 77.50684767216444 2.3999999999999986
      vertex 56.427285604178905 77.75006610900164 2.3999999999999986
    endloop
  endfacet
  facet normal 0 0 1
    outer loop
      vertex 8.432694554328918 77.45557073503733 2.3999999999999986
      vertex 56.427285604178905 77.75006610900164 2.3999999999999986
      vertex 56.254036135971546 77.78452757000923 2.3999999999999986
    endloop
  endfacet
  facet normal 0 0 1
    outer loop
      vertex 6.422154113650322 76.62277761101723 2.3999999999999986
      vertex 58.50977274030447 77.11835054308176 2.3999999999999986
      vertex 57.5673054382205 77.45557073503733 2.3999999999999986
    endloop
  endfacet
  facet normal 0 0 1
    outer loop
      vertex 7.327029816806316 77.05075194686651 2.3999999999999986
      vertex 57.5673054382205 77.45557073503733 2.3999999999999986
      vertex 57.39826802909374 77.50684767216444 2.3999999999999986
    endloop
  endfacet
  facet normal 0 0 1
    outer loop
      vertex 6.266368344426155 76.5395083874464 2.3999999999999986
      vertex 58.6729701757431 77.05075194686651 2.3999999999999986
      vertex 58.50977274030447 77.11835054308176 2.3999999999999986
    endloop
  endfacet
  facet normal 0 0 1
    outer loop
      vertex 13.75 67.75 2.3999999999999986
      vertex 49.25 67.75 2.3999999999999986
      vertex 62.13203094154596 68.46682456880808 2.3999999999999986
    endloop
  endfacet
  facet normal 0 0 1
    outer loop
      vertex 3.8679690435528755 68.46682456880808 2.3999999999999986
      vertex 61.494522631168365 70.00590578466654 2.3999999999999986
      vertex 61.06578700989485 70.72120796144009 2.3999999999999986
    endloop
  endfacet
  facet normal 0 0 1
    outer loop
      vertex 4.148918107151985 69.25202460587025 2.3999999999999986
      vertex 61.06578700989485 70.72120796144009 2.3999999999999986
      vertex 60.56900401413441 71.39104228466749 2.3999999999999986
    endloop
  endfacet
  facet normal 0 0 1
    outer loop
      vertex 4.148918107151985 69.25202460587025 2.3999999999999986
      vertex 60.56900401413441 71.39104228466749 2.3999999999999986
      vertex 60.00895792245865 72.00895792245865 2.3999999999999986
    endloop
  endfacet
  facet normal 0 0 1
    outer loop
      vertex 4.934212975203991 70.72120796144009 2.3999999999999986
      vertex 60.00895792245865 72.00895792245865 2.3999999999999986
      vertex 59.39104228466749 72.5690040141344 2.3999999999999986
    endloop
  endfacet
  facet normal 0 0 1
    outer loop
      vertex 5.260924875736237 75.92676359415054 2.3999999999999986
      vertex 59.733631648123264 76.5395083874464 2.3999999999999986
      vertex 59.5778458788991 76.62277761101723 2.3999999999999986
    endloop
  endfacet
  facet normal 0 0 1
    outer loop
      vertex 13.75 67.75 2.3999999999999986
      vertex 61.851081877946854 69.25202460587025 2.3999999999999986
      vertex 61.494522631168365 70.00590578466654 2.3999999999999986
    endloop
  endfacet
  facet normal 0 0 1
    outer loop
      vertex 13.75 67.75 2.3999999999999986
      vertex 62.13203094154596 68.46682456880808 2.3999999999999986
      vertex 61.851081877946854 69.25202460587025 2.3999999999999986
    endloop
  endfacet
  facet normal 0 0 -1
    outer loop
      vertex 0 12 0
      vertex 35.00343613151049 50.851834626519484 0
      vertex 65.94871602207422 67.08809664100409 0
    endloop
  endfacet
  facet normal 0 0 -1
    outer loop
      vertex 65.99999999254942 65.99999999254942 0
      vertex 30.638826509666693 33.93374585228582 0
      vertex 30.303828542304508 33.68529442679163 0
    endloop
  endfacet
  facet normal 0 0 -1
    outer loop
      vertex 65.99999999254942 65.99999999254942 0
      vertex 30.99656386848951 34.14816537348051 0
      vertex 30.638826509666693 33.93374585228582 0
    endloop
  endfacet
  facet normal 0 0 -1
    outer loop
      vertex 65.99999999254942 65.99999999254942 0
      vertex 31.373595412448367 34.32648801317296 0
      vertex 30.99656386848951 34.14816537348051 0
    endloop
  endfacet
  facet normal 0 0 -1
    outer loop
      vertex 65.99999999254942 65.99999999254942 0
      vertex 31.766290121668536 34.46699642686188 0
      vertex 31.373595412448367 34.32648801317296 0
    endloop
  endfacet
  facet normal 0 0 -1
    outer loop
      vertex 65.99999999254942 65.99999999254942 0
      vertex 32.17086613143145 34.56833744171373 0
      vertex 31.766290121668536 34.46699642686188 0
    endloop
  endfacet
  facet normal 0 0 -1
    outer loop
      vertex 65.99999999254942 65.99999999254942 0
      vertex 32.58342715359937 34.62953508835683 0
      vertex 32.17086613143145 34.56833744171373 0
    endloop
  endfacet
  facet normal 0 0 -1
    outer loop
      vertex 65.99999999254942 65.99999999254942 0
      vertex 33 34.65 0
      vertex 32.58342715359937 34.62953508835683 0
    endloop
  endfacet
  facet normal 0 0 -1
    outer loop
      vertex 65.99999999254942 65.99999999254942 0
      vertex 33.41657284640063 34.62953508835683 0
      vertex 33 34.65 0
    endloop
  endfacet
  facet normal 0 0 -1
    outer loop
      vertex 65.99999999254942 65.99999999254942 0
      vertex 33.82913386856855 34.56833744171373 0
      vertex 33.41657284640063 34.62953508835683 0
    endloop
  endfacet
  facet normal 0 0 -1
    outer loop
      vertex 65.99999999254942 65.99999999254942 0
      vertex 34.23370987833147 34.46699642686188 0
      vertex 33.82913386856855 34.56833744171373 0
    endloop
  endfacet
  facet normal 0 0 -1
    outer loop
      vertex 65.99999999254942 65.99999999254942 0
      vertex 34.62640458755163 34.32648801317296 0
      vertex 34.23370987833147 34.46699642686188 0
    endloop
  endfacet
  facet normal 0 0 -1
    outer loop
      vertex 65.99999999254942 65.99999999254942 0
      vertex 35.00343613151049 34.14816537348051 0
      vertex 34.62640458755163 34.32648801317296 0
    endloop
  endfacet
  facet normal 0 0 -1
    outer loop
      vertex 0.0021681785583496094 11.911678180098534 0
      vertex 65.99783181399107 66.08832181245089 0
      vertex 65.99999999254942 65.99999999254942 0
    endloop
  endfacet
  facet normal 0 0 -1
    outer loop
      vertex 0 12 0
      vertex 65.94871602207422 67.08809664100409 0
      vertex 65.99783181399107 66.08832181245089 0
    endloop
  endfacet
  facet normal 0 0 -1
    outer loop
      vertex 65.99999999254942 65.99999999254942 0
      vertex 36.74816537348051 32.40343613151049 0
      vertex 36.53374585228582 32.761173490333306 0
    endloop
  endfacet
  facet normal 0 0 -1
    outer loop
      vertex 65.99999999254942 65.99999999254942 0
      vertex 35.36117349033331 33.93374585228582 0
      vertex 35.00343613151049 34.14816537348051 0
    endloop
  endfacet
  facet normal 0 0 -1
    outer loop
      vertex 65.99999999254942 65.99999999254942 0
      vertex 35.69617145769549 33.68529442679163 0
      vertex 35.36117349033331 33.93374585228582 0
    endloop
  endfacet
  facet normal 0 0 -1
    outer loop
      vertex 65.99999999254942 65.99999999254942 0
      vertex 36.28529442679163 33.09617145769549 0
      vertex 36.00520382004283 33.40520382004283 0
    endloop
  endfacet
  facet normal 0 0 -1
    outer loop
      vertex 65.99999999254942 65.99999999254942 0
      vertex 36.00520382004283 33.40520382004283 0
      vertex 35.69617145769549 33.68529442679163 0
    endloop
  endfacet
  facet normal 0 0 -1
    outer loop
      vertex 65.99999999254942 65.99999999254942 0
      vertex 36.53374585228582 32.761173490333306 0
      vertex 36.28529442679163 33.09617145769549 0
    endloop
  endfacet
  facet normal 0 0 -1
    outer loop
      vertex 65.94871602207422 67.08809664100409 0
      vertex 35.00343613151049 50.851834626519484 0
      vertex 35.36117349033331 51.066254147714176 0
    endloop
  endfacet
  facet normal 0 0 -1
    outer loop
      vertex 65.94871602207422 67.08809664100409 0
      vertex 35.36117349033331 51.066254147714176 0
      vertex 35.69617145769549 51.314705573208364 0
    endloop
  endfacet
  facet normal 0 0 -1
    outer loop
      vertex 65.94871602207422 67.08809664100409 0
      vertex 35.69617145769549 51.314705573208364 0
      vertex 36.00520382004283 51.594796179957164 0
    endloop
  endfacet
  facet normal 0 0 -1
    outer loop
      vertex 65.94871602207422 67.08809664100409 0
      vertex 36.00520382004283 51.594796179957164 0
      vertex 36.28529442679163 51.9038285423045 0
    endloop
  endfacet
  facet normal 0 0 -1
    outer loop
      vertex 65.94871602207422 67.08809664100409 0
      vertex 36.28529442679163 51.9038285423045 0
      vertex 36.53374585228582 52.23882650966669 0
    endloop
  endfacet
  facet normal 0 0 -1
    outer loop
      vertex 65.94871602207422 67.08809664100409 0
      vertex 36.53374585228582 52.23882650966669 0
      vertex 36.74816537348051 52.596563868489504 0
    endloop
  endfacet
  facet normal 0 0 -1
    outer loop
      vertex 65.94871602207422 67.08809664100409 0
      vertex 36.74816537348051 52.596563868489504 0
      vertex 36.92648801317297 52.97359541244836 0
    endloop
  endfacet
  facet normal 0 0 -1
    outer loop
      vertex 65.94871602207422 67.08809664100409 0
      vertex 36.92648801317297 52.97359541244836 0
      vertex 37.06699642686189 53.36629012166853 0
    endloop
  endfacet
  facet normal 0 0 -1
    outer loop
      vertex 65.94871602207422 67.08809664100409 0
      vertex 37.06699642686189 53.36629012166853 0
      vertex 37.16833744171373 53.77086613143145 0
    endloop
  endfacet
  facet normal 0 0 -1
    outer loop
      vertex 65.94871602207422 67.08809664100409 0
      vertex 37.16833744171373 53.77086613143145 0
      vertex 37.22953508835684 54.18342715359936 0
    endloop
  endfacet
  facet normal 0 1 0
    outer loop
      vertex 12 77.99999999254942 0
      vertex 53.99999999254942 77.99999999254942 2.3999999999999986
      vertex 53.99999999254942 77.99999999254942 0
    endloop
  endfacet
  facet normal 0 0 -1
    outer loop
      vertex 10.73611031472683 77.93140192329884 0
      vertex 53.99999999254942 77.99999999254942 0
      vertex 54.088321812450886 77.99783181399107 0
    endloop
  endfacet
  facet normal 0 0 -1
    outer loop
      vertex 9.745963856577873 77.78452757000923 0
      vertex 54.088321812450886 77.99783181399107 0
      vertex 55.088096641004086 77.94871602207422 0
    endloop
  endfacet
  facet normal 0 0 -1
    outer loop
      vertex 8.601731963455677 77.50684767216444 0
      vertex 55.26388967782259 77.93140192329884 0
      vertex 56.254036135971546 77.78452757000923 0
    endloop
  endfacet
  facet normal 0 0 -1
    outer loop
      vertex 9.572714388370514 77.75006610900164 0
      vertex 55.088096641004086 77.94871602207422 0
      vertex 55.26388967782259 77.93140192329884 0
    endloop
  endfacet
  facet normal 0 0 -1
    outer loop
      vertex 5.407798685133457 76.0249015390873 0
      vertex 58.6729701757431 77.05075194686651 0
      vertex 59.5778458788991 76.62277761101723 0
    endloop
  endfacet
  facet normal 0 0 -1
    outer loop
      vertex 7.490227252244949 77.11835054308176 0
      vertex 56.427285604178905 77.75006610900164 0
      vertex 57.39826802909374 77.50684767216444 0
    endloop
  endfacet
  facet normal 0 0 -1
    outer loop
      vertex 8.432694554328918 77.45557073503733 0
      vertex 56.254036135971546 77.78452757000923 0
      vertex 56.427285604178905 77.75006610900164 0
    endloop
  endfacet
  facet normal 0 0 -1
    outer loop
      vertex 6.422154113650322 76.62277761101723 0
      vertex 57.5673054382205 77.45557073503733 0
      vertex 58.50977274030447 77.11835054308176 0
    endloop
  endfacet
  facet normal 0 0 -1
    outer loop
      vertex 7.327029816806316 77.05075194686651 0
      vertex 57.39826802909374 77.50684767216444 0
      vertex 57.5673054382205 77.45557073503733 0
    endloop
  endfacet
  facet normal 0 0 -1
    outer loop
      vertex 6.266368344426155 76.5395083874464 0
      vertex 58.50977274030447 77.11835054308176 0
      vertex 58.6729701757431 77.05075194686651 0
    endloop
  endfacet
  facet normal 0 0 -1
    outer loop
      vertex 65.94871602207422 67.08809664100409 0
      vertex 33.41657284640063 65.82953508835683 0
      vertex 33 65.85 0
    endloop
  endfacet
  facet normal 0 0 -1
    outer loop
      vertex 0 65.99999999254942 0
      vertex 65.93140192329884 67.26388967782259 0
      vertex 65.94871602207422 67.08809664100409 0
    endloop
  endfacet
  facet normal 0 0 -1
    outer loop
      vertex 0.0021681785583496094 66.08832181245089 0
      vertex 65.78452757000923 68.25403613597155 0
      vertex 65.93140192329884 67.26388967782259 0
    endloop
  endfacet
  facet normal 0 0 -1
    outer loop
      vertex 0.05128397047519684 67.08809664100409 0
      vertex 65.75006610900164 68.4272856041789 0
      vertex 65.78452757000923 68.25403613597155 0
    endloop
  endfacet
  facet normal 0 0 -1
    outer loop
      vertex 65.94871602207422 67.08809664100409 0
      vertex 33.82913386856855 65.76833744171373 0
      vertex 33.41657284640063 65.82953508835683 0
    endloop
  endfacet
  facet normal 0 0 -1
    outer loop
      vertex 65.94871602207422 67.08809664100409 0
      vertex 34.23370987833147 65.66699642686189 0
      vertex 33.82913386856855 65.76833744171373 0
    endloop
  endfacet
  facet normal 0 0 -1
    outer loop
      vertex 65.94871602207422 67.08809664100409 0
      vertex 34.62640458755163 65.52648801317297 0
      vertex 34.23370987833147 65.66699642686189 0
    endloop
  endfacet
  facet normal 0 0 -1
    outer loop
      vertex 65.94871602207422 67.08809664100409 0
      vertex 35.00343613151049 65.3481653734805 0
      vertex 34.62640458755163 65.52648801317297 0
    endloop
  endfacet
  facet normal 0 0 -1
    outer loop
      vertex 65.94871602207422 67.08809664100409 0
      vertex 37.22953508835684 54.18342715359936 0
      vertex 37.25 54.599999999999994 0
    endloop
  endfacet
  facet normal 0 0 -1
    outer loop
      vertex 65.94871602207422 67.08809664100409 0
      vertex 37.25 54.599999999999994 0
      vertex 37.25 61.599999999999994 0
    endloop
  endfacet
  facet normal 0 0 -1
    outer loop
      vertex 65.94871602207422 67.08809664100409 0
      vertex 35.69617145769549 64.88529442679163 0
      vertex 35.36117349033331 65.13374585228581 0
    endloop
  endfacet
  facet normal 0 0 -1
    outer loop
      vertex 65.94871602207422 67.08809664100409 0
      vertex 36.00520382004283 64.60520382004282 0
      vertex 35.69617145769549 64.88529442679163 0
    endloop
  endfacet
  facet normal 0 0 -1
    outer loop
      vertex 65.94871602207422 67.08809664100409 0
      vertex 36.53374585228582 63.9611734903333 0
      vertex 36.28529442679163 64.2961714576955 0
    endloop
  endfacet
  facet normal 0 0 -1
    outer loop
      vertex 65.94871602207422 67.08809664100409 0
      vertex 36.28529442679163 64.2961714576955 0
      vertex 36.00520382004283 64.60520382004282 0
    endloop
  endfacet
  facet normal 0 0 -1
    outer loop
      vertex 65.94871602207422 67.08809664100409 0
      vertex 37.25 61.599999999999994 0
      vertex 37.22953508835684 62.01657284640063 0
    endloop
  endfacet
  facet normal 0 0 -1
    outer loop
      vertex 65.94871602207422 67.08809664100409 0
      vertex 37.22953508835684 62.01657284640063 0
      vertex 37.16833744171373 62.42913386856854 0
    endloop
  endfacet
  facet normal 0 0 -1
    outer loop
      vertex 65.94871602207422 67.08809664100409 0
      vertex 37.06699642686189 62.83370987833146 0
      vertex 36.92648801317297 63.22640458755163 0
    endloop
  endfacet
  facet normal 0 0 -1
    outer loop
      vertex 65.94871602207422 67.08809664100409 0
      vertex 37.16833744171373 62.42913386856854 0
      vertex 37.06699642686189 62.83370987833146 0
    endloop
  endfacet
  facet normal 0 0 -1
    outer loop
      vertex 65.94871602207422 67.08809664100409 0
      vertex 36.74816537348051 63.603436131510485 0
      vertex 36.53374585228582 63.9611734903333 0
    endloop
  endfacet
  facet normal 0 0 -1
    outer loop
      vertex 65.94871602207422 67.08809664100409 0
      vertex 36.92648801317297 63.22640458755163 0
      vertex 36.74816537348051 63.603436131510485 0
    endloop
  endfacet
  facet normal 0 0 -1
    outer loop
      vertex 65.94871602207422 67.08809664100409 0
      vertex 35.36117349033331 65.13374585228581 0
      vertex 35.00343613151049 65.3481653734805 0
    endloop
  endfacet
  facet normal 0 0 -1
    outer loop
      vertex 0.9492480456829071 70.6729701757431 0
      vertex 64.0249015390873 72.59220130741596 0
      vertex 64.5395083874464 71.73363164812326 0
    endloop
  endfacet
  facet normal 0 0 -1
    outer loop
      vertex 1.3772223815321922 71.5778458788991 0
      vertex 63.92676359415054 72.73907511681318 0
      vertex 64.0249015390873 72.59220130741596 0
    endloop
  endfacet
  facet normal 0 0 -1
    outer loop
      vertex 1.460491605103016 71.73363164812326 0
      vertex 63.33048017323017 73.54307024180889 0
      vertex 63.92676359415054 72.73907511681318 0
    endloop
  endfacet
  facet normal 0 0 -1
    outer loop
      vertex 0.06859806925058365 67.26388967782259 0
      vertex 65.50684767216444 69.39826802909374 0
      vertex 65.75006610900164 68.4272856041789 0
    endloop
  endfacet
  facet normal 0 0 -1
    outer loop
      vertex 0.21547242254018784 68.25403613597155 0
      vertex 65.45557073503733 69.5673054382205 0
      vertex 65.50684767216444 69.39826802909374 0
    endloop
  endfacet
  facet normal 0 0 -1
    outer loop
      vertex 0.2499338835477829 68.4272856041789 0
      vertex 65.11835054308176 70.50977274030447 0
      vertex 65.45557073503733 69.5673054382205 0
    endloop
  endfacet
  facet normal 0 0 -1
    outer loop
      vertex 0.49315232038497925 69.39826802909374 0
      vertex 65.05075194686651 70.6729701757431 0
      vertex 65.11835054308176 70.50977274030447 0
    endloop
  endfacet
  facet normal 0 0 -1
    outer loop
      vertex 0.5444292575120926 69.5673054382205 0
      vertex 64.62277761101723 71.5778458788991 0
      vertex 65.05075194686651 70.6729701757431 0
    endloop
  endfacet
  facet normal 0 0 -1
    outer loop
      vertex 0.881649449467659 70.50977274030447 0
      vertex 64.5395083874464 71.73363164812326 0
      vertex 64.62277761101723 71.5778458788991 0
    endloop
  endfacet
  facet normal 0 0 -1
    outer loop
      vertex 3.578704707324505 74.5462011769414 0
      vertex 60.73907511681318 75.92676359415054 0
      vertex 61.54307024180889 75.33048017323017 0
    endloop
  endfacet
  facet normal 0 0 -1
    outer loop
      vertex 3.4537988156080246 74.42129528522491 0
      vertex 61.54307024180889 75.33048017323017 0
      vertex 61.67961762100458 75.21841863542795 0
    endloop
  endfacet
  facet normal 0 0 -1
    outer loop
      vertex 2.073236398398876 72.73907511681318 0
      vertex 62.546201176941395 74.42129528522491 0
      vertex 63.21841863542795 73.67961762100458 0
    endloop
  endfacet
  facet normal 0 0 -1
    outer loop
      vertex 2.669519819319248 73.54307024180889 0
      vertex 62.421295285224915 74.5462011769414 0
      vertex 62.546201176941395 74.42129528522491 0
    endloop
  endfacet
  facet normal 0 0 -1
    outer loop
      vertex 1.9750984534621239 72.59220130741596 0
      vertex 63.21841863542795 73.67961762100458 0
      vertex 63.33048017323017 73.54307024180889 0
    endloop
  endfacet
  facet normal 0 0 -1
    outer loop
      vertex 2.7815813571214676 73.67961762100458 0
      vertex 61.67961762100458 75.21841863542795 0
      vertex 62.421295285224915 74.5462011769414 0
    endloop
  endfacet
  facet normal 0 0 -1
    outer loop
      vertex 4.456929750740528 75.33048017323017 0
      vertex 59.733631648123264 76.5395083874464 0
      vertex 60.59220130741596 76.0249015390873 0
    endloop
  endfacet
  facet normal 0 0 -1
    outer loop
      vertex 5.260924875736237 75.92676359415054 0
      vertex 59.5778458788991 76.62277761101723 0
      vertex 59.733631648123264 76.5395083874464 0
    endloop
  endfacet
  facet normal 0 0 -1
    outer loop
      vertex 4.320382371544838 75.21841863542795 0
      vertex 60.59220130741596 76.0249015390873 0
      vertex 60.73907511681318 75.92676359415054 0
    endloop
  endfacet
  facet normal 0 0 1
    outer loop
      vertex 65.99999999254942 12 2.3999999999999986
      vertex 65.99999999254942 65.99999999254942 2.3999999999999986
      vertex 63.899999998509884 65.9926353469491 2.3999999999999986
    endloop
  endfacet
  facet normal 0 0 1
    outer loop
      vertex 60.25 36.25 2.3999999999999986
      vertex 62.334664069116116 67.65786776691675 2.3999999999999986
      vertex 60.25 67.75 2.3999999999999986
    endloop
  endfacet
  facet normal 0 0 1
    outer loop
      vertex 60.25 36.25 2.3999999999999986
      vertex 62.49999999254942 65.95826733112335 2.3999999999999986
      vertex 62.45702983438969 66.83294477313757 2.3999999999999986
    endloop
  endfacet
  facet normal 0 0 1
    outer loop
      vertex 60.25 36.25 2.3999999999999986
      vertex 62.45702983438969 66.83294477313757 2.3999999999999986
      vertex 62.334664069116116 67.65786776691675 2.3999999999999986
    endloop
  endfacet
  facet normal 0 0 1
    outer loop
      vertex 49.25 67.75 2.3999999999999986
      vertex 60.25 67.75 2.3999999999999986
      vertex 62.13203094154596 68.46682456880808 2.3999999999999986
    endloop
  endfacet
  facet normal 0 0 1
    outer loop
      vertex 53.9926353469491 75.89999999850988 2.3999999999999986
      vertex 54.970334224402905 75.85196872800589 2.3999999999999986
      vertex 60.59220130741596 76.0249015390873 2.3999999999999986
    endloop
  endfacet
  facet normal 0 0 1
    outer loop
      vertex 54.970334224402905 75.85196872800589 2.3999999999999986
      vertex 55.93132361024618 75.70941941440105 2.3999999999999986
      vertex 60.73907511681318 75.92676359415054 2.3999999999999986
    endloop
  endfacet
  facet normal 0 0 1
    outer loop
      vertex 60.25 67.75 2.3999999999999986
      vertex 62.334664069116116 67.65786776691675 2.3999999999999986
      vertex 62.13203094154596 68.46682456880808 2.3999999999999986
    endloop
  endfacet
  facet normal 0 0 1
    outer loop
      vertex 63.899999998509884 65.9926353469491 2.3999999999999986
      vertex 65.94871602207422 67.08809664100409 2.3999999999999986
      vertex 63.851968728005886 66.9703342244029 2.3999999999999986
    endloop
  endfacet
  facet normal 0 0 1
    outer loop
      vertex 63.851968728005886 66.9703342244029 2.3999999999999986
      vertex 65.78452757000923 68.25403613597155 2.3999999999999986
      vertex 63.709419414401054 67.93132361024618 2.3999999999999986
    endloop
  endfacet
  facet normal 0 0 1
    outer loop
      vertex 63.899999998509884 65.9926353469491 2.3999999999999986
      vertex 65.99999999254942 65.99999999254942 2.3999999999999986
      vertex 65.99783181399107 66.08832181245089 2.3999999999999986
    endloop
  endfacet
  facet normal 0 0 1
    outer loop
      vertex 63.899999998509884 65.9926353469491 2.3999999999999986
      vertex 65.99783181399107 66.08832181245089 2.3999999999999986
      vertex 65.94871602207422 67.08809664100409 2.3999999999999986
    endloop
  endfacet
  facet normal 0 0 1
    outer loop
      vertex 63.851968728005886 66.9703342244029 2.3999999999999986
      vertex 65.93140192329884 67.26388967782259 2.3999999999999986
      vertex 65.78452757000923 68.25403613597155 2.3999999999999986
    endloop
  endfacet
  facet normal 0 0 1
    outer loop
      vertex 63.851968728005886 66.9703342244029 2.3999999999999986
      vertex 65.94871602207422 67.08809664100409 2.3999999999999986
      vertex 65.93140192329884 67.26388967782259 2.3999999999999986
    endloop
  endfacet
  facet normal 0 0 1
    outer loop
      vertex 63.709419414401054 67.93132361024618 2.3999999999999986
      vertex 65.78452757000923 68.25403613597155 2.3999999999999986
      vertex 65.75006610900164 68.4272856041789 2.3999999999999986
    endloop
  endfacet
  facet normal 0 0 1
    outer loop
      vertex 56.87371322512627 75.47336310148239 2.3999999999999986
      vertex 57.78842752426863 75.14607309550047 2.3999999999999986
      vertex 60.73907511681318 75.92676359415054 2.3999999999999986
    endloop
  endfacet
  facet normal 0 0 1
    outer loop
      vertex 57.78842752426863 75.14607309550047 2.3999999999999986
      vertex 58.666657112538815 74.73070143163204 2.3999999999999986
      vertex 61.67961762100458 75.21841863542795 2.3999999999999986
    endloop
  endfacet
  facet normal 0 0 1
    outer loop
      vertex 56.87371322512627 75.47336310148239 2.3999999999999986
      vertex 60.73907511681318 75.92676359415054 2.3999999999999986
      vertex 55.93132361024618 75.70941941440105 2.3999999999999986
    endloop
  endfacet
  facet normal 0 0 1
    outer loop
      vertex 53.9926353469491 75.89999999850988 2.3999999999999986
      vertex 60.59220130741596 76.0249015390873 2.3999999999999986
      vertex 59.733631648123264 76.5395083874464 2.3999999999999986
    endloop
  endfacet
  facet normal 0 0 1
    outer loop
      vertex 54.970334224402905 75.85196872800589 2.3999999999999986
      vertex 60.73907511681318 75.92676359415054 2.3999999999999986
      vertex 60.59220130741596 76.0249015390873 2.3999999999999986
    endloop
  endfacet
  facet normal 0 0 1
    outer loop
      vertex 59.49994432926178 74.23124829679728 2.3999999999999986
      vertex 60.28026398271322 73.6525238007307 2.3999999999999986
      vertex 62.546201176941395 74.42129528522491 2.3999999999999986
    endloop
  endfacet
  facet normal 0 0 1
    outer loop
      vertex 58.666657112538815 74.73070143163204 2.3999999999999986
      vertex 59.49994432926178 74.23124829679728 2.3999999999999986
      vertex 61.67961762100458 75.21841863542795 2.3999999999999986
    endloop
  endfacet
  facet normal 0 0 1
    outer loop
      vertex 57.78842752426863 75.14607309550047 2.3999999999999986
      vertex 61.54307024180889 75.33048017323017 2.3999999999999986
      vertex 60.73907511681318 75.92676359415054 2.3999999999999986
    endloop
  endfacet
  facet normal 0 0 1
    outer loop
      vertex 57.78842752426863 75.14607309550047 2.3999999999999986
      vertex 61.67961762100458 75.21841863542795 2.3999999999999986
      vertex 61.54307024180889 75.33048017323017 2.3999999999999986
    endloop
  endfacet
  facet normal 0 0 1
    outer loop
      vertex 61.000101290643215 73.00010129064322 2.3999999999999986
      vertex 62.546201176941395 74.42129528522491 2.3999999999999986
      vertex 60.28026398271322 73.6525238007307 2.3999999999999986
    endloop
  endfacet
  facet normal 0 0 1
    outer loop
      vertex 59.49994432926178 74.23124829679728 2.3999999999999986
      vertex 62.421295285224915 74.5462011769414 2.3999999999999986
      vertex 61.67961762100458 75.21841863542795 2.3999999999999986
    endloop
  endfacet
  facet normal 0 0 1
    outer loop
      vertex 59.49994432926178 74.23124829679728 2.3999999999999986
      vertex 62.546201176941395 74.42129528522491 2.3999999999999986
      vertex 62.421295285224915 74.5462011769414 2.3999999999999986
    endloop
  endfacet
  facet normal 0 0 1
    outer loop
      vertex 63.47336310148239 68.87371322512627 2.3999999999999986
      vertex 65.11835054308176 70.50977274030447 2.3999999999999986
      vertex 63.14607309550047 69.78842752426863 2.3999999999999986
    endloop
  endfacet
  facet normal 0 0 1
    outer loop
      vertex 62.73070143163204 70.66665711253881 2.3999999999999986
      vertex 63.14607309550047 69.78842752426863 2.3999999999999986
      vertex 64.62277761101723 71.5778458788991 2.3999999999999986
    endloop
  endfacet
  facet normal 0 0 1
    outer loop
      vertex 61.000101290643215 73.00010129064322 2.3999999999999986
      vertex 61.652523800730705 72.28026398271322 2.3999999999999986
      vertex 63.33048017323017 73.54307024180889 2.3999999999999986
    endloop
  endfacet
  facet normal 0 0 1
    outer loop
      vertex 61.652523800730705 72.28026398271322 2.3999999999999986
      vertex 62.231248296797276 71.49994432926178 2.3999999999999986
      vertex 64.0249015390873 72.59220130741596 2.3999999999999986
    endloop
  endfacet
  facet normal 0 0 1
    outer loop
      vertex 62.73070143163204 70.66665711253881 2.3999999999999986
      vertex 64.62277761101723 71.5778458788991 2.3999999999999986
      vertex 62.231248296797276 71.49994432926178 2.3999999999999986
    endloop
  endfacet
  facet normal 0 0 1
    outer loop
      vertex 62.231248296797276 71.49994432926178 2.3999999999999986
      vertex 64.62277761101723 71.5778458788991 2.3999999999999986
      vertex 64.5395083874464 71.73363164812326 2.3999999999999986
    endloop
  endfacet
  facet normal 0 0 1
    outer loop
      vertex 61.652523800730705 72.28026398271322 2.3999999999999986
      vertex 63.92676359415054 72.73907511681318 2.3999999999999986
      vertex 63.33048017323017 73.54307024180889 2.3999999999999986
    endloop
  endfacet
  facet normal 0 0 1
    outer loop
      vertex 61.652523800730705 72.28026398271322 2.3999999999999986
      vertex 64.0249015390873 72.59220130741596 2.3999999999999986
      vertex 63.92676359415054 72.73907511681318 2.3999999999999986
    endloop
  endfacet
  facet normal 0 0 1
    outer loop
      vertex 62.231248296797276 71.49994432926178 2.3999999999999986
      vertex 64.5395083874464 71.73363164812326 2.3999999999999986
      vertex 64.0249015390873 72.59220130741596 2.3999999999999986
    endloop
  endfacet
  facet normal 0 0 1
    outer loop
      vertex 63.709419414401054 67.93132361024618 2.3999999999999986
      vertex 65.50684767216444 69.39826802909374 2.3999999999999986
      vertex 63.47336310148239 68.87371322512627 2.3999999999999986
    endloop
  endfacet
  facet normal 0 0 1
    outer loop
      vertex 63.47336310148239 68.87371322512627 2.3999999999999986
      vertex 65.50684767216444 69.39826802909374 2.3999999999999986
      vertex 65.45557073503733 69.5673054382205 2.3999999999999986
    endloop
  endfacet
  facet normal 0 0 1
    outer loop
      vertex 63.14607309550047 69.78842752426863 2.3999999999999986
      vertex 65.11835054308176 70.50977274030447 2.3999999999999986
      vertex 65.05075194686651 70.6729701757431 2.3999999999999986
    endloop
  endfacet
  facet normal 0 0 1
    outer loop
      vertex 63.14607309550047 69.78842752426863 2.3999999999999986
      vertex 65.05075194686651 70.6729701757431 2.3999999999999986
      vertex 64.62277761101723 71.5778458788991 2.3999999999999986
    endloop
  endfacet
  facet normal 0 0 1
    outer loop
      vertex 63.47336310148239 68.87371322512627 2.3999999999999986
      vertex 65.45557073503733 69.5673054382205 2.3999999999999986
      vertex 65.11835054308176 70.50977274030447 2.3999999999999986
    endloop
  endfacet
  facet normal 0 0 1
    outer loop
      vertex 63.709419414401054 67.93132361024618 2.3999999999999986
      vertex 65.75006610900164 68.4272856041789 2.3999999999999986
      vertex 65.50684767216444 69.39826802909374 2.3999999999999986
    endloop
  endfacet
  facet normal 0 0 1
    outer loop
      vertex 61.000101290643215 73.00010129064322 2.3999999999999986
      vertex 63.21841863542795 73.67961762100458 2.3999999999999986
      vertex 62.546201176941395 74.42129528522491 2.3999999999999986
    endloop
  endfacet
  facet normal 0 0 1
    outer loop
      vertex 61.000101290643215 73.00010129064322 2.3999999999999986
      vertex 63.33048017323017 73.54307024180889 2.3999999999999986
      vertex 63.21841863542795 73.67961762100458 2.3999999999999986
    endloop
  endfacet
  facet normal 1 0 0
    outer loop
      vertex 65.99999999254942 12 2.3999999999999986
      vertex 65.99999999254942 65.99999999254942 0
      vertex 65.99999999254942 65.99999999254942 2.3999999999999986
    endloop
  endfacet
  facet normal 0.02454122374490237 0.9996988188134978 0
    outer loop
      vertex 53.99999999254942 77.99999999254942 2.3999999999999986
      vertex 54.088321812450886 77.99783181399107 2.3999999999999986
      vertex 53.99999999254942 77.99999999254942 0
    endloop
  endfacet
  facet normal 0.04906767842472137 0.9987954560038848 0
    outer loop
      vertex 54.088321812450886 77.99783181399107 2.3999999999999986
      vertex 55.088096641004086 77.94871602207422 2.3999999999999986
      vertex 54.088321812450886 77.99783181399107 0
    endloop
  endfacet
  facet normal 0.09801711722263733 0.9951847289480299 0
    outer loop
      vertex 55.088096641004086 77.94871602207422 2.3999999999999986
      vertex 55.26388967782259 77.93140192329884 2.3999999999999986
      vertex 55.088096641004086 77.94871602207422 0
    endloop
  endfacet
  facet normal 0.14673047505406983 0.989176509875971 0
    outer loop
      vertex 55.26388967782259 77.93140192329884 2.3999999999999986
      vertex 56.254036135971546 77.78452757000923 2.3999999999999986
      vertex 55.26388967782259 77.93140192329884 0
    endloop
  endfacet
  facet normal 0.195090317328524 0.9807852813356529 0
    outer loop
      vertex 56.254036135971546 77.78452757000923 2.3999999999999986
      vertex 56.427285604178905 77.75006610900164 2.3999999999999986
      vertex 56.254036135971546 77.78452757000923 0
    endloop
  endfacet
  facet normal 0.24298018067512636 0.9700312530012025 0
    outer loop
      vertex 56.427285604178905 77.75006610900164 2.3999999999999986
      vertex 57.39826802909374 77.50684767216444 2.3999999999999986
      vertex 56.427285604178905 77.75006610900164 0
    endloop
  endfacet
  facet normal 0.29028467550708303 0.9569403362622706 0
    outer loop
      vertex 57.39826802909374 77.50684767216444 2.3999999999999986
      vertex 57.5673054382205 77.45557073503733 2.3999999999999986
      vertex 57.39826802909374 77.50684767216444 0
    endloop
  endfacet
  facet normal 0.02454122374490237 0.9996988188134978 0
    outer loop
      vertex 54.088321812450886 77.99783181399107 2.3999999999999986
      vertex 54.088321812450886 77.99783181399107 0
      vertex 53.99999999254942 77.99999999254942 0
    endloop
  endfacet
  facet normal 0.04906767842472137 0.9987954560038848 0
    outer loop
      vertex 55.088096641004086 77.94871602207422 2.3999999999999986
      vertex 55.088096641004086 77.94871602207422 0
      vertex 54.088321812450886 77.99783181399107 0
    endloop
  endfacet
  facet normal 0.09801711722263733 0.9951847289480299 0
    outer loop
      vertex 55.26388967782259 77.93140192329884 2.3999999999999986
      vertex 55.26388967782259 77.93140192329884 0
      vertex 55.088096641004086 77.94871602207422 0
    endloop
  endfacet
  facet normal 0.14673047505406983 0.989176509875971 0
    outer loop
      vertex 56.254036135971546 77.78452757000923 2.3999999999999986
      vertex 56.254036135971546 77.78452757000923 0
      vertex 55.26388967782259 77.93140192329884 0
    endloop
  endfacet
  facet normal 0.195090317328524 0.9807852813356529 0
    outer loop
      vertex 56.427285604178905 77.75006610900164 2.3999999999999986
      vertex 56.427285604178905 77.75006610900164 0
      vertex 56.254036135971546 77.78452757000923 0
    endloop
  endfacet
  facet normal 0.24298018067512636 0.9700312530012025 0
    outer loop
      vertex 57.39826802909374 77.50684767216444 2.3999999999999986
      vertex 57.39826802909374 77.50684767216444 0
      vertex 56.427285604178905 77.75006610900164 0
    endloop
  endfacet
  facet normal 0.29028467550708303 0.9569403362622706 0
    outer loop
      vertex 57.5673054382205 77.45557073503733 2.3999999999999986
      vertex 57.5673054382205 77.45557073503733 0
      vertex 57.39826802909374 77.50684767216444 0
    endloop
  endfacet
  facet normal 0.9996988188134978 0.02454122374490237 0
    outer loop
      vertex 65.99999999254942 65.99999999254942 2.3999999999999986
      vertex 65.99783181399107 66.08832181245089 0
      vertex 65.99783181399107 66.08832181245089 2.3999999999999986
    endloop
  endfacet
  facet normal 0.9987954560038848 0.04906767842472137 0
    outer loop
      vertex 65.99783181399107 66.08832181245089 2.3999999999999986
      vertex 65.94871602207422 67.08809664100409 0
      vertex 65.94871602207422 67.08809664100409 2.3999999999999986
    endloop
  endfacet
  facet normal 0.9951847289480299 0.09801711722263733 0
    outer loop
      vertex 65.94871602207422 67.08809664100409 2.3999999999999986
      vertex 65.93140192329884 67.26388967782259 0
      vertex 65.93140192329884 67.26388967782259 2.3999999999999986
    endloop
  endfacet
  facet normal 0.989176509875971 0.14673047505406983 0
    outer loop
      vertex 65.93140192329884 67.26388967782259 2.3999999999999986
      vertex 65.78452757000923 68.25403613597155 0
      vertex 65.78452757000923 68.25403613597155 2.3999999999999986
    endloop
  endfacet
  facet normal 0.33688985261114 0.9415440654624957 0
    outer loop
      vertex 57.5673054382205 77.45557073503733 2.3999999999999986
      vertex 58.50977274030447 77.11835054308176 2.3999999999999986
      vertex 57.5673054382205 77.45557073503733 0
    endloop
  endfacet
  facet normal 0.38268345706688617 0.9238795222794672 0
    outer loop
      vertex 58.50977274030447 77.11835054308176 2.3999999999999986
      vertex 58.6729701757431 77.05075194686651 2.3999999999999986
      vertex 58.50977274030447 77.11835054308176 0
    endloop
  endfacet
  facet normal 0.47139671524117 0.8819212758856856 0
    outer loop
      vertex 59.5778458788991 76.62277761101723 2.3999999999999986
      vertex 59.733631648123264 76.5395083874464 2.3999999999999986
      vertex 59.5778458788991 76.62277761101723 0
    endloop
  endfacet
  facet normal 0.42755509481538767 0.9039892924683371 0
    outer loop
      vertex 58.6729701757431 77.05075194686651 2.3999999999999986
      vertex 59.5778458788991 76.62277761101723 2.3999999999999986
      vertex 58.6729701757431 77.05075194686651 0
    endloop
  endfacet
  facet normal 0.6343932833283641 0.7730104540482348 0
    outer loop
      vertex 61.54307024180889 75.33048017323017 2.3999999999999986
      vertex 61.67961762100458 75.21841863542795 2.3999999999999986
      vertex 61.54307024180889 75.33048017323017 0
    endloop
  endfacet
  facet normal 0.5141027431788913 0.8577286106082385 0
    outer loop
      vertex 59.733631648123264 76.5395083874464 2.3999999999999986
      vertex 60.59220130741596 76.0249015390873 2.3999999999999986
      vertex 59.733631648123264 76.5395083874464 0
    endloop
  endfacet
  facet normal 0.5555702448693045 0.8314696043848272 0
    outer loop
      vertex 60.59220130741596 76.0249015390873 2.3999999999999986
      vertex 60.73907511681318 75.92676359415054 2.3999999999999986
      vertex 60.59220130741596 76.0249015390873 0
    endloop
  endfacet
  facet normal 0.5956993027311486 0.8032075327869026 0
    outer loop
      vertex 61.54307024180889 75.33048017323017 2.3999999999999986
      vertex 60.73907511681318 75.92676359415054 0
      vertex 60.73907511681318 75.92676359415054 2.3999999999999986
    endloop
  endfacet
  facet normal 0.9807852813356529 0.195090317328524 0
    outer loop
      vertex 65.78452757000923 68.25403613597155 2.3999999999999986
      vertex 65.75006610900164 68.4272856041789 0
      vertex 65.75006610900164 68.4272856041789 2.3999999999999986
    endloop
  endfacet
  facet normal 0.9700312530012025 0.24298018067512636 0
    outer loop
      vertex 65.75006610900164 68.4272856041789 2.3999999999999986
      vertex 65.50684767216444 69.39826802909374 0
      vertex 65.50684767216444 69.39826802909374 2.3999999999999986
    endloop
  endfacet
  facet normal 0.9569403362622706 0.29028467550708303 0
    outer loop
      vertex 65.50684767216444 69.39826802909374 2.3999999999999986
      vertex 65.45557073503733 69.5673054382205 0
      vertex 65.45557073503733 69.5673054382205 2.3999999999999986
    endloop
  endfacet
  facet normal 0.9238795222794672 0.38268345706688617 0
    outer loop
      vertex 65.05075194686651 70.6729701757431 2.3999999999999986
      vertex 65.11835054308176 70.50977274030447 2.3999999999999986
      vertex 65.05075194686651 70.6729701757431 0
    endloop
  endfacet
  facet normal 0.9415440654624957 0.33688985261114 0
    outer loop
      vertex 65.45557073503733 69.5673054382205 2.3999999999999986
      vertex 65.11835054308176 70.50977274030447 0
      vertex 65.11835054308176 70.50977274030447 2.3999999999999986
    endloop
  endfacet
  facet normal 0.9039892924683371 0.42755509481538767 0
    outer loop
      vertex 65.05075194686651 70.6729701757431 2.3999999999999986
      vertex 64.62277761101723 71.5778458788991 0
      vertex 64.62277761101723 71.5778458788991 2.3999999999999986
    endloop
  endfacet
  facet normal 0.8819212758856856 0.47139671524117 0
    outer loop
      vertex 64.62277761101723 71.5778458788991 2.3999999999999986
      vertex 64.5395083874464 71.73363164812326 0
      vertex 64.5395083874464 71.73363164812326 2.3999999999999986
    endloop
  endfacet
  facet normal 0.8577286106082385 0.5141027431788913 0
    outer loop
      vertex 64.5395083874464 71.73363164812326 2.3999999999999986
      vertex 64.0249015390873 72.59220130741596 0
      vertex 64.0249015390873 72.59220130741596 2.3999999999999986
    endloop
  endfacet
  facet normal 0.8314696043848272 0.5555702448693045 0
    outer loop
      vertex 63.92676359415054 72.73907511681318 2.3999999999999986
      vertex 64.0249015390873 72.59220130741596 2.3999999999999986
      vertex 63.92676359415054 72.73907511681318 0
    endloop
  endfacet
  facet normal 0.740951121777929 0.6715589587936629 0
    outer loop
      vertex 62.546201176941395 74.42129528522491 2.3999999999999986
      vertex 63.21841863542795 73.67961762100458 2.3999999999999986
      vertex 62.546201176941395 74.42129528522491 0
    endloop
  endfacet
  facet normal 0.6715589587936629 0.740951121777929 0
    outer loop
      vertex 61.67961762100458 75.21841863542795 2.3999999999999986
      vertex 62.421295285224915 74.5462011769414 2.3999999999999986
      vertex 61.67961762100458 75.21841863542795 0
    endloop
  endfacet
  facet normal 0.7071067811865476 0.7071067811865476 0
    outer loop
      vertex 62.421295285224915 74.5462011769414 2.3999999999999986
      vertex 62.546201176941395 74.42129528522491 2.3999999999999986
      vertex 62.421295285224915 74.5462011769414 0
    endloop
  endfacet
  facet normal 0.7730104540482348 0.6343932833283641 0
    outer loop
      vertex 63.21841863542795 73.67961762100458 2.3999999999999986
      vertex 63.33048017323017 73.54307024180889 2.3999999999999986
      vertex 63.21841863542795 73.67961762100458 0
    endloop
  endfacet
  facet normal 0.8032075327869026 0.5956993027311486 0
    outer loop
      vertex 63.92676359415054 72.73907511681318 2.3999999999999986
      vertex 63.33048017323017 73.54307024180889 0
      vertex 63.33048017323017 73.54307024180889 2.3999999999999986
    endloop
  endfacet
  facet normal 0.9996988188134978 0.02454122374490237 0
    outer loop
      vertex 65.99999999254942 65.99999999254942 2.3999999999999986
      vertex 65.99999999254942 65.99999999254942 0
      vertex 65.99783181399107 66.08832181245089 0
    endloop
  endfacet
  facet normal 0.9987954560038848 0.04906767842472137 0
    outer loop
      vertex 65.99783181399107 66.08832181245089 2.3999999999999986
      vertex 65.99783181399107 66.08832181245089 0
      vertex 65.94871602207422 67.08809664100409 0
    endloop
  endfacet
  facet normal 0.9951847289480299 0.09801711722263733 0
    outer loop
      vertex 65.94871602207422 67.08809664100409 2.3999999999999986
      vertex 65.94871602207422 67.08809664100409 0
      vertex 65.93140192329884 67.26388967782259 0
    endloop
  endfacet
  facet normal 0.989176509875971 0.14673047505406983 0
    outer loop
      vertex 65.93140192329884 67.26388967782259 2.3999999999999986
      vertex 65.93140192329884 67.26388967782259 0
      vertex 65.78452757000923 68.25403613597155 0
    endloop
  endfacet
  facet normal 0.33688985261114 0.9415440654624957 0
    outer loop
      vertex 58.50977274030447 77.11835054308176 2.3999999999999986
      vertex 58.50977274030447 77.11835054308176 0
      vertex 57.5673054382205 77.45557073503733 0
    endloop
  endfacet
  facet normal 0.38268345706688617 0.9238795222794672 0
    outer loop
      vertex 58.6729701757431 77.05075194686651 2.3999999999999986
      vertex 58.6729701757431 77.05075194686651 0
      vertex 58.50977274030447 77.11835054308176 0
    endloop
  endfacet
  facet normal 0.42755509481538767 0.9039892924683371 0
    outer loop
      vertex 59.5778458788991 76.62277761101723 2.3999999999999986
      vertex 59.5778458788991 76.62277761101723 0
      vertex 58.6729701757431 77.05075194686651 0
    endloop
  endfacet
  facet normal 0.47139671524117 0.8819212758856856 0
    outer loop
      vertex 59.733631648123264 76.5395083874464 2.3999999999999986
      vertex 59.733631648123264 76.5395083874464 0
      vertex 59.5778458788991 76.62277761101723 0
    endloop
  endfacet
  facet normal 0.5956993027311486 0.8032075327869026 0
    outer loop
      vertex 61.54307024180889 75.33048017323017 2.3999999999999986
      vertex 61.54307024180889 75.33048017323017 0
      vertex 60.73907511681318 75.92676359415054 0
    endloop
  endfacet
  facet normal 0.6343932833283641 0.7730104540482348 0
    outer loop
      vertex 61.67961762100458 75.21841863542795 2.3999999999999986
      vertex 61.67961762100458 75.21841863542795 0
      vertex 61.54307024180889 75.33048017323017 0
    endloop
  endfacet
  facet normal 0.5141027431788913 0.8577286106082385 0
    outer loop
      vertex 60.59220130741596 76.0249015390873 2.3999999999999986
      vertex 60.59220130741596 76.0249015390873 0
      vertex 59.733631648123264 76.5395083874464 0
    endloop
  endfacet
  facet normal 0.5555702448693045 0.8314696043848272 0
    outer loop
      vertex 60.73907511681318 75.92676359415054 2.3999999999999986
      vertex 60.73907511681318 75.92676359415054 0
      vertex 60.59220130741596 76.0249015390873 0
    endloop
  endfacet
  facet normal 0.8032075327869026 0.5956993027311486 0
    outer loop
      vertex 63.92676359415054 72.73907511681318 2.3999999999999986
      vertex 63.92676359415054 72.73907511681318 0
      vertex 63.33048017323017 73.54307024180889 0
    endloop
  endfacet
  facet normal 0.9700312530012025 0.24298018067512636 0
    outer loop
      vertex 65.75006610900164 68.4272856041789 2.3999999999999986
      vertex 65.75006610900164 68.4272856041789 0
      vertex 65.50684767216444 69.39826802909374 0
    endloop
  endfacet
  facet normal 0.9807852813356529 0.195090317328524 0
    outer loop
      vertex 65.78452757000923 68.25403613597155 2.3999999999999986
      vertex 65.78452757000923 68.25403613597155 0
      vertex 65.75006610900164 68.4272856041789 0
    endloop
  endfacet
  facet normal 0.9569403362622706 0.29028467550708303 0
    outer loop
      vertex 65.50684767216444 69.39826802909374 2.3999999999999986
      vertex 65.50684767216444 69.39826802909374 0
      vertex 65.45557073503733 69.5673054382205 0
    endloop
  endfacet
  facet normal 0.9415440654624957 0.33688985261114 0
    outer loop
      vertex 65.45557073503733 69.5673054382205 2.3999999999999986
      vertex 65.45557073503733 69.5673054382205 0
      vertex 65.11835054308176 70.50977274030447 0
    endloop
  endfacet
  facet normal 0.9238795222794672 0.38268345706688617 0
    outer loop
      vertex 65.11835054308176 70.50977274030447 2.3999999999999986
      vertex 65.11835054308176 70.50977274030447 0
      vertex 65.05075194686651 70.6729701757431 0
    endloop
  endfacet
  facet normal 0.9039892924683371 0.42755509481538767 0
    outer loop
      vertex 65.05075194686651 70.6729701757431 2.3999999999999986
      vertex 65.05075194686651 70.6729701757431 0
      vertex 64.62277761101723 71.5778458788991 0
    endloop
  endfacet
  facet normal 0.8819212758856856 0.47139671524117 0
    outer loop
      vertex 64.62277761101723 71.5778458788991 2.3999999999999986
      vertex 64.62277761101723 71.5778458788991 0
      vertex 64.5395083874464 71.73363164812326 0
    endloop
  endfacet
  facet normal 0.8577286106082385 0.5141027431788913 0
    outer loop
      vertex 64.5395083874464 71.73363164812326 2.3999999999999986
      vertex 64.5395083874464 71.73363164812326 0
      vertex 64.0249015390873 72.59220130741596 0
    endloop
  endfacet
  facet normal 0.8314696043848272 0.5555702448693045 0
    outer loop
      vertex 64.0249015390873 72.59220130741596 2.3999999999999986
      vertex 64.0249015390873 72.59220130741596 0
      vertex 63.92676359415054 72.73907511681318 0
    endloop
  endfacet
  facet normal 0.6715589587936629 0.740951121777929 0
    outer loop
      vertex 62.421295285224915 74.5462011769414 2.3999999999999986
      vertex 62.421295285224915 74.5462011769414 0
      vertex 61.67961762100458 75.21841863542795 0
    endloop
  endfacet
  facet normal 0.7071067811865476 0.7071067811865476 0
    outer loop
      vertex 62.546201176941395 74.42129528522491 2.3999999999999986
      vertex 62.546201176941395 74.42129528522491 0
      vertex 62.421295285224915 74.5462011769414 0
    endloop
  endfacet
  facet normal 0.7730104540482348 0.6343932833283641 0
    outer loop
      vertex 63.33048017323017 73.54307024180889 2.3999999999999986
      vertex 63.33048017323017 73.54307024180889 0
      vertex 63.21841863542795 73.67961762100458 0
    endloop
  endfacet
  facet normal 0.740951121777929 0.6715589587936629 0
    outer loop
      vertex 63.21841863542795 73.67961762100458 2.3999999999999986
      vertex 63.21841863542795 73.67961762100458 0
      vertex 62.546201176941395 74.42129528522491 0
    endloop
  endfacet
  facet normal 0 0 1
    outer loop
      vertex 3.7687516883015633 6.500055655837059 6.399999999999999
      vertex 4.505477353930473 7.994094200432301 6.399999999999999
      vertex 3.269298553466797 7.333342872560024 6.399999999999999
    endloop
  endfacet
  facet normal 0 0 1
    outer loop
      vertex 2.8539268895983696 8.211572460830212 6.399999999999999
      vertex 3.8679690435528755 9.53317541629076 6.399999999999999
      vertex 2.5266368836164474 9.126286759972572 6.399999999999999
    endloop
  endfacet
  facet normal 0 0 1
    outer loop
      vertex 2.8539268895983696 8.211572460830212 6.399999999999999
      vertex 3.269298553466797 7.333342872560024 6.399999999999999
      vertex 4.148918107151985 8.747975379228592 6.399999999999999
    endloop
  endfacet
  facet normal 0 0 1
    outer loop
      vertex 3.269298553466797 7.333342872560024 6.399999999999999
      vertex 4.505477353930473 7.994094200432301 6.399999999999999
      vertex 4.148918107151985 8.747975379228592 6.399999999999999
    endloop
  endfacet
  facet normal 0 0 1
    outer loop
      vertex 2.5266368836164474 9.126286759972572 6.399999999999999
      vertex 3.8679690435528755 9.53317541629076 6.399999999999999
      vertex 3.6653359159827232 10.342132218182087 6.399999999999999
    endloop
  endfacet
  facet normal 0 0 1
    outer loop
      vertex 2.8539268895983696 8.211572460830212 6.399999999999999
      vertex 4.148918107151985 8.747975379228592 6.399999999999999
      vertex 3.8679690435528755 9.53317541629076 6.399999999999999
    endloop
  endfacet
  facet normal 0 0 1
    outer loop
      vertex 5.719736002385616 4.3474761843681335 6.399999999999999
      vertex 6.500055655837059 3.7687516883015633 6.399999999999999
      vertex 6.608957700431347 5.430995970964432 6.399999999999999
    endloop
  endfacet
  facet normal 0 0 1
    outer loop
      vertex 6.500055655837059 3.7687516883015633 6.399999999999999
      vertex 7.333342872560024 3.269298553466797 6.399999999999999
      vertex 7.278792023658752 4.934212975203991 6.399999999999999
    endloop
  endfacet
  facet normal 0 0 1
    outer loop
      vertex 6.500055655837059 3.7687516883015633 6.399999999999999
      vertex 7.278792023658752 4.934212975203991 6.399999999999999
      vertex 6.608957700431347 5.430995970964432 6.399999999999999
    endloop
  endfacet
  facet normal 0 0 1
    outer loop
      vertex 7.333342872560024 3.269298553466797 6.399999999999999
      vertex 8.211572460830212 2.8539268895983696 6.399999999999999
      vertex 7.994094200432301 4.505477353930473 6.399999999999999
    endloop
  endfacet
  facet normal 0 0 1
    outer loop
      vertex 7.333342872560024 3.269298553466797 6.399999999999999
      vertex 7.994094200432301 4.505477353930473 6.399999999999999
      vertex 7.278792023658752 4.934212975203991 6.399999999999999
    endloop
  endfacet
  facet normal 0 0 1
    outer loop
      vertex 4.3474761843681335 5.719736002385616 6.399999999999999
      vertex 4.999898694455624 4.999898694455624 6.399999999999999
      vertex 5.430995970964432 6.608957700431347 6.399999999999999
    endloop
  endfacet
  facet normal 0 0 1
    outer loop
      vertex 3.7687516883015633 6.500055655837059 6.399999999999999
      vertex 4.3474761843681335 5.719736002385616 6.399999999999999
      vertex 4.934212975203991 7.278792023658752 6.399999999999999
    endloop
  endfacet
  facet normal 0 0 1
    outer loop
      vertex 3.7687516883015633 6.500055655837059 6.399999999999999
      vertex 4.934212975203991 7.278792023658752 6.399999999999999
      vertex 4.505477353930473 7.994094200432301 6.399999999999999
    endloop
  endfacet
  facet normal 0 0 1
    outer loop
      vertex 4.3474761843681335 5.719736002385616 6.399999999999999
      vertex 5.430995970964432 6.608957700431347 6.399999999999999
      vertex 4.934212975203991 7.278792023658752 6.399999999999999
    endloop
  endfacet
  facet normal 0 0 1
    outer loop
      vertex 5.719736002385616 4.3474761843681335 6.399999999999999
      vertex 5.99104206264019 5.99104206264019 6.399999999999999
      vertex 4.999898694455624 4.999898694455624 6.399999999999999
    endloop
  endfacet
  facet normal 0 0 1
    outer loop
      vertex 4.999898694455624 4.999898694455624 6.399999999999999
      vertex 5.99104206264019 5.99104206264019 6.399999999999999
      vertex 5.430995970964432 6.608957700431347 6.399999999999999
    endloop
  endfacet
  facet normal 0 0 1
    outer loop
      vertex 5.719736002385616 4.3474761843681335 6.399999999999999
      vertex 6.608957700431347 5.430995970964432 6.399999999999999
      vertex 5.99104206264019 5.99104206264019 6.399999999999999
    endloop
  endfacet
  facet normal 0 0 1
    outer loop
      vertex 2.5266368836164474 9.126286759972572 6.399999999999999
      vertex 3.6653359159827232 10.342132218182087 6.399999999999999
      vertex 2.2905805706977844 10.068676374852657 6.399999999999999
    endloop
  endfacet
  facet normal 0 0 1
    outer loop
      vertex 2.2905805706977844 10.068676374852657 6.399999999999999
      vertex 3.542970150709152 11.16705521196127 6.399999999999999
      vertex 2.1480312570929527 11.029665760695934 6.399999999999999
    endloop
  endfacet
  facet normal 0 0 1
    outer loop
      vertex 2.1480312570929527 11.029665760695934 6.399999999999999
      vertex 3.542970150709152 11.16705521196127 6.399999999999999
      vertex 2.0999999940395355 12.007364638149738 6.399999999999999
    endloop
  endfacet
  facet normal 0 0 1
    outer loop
      vertex 2.0999999940395355 12.007364638149738 6.399999999999999
      vertex 3.542970150709152 11.16705521196127 6.399999999999999
      vertex 3.5 12.041732653975487 6.399999999999999
    endloop
  endfacet
  facet normal 0 0 1
    outer loop
      vertex 2.2905805706977844 10.068676374852657 6.399999999999999
      vertex 3.6653359159827232 10.342132218182087 6.399999999999999
      vertex 3.542970150709152 11.16705521196127 6.399999999999999
    endloop
  endfacet
  facet normal -0.8577286109085103 -0.5141027426779179 0
    outer loop
      vertex 3.7687516883015633 6.500055655837059 6.399999999999999
      vertex 3.269298553466797 7.333342872560024 6.399999999999999
      vertex 3.7687516883015633 6.500055655837059 2.3999999999999986
    endloop
  endfacet
  facet normal -0.9415440663647628 -0.33688985008947225 0
    outer loop
      vertex 2.8539268895983696 8.211572460830212 6.399999999999999
      vertex 2.5266368836164474 9.126286759972572 6.399999999999999
      vertex 2.8539268895983696 8.211572460830212 2.3999999999999986
    endloop
  endfacet
  facet normal -0.9700312524736243 -0.24298018278133662 0
    outer loop
      vertex 2.5266368836164474 9.126286759972572 6.399999999999999
      vertex 2.2905805706977844 10.068676374852657 6.399999999999999
      vertex 2.5266368836164474 9.126286759972572 2.3999999999999986
    endloop
  endfacet
  facet normal -0.9039892917424973 -0.4275550963500472 0
    outer loop
      vertex 2.8539268895983696 8.211572460830212 6.399999999999999
      vertex 3.269298553466797 7.333342872560024 2.3999999999999986
      vertex 3.269298553466797 7.333342872560024 6.399999999999999
    endloop
  endfacet
  facet normal 0.941544065958226 0.3368898512256669 0
    outer loop
      vertex 3.8679690435528755 9.53317541629076 6.399999999999999
      vertex 4.148918107151985 8.747975379228592 6.399999999999999
      vertex 4.148918107151985 8.747975379228592 2.3999999999999986
    endloop
  endfacet
  facet normal -0.6715589570457422 -0.740951123362152 0
    outer loop
      vertex 5.719736002385616 4.3474761843681335 6.399999999999999
      vertex 4.999898694455624 4.999898694455624 6.399999999999999
      vertex 5.719736002385616 4.3474761843681335 2.3999999999999986
    endloop
  endfacet
  facet normal -0.5141027426779179 -0.8577286109085103 0
    outer loop
      vertex 6.500055655837059 3.7687516883015633 6.399999999999999
      vertex 7.333342872560024 3.269298553466797 2.3999999999999986
      vertex 7.333342872560024 3.269298553466797 6.399999999999999
    endloop
  endfacet
  facet normal -0.5956993037071778 -0.8032075320630301 0
    outer loop
      vertex 5.719736002385616 4.3474761843681335 6.399999999999999
      vertex 6.500055655837059 3.7687516883015633 2.3999999999999986
      vertex 6.500055655837059 3.7687516883015633 6.399999999999999
    endloop
  endfacet
  facet normal -0.4275550963500472 -0.9039892917424973 0
    outer loop
      vertex 7.333342872560024 3.269298553466797 6.399999999999999
      vertex 8.211572460830212 2.8539268895983696 2.3999999999999986
      vertex 8.211572460830212 2.8539268895983696 6.399999999999999
    endloop
  endfacet
  facet normal 0.5141027405788908 0.8577286121666188 0
    outer loop
      vertex 7.994094200432301 4.505477353930473 6.399999999999999
      vertex 7.994094200432301 4.505477353930473 2.3999999999999986
      vertex 7.278792023658752 4.934212975203991 6.399999999999999
    endloop
  endfacet
  facet normal -0.8032075320630301 -0.5956993037071778 0
    outer loop
      vertex 3.7687516883015633 6.500055655837059 6.399999999999999
      vertex 4.3474761843681335 5.719736002385616 2.3999999999999986
      vertex 4.3474761843681335 5.719736002385616 6.399999999999999
    endloop
  endfacet
  facet normal -0.740951123362152 -0.6715589570457422 0
    outer loop
      vertex 4.3474761843681335 5.719736002385616 6.399999999999999
      vertex 4.999898694455624 4.999898694455624 2.3999999999999986
      vertex 4.999898694455624 4.999898694455624 6.399999999999999
    endloop
  endfacet
  facet normal 0.8032075291701496 0.5956993076077758 0
    outer loop
      vertex 4.934212975203991 7.278792023658752 6.399999999999999
      vertex 5.430995970964432 6.608957700431347 6.399999999999999
      vertex 5.430995970964432 6.608957700431347 2.3999999999999986
    endloop
  endfacet
  facet normal 0.7409511237612046 0.6715589566054555 0
    outer loop
      vertex 5.99104206264019 5.99104206264019 6.399999999999999
      vertex 5.99104206264019 5.99104206264019 2.3999999999999986
      vertex 5.430995970964432 6.608957700431347 6.399999999999999
    endloop
  endfacet
  facet normal 0.9039892912693955 0.4275550973503368 0
    outer loop
      vertex 4.505477353930473 7.994094200432301 6.399999999999999
      vertex 4.505477353930473 7.994094200432301 2.3999999999999986
      vertex 4.148918107151985 8.747975379228592 6.399999999999999
    endloop
  endfacet
  facet normal 0.8577286121666188 0.5141027405788908 0
    outer loop
      vertex 4.934212975203991 7.278792023658752 6.399999999999999
      vertex 4.934212975203991 7.278792023658752 2.3999999999999986
      vertex 4.505477353930473 7.994094200432301 6.399999999999999
    endloop
  endfacet
  facet normal 0.6715589566054555 0.7409511237612046 0
    outer loop
      vertex 5.99104206264019 5.99104206264019 6.399999999999999
      vertex 6.608957700431347 5.430995970964432 6.399999999999999
      vertex 6.608957700431347 5.430995970964432 2.3999999999999986
    endloop
  endfacet
  facet normal 0.5956993076077758 0.8032075291701496 0
    outer loop
      vertex 6.608957700431347 5.430995970964432 6.399999999999999
      vertex 7.278792023658752 4.934212975203991 6.399999999999999
      vertex 7.278792023658752 4.934212975203991 2.3999999999999986
    endloop
  endfacet
  facet normal -0.9891765093609229 -0.1467304785262415 0
    outer loop
      vertex 2.2905805706977844 10.068676374852657 6.399999999999999
      vertex 2.1480312570929527 11.029665760695934 6.399999999999999
      vertex 2.2905805706977844 10.068676374852657 2.3999999999999986
    endloop
  endfacet
  facet normal -0.9987954563463103 -0.049067671454490584 0
    outer loop
      vertex 2.1480312570929527 11.029665760695934 6.399999999999999
      vertex 2.0999999940395355 12.007364638149738 6.399999999999999
      vertex 2.1480312570929527 11.029665760695934 2.3999999999999986
    endloop
  endfacet
  facet normal 0.9700312539468142 0.242980176900033 0
    outer loop
      vertex 3.8679690435528755 9.53317541629076 6.399999999999999
      vertex 3.8679690435528755 9.53317541629076 2.3999999999999986
      vertex 3.6653359159827232 10.342132218182087 6.399999999999999
    endloop
  endfacet
  facet normal 0.9891765102522558 0.14673047251736362 0
    outer loop
      vertex 3.6653359159827232 10.342132218182087 6.399999999999999
      vertex 3.6653359159827232 10.342132218182087 2.3999999999999986
      vertex 3.542970150709152 11.16705521196127 6.399999999999999
    endloop
  endfacet
  facet normal 0.9987954560138587 0.049067678221698455 0
    outer loop
      vertex 3.542970150709152 11.16705521196127 6.399999999999999
      vertex 3.542970150709152 11.16705521196127 2.3999999999999986
      vertex 3.5 12.041732653975487 6.399999999999999
    endloop
  endfacet
  facet normal 0 0 1
    outer loop
      vertex 8.211572460830212 2.8539268895983696 6.399999999999999
      vertex 9.126286759972572 2.5266368836164474 6.399999999999999
      vertex 8.747975379228592 4.148918107151985 6.399999999999999
    endloop
  endfacet
  facet normal 0 0 1
    outer loop
      vertex 9.126286759972572 2.5266368836164474 6.399999999999999
      vertex 9.53317541629076 3.8679690435528755 6.399999999999999
      vertex 8.747975379228592 4.148918107151985 6.399999999999999
    endloop
  endfacet
  facet normal 0 0 1
    outer loop
      vertex 8.211572460830212 2.8539268895983696 6.399999999999999
      vertex 8.747975379228592 4.148918107151985 6.399999999999999
      vertex 7.994094200432301 4.505477353930473 6.399999999999999
    endloop
  endfacet
  facet normal 0 0 1
    outer loop
      vertex 10.068676374852657 2.2905805706977844 6.399999999999999
      vertex 9.53317541629076 3.8679690435528755 6.399999999999999
      vertex 9.126286759972572 2.5266368836164474 6.399999999999999
    endloop
  endfacet
  facet normal 0 0 1
    outer loop
      vertex 10.068676374852657 2.2905805706977844 6.399999999999999
      vertex 10.342132218182087 3.6653359159827232 6.399999999999999
      vertex 9.53317541629076 3.8679690435528755 6.399999999999999
    endloop
  endfacet
  facet normal 0 0 1
    outer loop
      vertex 10.068676374852657 2.2905805706977844 6.399999999999999
      vertex 11.029665760695934 2.1480312570929527 6.399999999999999
      vertex 10.342132218182087 3.6653359159827232 6.399999999999999
    endloop
  endfacet
  facet normal 0 0 1
    outer loop
      vertex 11.029665760695934 2.1480312570929527 6.399999999999999
      vertex 11.16705521196127 3.542970150709152 6.399999999999999
      vertex 10.342132218182087 3.6653359159827232 6.399999999999999
    endloop
  endfacet
  facet normal 0 0 1
    outer loop
      vertex 11.029665760695934 2.1480312570929527 6.399999999999999
      vertex 12.007364645600319 2.0999999940395355 6.399999999999999
      vertex 11.16705521196127 3.542970150709152 6.399999999999999
    endloop
  endfacet
  facet normal 0 0 1
    outer loop
      vertex 12.007364645600319 2.0999999940395355 6.399999999999999
      vertex 12.041732653975487 3.5 6.399999999999999
      vertex 11.16705521196127 3.542970150709152 6.399999999999999
    endloop
  endfacet
  facet normal -0.24298018278133662 -0.9700312524736243 0
    outer loop
      vertex 10.068676374852657 2.2905805706977844 6.399999999999999
      vertex 9.126286759972572 2.5266368836164474 6.399999999999999
      vertex 10.068676374852657 2.2905805706977844 2.3999999999999986
    endloop
  endfacet
  facet normal -0.33688985008947225 -0.9415440663647628 0
    outer loop
      vertex 8.211572460830212 2.8539268895983696 6.399999999999999
      vertex 9.126286759972572 2.5266368836164474 2.3999999999999986
      vertex 9.126286759972572 2.5266368836164474 6.399999999999999
    endloop
  endfacet
  facet normal 0.4275550973503368 0.9039892912693955 0
    outer loop
      vertex 7.994094200432301 4.505477353930473 6.399999999999999
      vertex 8.747975379228592 4.148918107151985 6.399999999999999
      vertex 8.747975379228592 4.148918107151985 2.3999999999999986
    endloop
  endfacet
  facet normal 0.3368898512256669 0.941544065958226 0
    outer loop
      vertex 8.747975379228592 4.148918107151985 6.399999999999999
      vertex 9.53317541629076 3.8679690435528755 6.399999999999999
      vertex 9.53317541629076 3.8679690435528755 2.3999999999999986
    endloop
  endfacet
  facet normal 0.242980176900033 0.9700312539468142 0
    outer loop
      vertex 9.53317541629076 3.8679690435528755 6.399999999999999
      vertex 10.342132218182087 3.6653359159827232 6.399999999999999
      vertex 10.342132218182087 3.6653359159827232 2.3999999999999986
    endloop
  endfacet
  facet normal -0.1467304785262415 -0.9891765093609229 0
    outer loop
      vertex 10.068676374852657 2.2905805706977844 6.399999999999999
      vertex 11.029665760695934 2.1480312570929527 2.3999999999999986
      vertex 11.029665760695934 2.1480312570929527 6.399999999999999
    endloop
  endfacet
  facet normal -0.04906767108146935 -0.9987954563646356 0
    outer loop
      vertex 11.029665760695934 2.1480312570929527 6.399999999999999
      vertex 12.007364645600319 2.0999999940395355 2.3999999999999986
      vertex 12.007364645600319 2.0999999940395355 6.399999999999999
    endloop
  endfacet
  facet normal 0.14673047251736362 0.9891765102522558 0
    outer loop
      vertex 11.16705521196127 3.542970150709152 6.399999999999999
      vertex 11.16705521196127 3.542970150709152 2.3999999999999986
      vertex 10.342132218182087 3.6653359159827232 6.399999999999999
    endloop
  endfacet
  facet normal 0.049067678221698455 0.9987954560138587 0
    outer loop
      vertex 11.16705521196127 3.542970150709152 6.399999999999999
      vertex 12.041732653975487 3.5 6.399999999999999
      vertex 12.041732653975487 3.5 2.3999999999999986
    endloop
  endfacet
  facet normal 0 0 1
    outer loop
      vertex 2.0999999940395355 12.007364638149738 6.399999999999999
      vertex 3.5 12.041732653975487 6.399999999999999
      vertex 3.5 65.95826733112335 6.399999999999999
    endloop
  endfacet
  facet normal -1 0 0
    outer loop
      vertex 2.0999999940395355 12.007364638149738 6.399999999999999
      vertex 2.0999999940395355 39.17558128981452 5.282706751177294
      vertex 2.0999999940395355 38.82441871018548 5.282706751177294
    endloop
  endfacet
  facet normal -1 0 0
    outer loop
      vertex 2.0999999940395355 12.007364638149738 6.399999999999999
      vertex 2.0999999940395355 38.82441871018548 5.282706751177294
      vertex 2.0999999940395355 38.49998679028236 5.14832264988668
    endloop
  endfacet
  facet normal -1 0 0
    outer loop
      vertex 2.0999999940395355 12.007364638149738 6.399999999999999
      vertex 2.0999999940395355 38.49998679028236 5.14832264988668
      vertex 2.0999999940395355 38.25167734892771 4.90001320853203
    endloop
  endfacet
  facet normal -1 0 0
    outer loop
      vertex 2.0999999940395355 12.007364638149738 6.399999999999999
      vertex 2.0999999940395355 38.25167734892771 4.90001320853203
      vertex 2.0999999940395355 38.11729324763709 4.575581288628904
    endloop
  endfacet
  facet normal 1 0 0
    outer loop
      vertex 3.5 12.041732653975487 6.399999999999999
      vertex 3.5 12.041732653975487 2.3999999999999986
      vertex 3.5 65.95826733112335 6.399999999999999
    endloop
  endfacet
  facet normal -0.8577286109085103 -0.5141027426779179 0
    outer loop
      vertex 3.269298553466797 7.333342872560024 6.399999999999999
      vertex 3.269298553466797 7.333342872560024 2.3999999999999986
      vertex 3.7687516883015633 6.500055655837059 2.3999999999999986
    endloop
  endfacet
  facet normal -0.8032075320630301 -0.5956993037071778 0
    outer loop
      vertex 3.7687516883015633 6.500055655837059 6.399999999999999
      vertex 3.7687516883015633 6.500055655837059 2.3999999999999986
      vertex 4.3474761843681335 5.719736002385616 2.3999999999999986
    endloop
  endfacet
  facet normal -0.9039892917424973 -0.4275550963500472 0
    outer loop
      vertex 2.8539268895983696 8.211572460830212 6.399999999999999
      vertex 2.8539268895983696 8.211572460830212 2.3999999999999986
      vertex 3.269298553466797 7.333342872560024 2.3999999999999986
    endloop
  endfacet
  facet normal -0.9415440663647628 -0.33688985008947225 0
    outer loop
      vertex 2.5266368836164474 9.126286759972572 6.399999999999999
      vertex 2.5266368836164474 9.126286759972572 2.3999999999999986
      vertex 2.8539268895983696 8.211572460830212 2.3999999999999986
    endloop
  endfacet
  facet normal 0.941544065958226 0.3368898512256669 0
    outer loop
      vertex 3.8679690435528755 9.53317541629076 6.399999999999999
      vertex 4.148918107151985 8.747975379228592 2.3999999999999986
      vertex 3.8679690435528755 9.53317541629076 2.3999999999999986
    endloop
  endfacet
  facet normal -0.6715589570457422 -0.740951123362152 0
    outer loop
      vertex 4.999898694455624 4.999898694455624 6.399999999999999
      vertex 4.999898694455624 4.999898694455624 2.3999999999999986
      vertex 5.719736002385616 4.3474761843681335 2.3999999999999986
    endloop
  endfacet
  facet normal -0.5956993037071778 -0.8032075320630301 0
    outer loop
      vertex 5.719736002385616 4.3474761843681335 6.399999999999999
      vertex 5.719736002385616 4.3474761843681335 2.3999999999999986
      vertex 6.500055655837059 3.7687516883015633 2.3999999999999986
    endloop
  endfacet
  facet normal -0.5141027426779179 -0.8577286109085103 0
    outer loop
      vertex 6.500055655837059 3.7687516883015633 6.399999999999999
      vertex 6.500055655837059 3.7687516883015633 2.3999999999999986
      vertex 7.333342872560024 3.269298553466797 2.3999999999999986
    endloop
  endfacet
  facet normal -0.4275550963500472 -0.9039892917424973 0
    outer loop
      vertex 7.333342872560024 3.269298553466797 6.399999999999999
      vertex 7.333342872560024 3.269298553466797 2.3999999999999986
      vertex 8.211572460830212 2.8539268895983696 2.3999999999999986
    endloop
  endfacet
  facet normal 0.5141027405788908 0.8577286121666188 0
    outer loop
      vertex 7.278792023658752 4.934212975203991 6.399999999999999
      vertex 7.994094200432301 4.505477353930473 2.3999999999999986
      vertex 7.278792023658752 4.934212975203991 2.3999999999999986
    endloop
  endfacet
  facet normal 0.4275550973503368 0.9039892912693955 0
    outer loop
      vertex 7.994094200432301 4.505477353930473 6.399999999999999
      vertex 8.747975379228592 4.148918107151985 2.3999999999999986
      vertex 7.994094200432301 4.505477353930473 2.3999999999999986
    endloop
  endfacet
  facet normal -0.740951123362152 -0.6715589570457422 0
    outer loop
      vertex 4.3474761843681335 5.719736002385616 6.399999999999999
      vertex 4.3474761843681335 5.719736002385616 2.3999999999999986
      vertex 4.999898694455624 4.999898694455624 2.3999999999999986
    endloop
  endfacet
  facet normal 0.8032075291701496 0.5956993076077758 0
    outer loop
      vertex 4.934212975203991 7.278792023658752 6.399999999999999
      vertex 5.430995970964432 6.608957700431347 2.3999999999999986
      vertex 4.934212975203991 7.278792023658752 2.3999999999999986
    endloop
  endfacet
  facet normal 0.7409511237612046 0.6715589566054555 0
    outer loop
      vertex 5.430995970964432 6.608957700431347 6.399999999999999
      vertex 5.99104206264019 5.99104206264019 2.3999999999999986
      vertex 5.430995970964432 6.608957700431347 2.3999999999999986
    endloop
  endfacet
  facet normal 0.9039892912693955 0.4275550973503368 0
    outer loop
      vertex 4.148918107151985 8.747975379228592 6.399999999999999
      vertex 4.505477353930473 7.994094200432301 2.3999999999999986
      vertex 4.148918107151985 8.747975379228592 2.3999999999999986
    endloop
  endfacet
  facet normal 0.8577286121666188 0.5141027405788908 0
    outer loop
      vertex 4.505477353930473 7.994094200432301 6.399999999999999
      vertex 4.934212975203991 7.278792023658752 2.3999999999999986
      vertex 4.505477353930473 7.994094200432301 2.3999999999999986
    endloop
  endfacet
  facet normal 0.6715589566054555 0.7409511237612046 0
    outer loop
      vertex 5.99104206264019 5.99104206264019 6.399999999999999
      vertex 6.608957700431347 5.430995970964432 2.3999999999999986
      vertex 5.99104206264019 5.99104206264019 2.3999999999999986
    endloop
  endfacet
  facet normal 0.5956993076077758 0.8032075291701496 0
    outer loop
      vertex 6.608957700431347 5.430995970964432 6.399999999999999
      vertex 7.278792023658752 4.934212975203991 2.3999999999999986
      vertex 6.608957700431347 5.430995970964432 2.3999999999999986
    endloop
  endfacet
  facet normal -0.9700312524736243 -0.24298018278133662 0
    outer loop
      vertex 2.2905805706977844 10.068676374852657 6.399999999999999
      vertex 2.2905805706977844 10.068676374852657 2.3999999999999986
      vertex 2.5266368836164474 9.126286759972572 2.3999999999999986
    endloop
  endfacet
  facet normal -0.9891765093609229 -0.1467304785262415 0
    outer loop
      vertex 2.1480312570929527 11.029665760695934 6.399999999999999
      vertex 2.1480312570929527 11.029665760695934 2.3999999999999986
      vertex 2.2905805706977844 10.068676374852657 2.3999999999999986
    endloop
  endfacet
  facet normal -0.9987954563463103 -0.049067671454490584 0
    outer loop
      vertex 2.0999999940395355 12.007364638149738 6.399999999999999
      vertex 2.0999999940395355 12.007364638149738 2.3999999999999986
      vertex 2.1480312570929527 11.029665760695934 2.3999999999999986
    endloop
  endfacet
  facet normal 0.9891765102522558 0.14673047251736362 0
    outer loop
      vertex 3.542970150709152 11.16705521196127 6.399999999999999
      vertex 3.6653359159827232 10.342132218182087 2.3999999999999986
      vertex 3.542970150709152 11.16705521196127 2.3999999999999986
    endloop
  endfacet
  facet normal 0.9700312539468142 0.242980176900033 0
    outer loop
      vertex 3.6653359159827232 10.342132218182087 6.399999999999999
      vertex 3.8679690435528755 9.53317541629076 2.3999999999999986
      vertex 3.6653359159827232 10.342132218182087 2.3999999999999986
    endloop
  endfacet
  facet normal 0.9987954560138587 0.049067678221698455 0
    outer loop
      vertex 3.5 12.041732653975487 6.399999999999999
      vertex 3.542970150709152 11.16705521196127 2.3999999999999986
      vertex 3.5 12.041732653975487 2.3999999999999986
    endloop
  endfacet
  facet normal -0.33688985008947225 -0.9415440663647628 0
    outer loop
      vertex 8.211572460830212 2.8539268895983696 6.399999999999999
      vertex 8.211572460830212 2.8539268895983696 2.3999999999999986
      vertex 9.126286759972572 2.5266368836164474 2.3999999999999986
    endloop
  endfacet
  facet normal 0.3368898512256669 0.941544065958226 0
    outer loop
      vertex 8.747975379228592 4.148918107151985 6.399999999999999
      vertex 9.53317541629076 3.8679690435528755 2.3999999999999986
      vertex 8.747975379228592 4.148918107151985 2.3999999999999986
    endloop
  endfacet
  facet normal -0.24298018278133662 -0.9700312524736243 0
    outer loop
      vertex 9.126286759972572 2.5266368836164474 6.399999999999999
      vertex 9.126286759972572 2.5266368836164474 2.3999999999999986
      vertex 10.068676374852657 2.2905805706977844 2.3999999999999986
    endloop
  endfacet
  facet normal 0.242980176900033 0.9700312539468142 0
    outer loop
      vertex 9.53317541629076 3.8679690435528755 6.399999999999999
      vertex 10.342132218182087 3.6653359159827232 2.3999999999999986
      vertex 9.53317541629076 3.8679690435528755 2.3999999999999986
    endloop
  endfacet
  facet normal -0.1467304785262415 -0.9891765093609229 0
    outer loop
      vertex 10.068676374852657 2.2905805706977844 6.399999999999999
      vertex 10.068676374852657 2.2905805706977844 2.3999999999999986
      vertex 11.029665760695934 2.1480312570929527 2.3999999999999986
    endloop
  endfacet
  facet normal -0.04906767108146935 -0.9987954563646356 0
    outer loop
      vertex 11.029665760695934 2.1480312570929527 6.399999999999999
      vertex 11.029665760695934 2.1480312570929527 2.3999999999999986
      vertex 12.007364645600319 2.0999999940395355 2.3999999999999986
    endloop
  endfacet
  facet normal 0.14673047251736362 0.9891765102522558 0
    outer loop
      vertex 10.342132218182087 3.6653359159827232 6.399999999999999
      vertex 11.16705521196127 3.542970150709152 2.3999999999999986
      vertex 10.342132218182087 3.6653359159827232 2.3999999999999986
    endloop
  endfacet
  facet normal 0.049067678221698455 0.9987954560138587 0
    outer loop
      vertex 11.16705521196127 3.542970150709152 6.399999999999999
      vertex 12.041732653975487 3.5 2.3999999999999986
      vertex 11.16705521196127 3.542970150709152 2.3999999999999986
    endloop
  endfacet
  facet normal -1 0 0
    outer loop
      vertex 2.0999999940395355 12.007364638149738 6.399999999999999
      vertex 2.0999999940395355 38.11729324763709 4.575581288628904
      vertex 2.0999999940395355 12.007364638149738 2.3999999999999986
    endloop
  endfacet
  facet normal -1 0 0
    outer loop
      vertex 2.0999999940395355 38.11729324763709 4.575581288628904
      vertex 2.0999999940395355 38.11729324763709 4.224418711371094
      vertex 2.0999999940395355 12.007364638149738 2.3999999999999986
    endloop
  endfacet
  facet normal -1 0 0
    outer loop
      vertex 2.0999999940395355 38.11729324763709 4.224418711371094
      vertex 2.0999999940395355 38.25167734892771 3.899986791467967
      vertex 2.0999999940395355 12.007364638149738 2.3999999999999986
    endloop
  endfacet
  facet normal -1 0 0
    outer loop
      vertex 2.0999999940395355 38.25167734892771 3.899986791467967
      vertex 2.0999999940395355 38.49998679028236 3.6516773501133173
      vertex 2.0999999940395355 12.007364638149738 2.3999999999999986
    endloop
  endfacet
  facet normal 0 0 1
    outer loop
      vertex 12.007364645600319 2.0999999940395355 6.399999999999999
      vertex 53.95826733857393 3.5 6.399999999999999
      vertex 12.041732653975487 3.5 6.399999999999999
    endloop
  endfacet
  facet normal 0 -1 0
    outer loop
      vertex 12.007364645600319 2.0999999940395355 6.399999999999999
      vertex 12.007364645600319 2.0999999940395355 2.3999999999999986
      vertex 53.2 2.0999999940395355 3.3999999999999986
    endloop
  endfacet
  facet normal 0 1 0
    outer loop
      vertex 12.041732653975487 3.5 6.399999999999999
      vertex 53.2 3.5 2.3999999999999986
      vertex 12.041732653975487 3.5 2.3999999999999986
    endloop
  endfacet
  facet normal -1 0 0
    outer loop
      vertex 2.0999999940395355 12.007364638149738 6.399999999999999
      vertex 2.0999999940395355 65.9926353469491 6.399999999999999
      vertex 2.0999999940395355 39.17558128981452 5.282706751177294
    endloop
  endfacet
  facet normal 0 0 1
    outer loop
      vertex 2.0999999940395355 12.007364638149738 6.399999999999999
      vertex 3.5 65.95826733112335 6.399999999999999
      vertex 2.0999999940395355 65.9926353469491 6.399999999999999
    endloop
  endfacet
  facet normal -1 0 0
    outer loop
      vertex 2.0999999940395355 39.17558128981452 5.282706751177294
      vertex 2.0999999940395355 65.9926353469491 6.399999999999999
      vertex 2.0999999940395355 39.50001320971764 5.14832264988668
    endloop
  endfacet
  facet normal -1 0 0
    outer loop
      vertex 2.0999999940395355 39.50001320971764 5.14832264988668
      vertex 2.0999999940395355 65.9926353469491 6.399999999999999
      vertex 2.0999999940395355 39.74832265107229 4.90001320853203
    endloop
  endfacet
  facet normal -1 0 0
    outer loop
      vertex 2.0999999940395355 39.74832265107229 4.90001320853203
      vertex 2.0999999940395355 65.9926353469491 6.399999999999999
      vertex 2.0999999940395355 39.88270675236291 4.575581288628904
    endloop
  endfacet
  facet normal -1 0 0
    outer loop
      vertex 2.0999999940395355 65.9926353469491 6.399999999999999
      vertex 2.0999999940395355 39.88270675236291 4.224418711371094
      vertex 2.0999999940395355 39.88270675236291 4.575581288628904
    endloop
  endfacet
  facet normal 0 0 1
    outer loop
      vertex 2.0999999940395355 65.9926353469491 6.399999999999999
      vertex 3.5 65.95826733112335 6.399999999999999
      vertex 3.542970150709152 66.83294477313757 6.399999999999999
    endloop
  endfacet
  facet normal 0 0 1
    outer loop
      vertex 2.0999999940395355 65.9926353469491 6.399999999999999
      vertex 3.542970150709152 66.83294477313757 6.399999999999999
      vertex 2.1480312570929527 66.9703342244029 6.399999999999999
    endloop
  endfacet
  facet normal 0 0 1
    outer loop
      vertex 2.1480312570929527 66.9703342244029 6.399999999999999
      vertex 3.542970150709152 66.83294477313757 6.399999999999999
      vertex 2.2905805706977844 67.93132361024618 6.399999999999999
    endloop
  endfacet
  facet normal 0 0 1
    outer loop
      vertex 2.2905805706977844 67.93132361024618 6.399999999999999
      vertex 3.6653359159827232 67.65786776691675 6.399999999999999
      vertex 2.5266368836164474 68.87371322512627 6.399999999999999
    endloop
  endfacet
  facet normal 0 0 1
    outer loop
      vertex 2.2905805706977844 67.93132361024618 6.399999999999999
      vertex 3.542970150709152 66.83294477313757 6.399999999999999
      vertex 3.6653359159827232 67.65786776691675 6.399999999999999
    endloop
  endfacet
  facet normal 0 0 1
    outer loop
      vertex 2.5266368836164474 68.87371322512627 6.399999999999999
      vertex 3.8679690435528755 68.46682456880808 6.399999999999999
      vertex 2.8539268895983696 69.78842752426863 6.399999999999999
    endloop
  endfacet
  facet normal 0 0 1
    outer loop
      vertex 3.6653359159827232 67.65786776691675 6.399999999999999
      vertex 3.8679690435528755 68.46682456880808 6.399999999999999
      vertex 2.5266368836164474 68.87371322512627 6.399999999999999
    endloop
  endfacet
  facet normal 0 0 1
    outer loop
      vertex 2.8539268895983696 69.78842752426863 6.399999999999999
      vertex 3.8679690435528755 68.46682456880808 6.399999999999999
      vertex 4.148918107151985 69.25202460587025 6.399999999999999
    endloop
  endfacet
  facet normal 0 0 1
    outer loop
      vertex 2.8539268895983696 69.78842752426863 6.399999999999999
      vertex 4.148918107151985 69.25202460587025 6.399999999999999
      vertex 3.269298553466797 70.66665711253881 6.399999999999999
    endloop
  endfacet
  facet normal 0 0 1
    outer loop
      vertex 3.269298553466797 70.66665711253881 6.399999999999999
      vertex 4.148918107151985 69.25202460587025 6.399999999999999
      vertex 4.505477353930473 70.00590578466654 6.399999999999999
    endloop
  endfacet
  facet normal 0 0 1
    outer loop
      vertex 3.269298553466797 70.66665711253881 6.399999999999999
      vertex 4.505477353930473 70.00590578466654 6.399999999999999
      vertex 3.7687516883015633 71.49994432926178 6.399999999999999
    endloop
  endfacet
  facet normal 0 0 1
    outer loop
      vertex 3.7687516883015633 71.49994432926178 6.399999999999999
      vertex 4.505477353930473 70.00590578466654 6.399999999999999
      vertex 4.934212975203991 70.72120796144009 6.399999999999999
    endloop
  endfacet
  facet normal 0 0 1
    outer loop
      vertex 3.7687516883015633 71.49994432926178 6.399999999999999
      vertex 4.934212975203991 70.72120796144009 6.399999999999999
      vertex 4.3474761843681335 72.28026398271322 6.399999999999999
    endloop
  endfacet
  facet normal 0 0 1
    outer loop
      vertex 4.934212975203991 70.72120796144009 6.399999999999999
      vertex 5.430995970964432 71.39104228466749 6.399999999999999
      vertex 4.3474761843681335 72.28026398271322 6.399999999999999
    endloop
  endfacet
  facet normal 0 0 1
    outer loop
      vertex 4.3474761843681335 72.28026398271322 6.399999999999999
      vertex 5.430995970964432 71.39104228466749 6.399999999999999
      vertex 4.999898694455624 73.00010129064322 6.399999999999999
    endloop
  endfacet
  facet normal 0 0 1
    outer loop
      vertex 4.999898694455624 73.00010129064322 6.399999999999999
      vertex 5.430995970964432 71.39104228466749 6.399999999999999
      vertex 5.99104206264019 72.00895792245865 6.399999999999999
    endloop
  endfacet
  facet normal 0 0 1
    outer loop
      vertex 4.999898694455624 73.00010129064322 6.399999999999999
      vertex 5.99104206264019 72.00895792245865 6.399999999999999
      vertex 5.719736002385616 73.6525238007307 6.399999999999999
    endloop
  endfacet
  facet normal 0 0 1
    outer loop
      vertex 5.99104206264019 72.00895792245865 6.399999999999999
      vertex 6.608957700431347 72.5690040141344 6.399999999999999
      vertex 5.719736002385616 73.6525238007307 6.399999999999999
    endloop
  endfacet
  facet normal 0 0 1
    outer loop
      vertex 6.608957700431347 72.5690040141344 6.399999999999999
      vertex 6.500055655837059 74.23124829679728 6.399999999999999
      vertex 5.719736002385616 73.6525238007307 6.399999999999999
    endloop
  endfacet
  facet normal 0 0 1
    outer loop
      vertex 6.608957700431347 72.5690040141344 6.399999999999999
      vertex 7.278792023658752 73.06578700989485 6.399999999999999
      vertex 6.500055655837059 74.23124829679728 6.399999999999999
    endloop
  endfacet
  facet normal 0 0 1
    outer loop
      vertex 7.278792023658752 73.06578700989485 6.399999999999999
      vertex 7.333342872560024 74.73070143163204 6.399999999999999
      vertex 6.500055655837059 74.23124829679728 6.399999999999999
    endloop
  endfacet
  facet normal 0 0 1
    outer loop
      vertex 7.278792023658752 73.06578700989485 6.399999999999999
      vertex 7.994094200432301 73.49452263116837 6.399999999999999
      vertex 7.333342872560024 74.73070143163204 6.399999999999999
    endloop
  endfacet
  facet normal 0 0 1
    outer loop
      vertex 7.994094200432301 73.49452263116837 6.399999999999999
      vertex 8.211572460830212 75.14607309550047 6.399999999999999
      vertex 7.333342872560024 74.73070143163204 6.399999999999999
    endloop
  endfacet
  facet normal -0.9987954563463103 0.049067671454490584 0
    outer loop
      vertex 2.0999999940395355 65.9926353469491 6.399999999999999
      vertex 2.1480312570929527 66.9703342244029 6.399999999999999
      vertex 2.0999999940395355 65.9926353469491 2.3999999999999986
    endloop
  endfacet
  facet normal -0.9891765093609229 0.1467304785262415 0
    outer loop
      vertex 2.1480312570929527 66.9703342244029 6.399999999999999
      vertex 2.2905805706977844 67.93132361024618 6.399999999999999
      vertex 2.1480312570929527 66.9703342244029 2.3999999999999986
    endloop
  endfacet
  facet normal -0.9700312524736243 0.24298018278133662 0
    outer loop
      vertex 2.2905805706977844 67.93132361024618 6.399999999999999
      vertex 2.5266368836164474 68.87371322512627 6.399999999999999
      vertex 2.2905805706977844 67.93132361024618 2.3999999999999986
    endloop
  endfacet
  facet normal 0.9987954560138587 -0.049067678221698455 0
    outer loop
      vertex 3.5 65.95826733112335 6.399999999999999
      vertex 3.5 65.95826733112335 2.3999999999999986
      vertex 3.542970150709152 66.83294477313757 6.399999999999999
    endloop
  endfacet
  facet normal 0.9891765102522558 -0.14673047251736362 0
    outer loop
      vertex 3.542970150709152 66.83294477313757 6.399999999999999
      vertex 3.542970150709152 66.83294477313757 2.3999999999999986
      vertex 3.6653359159827232 67.65786776691675 6.399999999999999
    endloop
  endfacet
  facet normal 0.9700312539468142 -0.242980176900033 0
    outer loop
      vertex 3.6653359159827232 67.65786776691675 6.399999999999999
      vertex 3.6653359159827232 67.65786776691675 2.3999999999999986
      vertex 3.8679690435528755 68.46682456880808 6.399999999999999
    endloop
  endfacet
  facet normal -0.9415440663647628 0.33688985008947225 0
    outer loop
      vertex 2.5266368836164474 68.87371322512627 6.399999999999999
      vertex 2.8539268895983696 69.78842752426863 6.399999999999999
      vertex 2.5266368836164474 68.87371322512627 2.3999999999999986
    endloop
  endfacet
  facet normal -0.9039892917424973 0.4275550963500472 0
    outer loop
      vertex 2.8539268895983696 69.78842752426863 6.399999999999999
      vertex 3.269298553466797 70.66665711253881 6.399999999999999
      vertex 2.8539268895983696 69.78842752426863 2.3999999999999986
    endloop
  endfacet
  facet normal 0.941544065958226 -0.3368898512256669 0
    outer loop
      vertex 3.8679690435528755 68.46682456880808 6.399999999999999
      vertex 3.8679690435528755 68.46682456880808 2.3999999999999986
      vertex 4.148918107151985 69.25202460587025 6.399999999999999
    endloop
  endfacet
  facet normal -0.8577286109085103 0.5141027426779179 0
    outer loop
      vertex 3.269298553466797 70.66665711253881 6.399999999999999
      vertex 3.7687516883015633 71.49994432926178 6.399999999999999
      vertex 3.269298553466797 70.66665711253881 2.3999999999999986
    endloop
  endfacet
  facet normal -0.8032075320630301 0.5956993037071778 0
    outer loop
      vertex 3.7687516883015633 71.49994432926178 6.399999999999999
      vertex 4.3474761843681335 72.28026398271322 6.399999999999999
      vertex 3.7687516883015633 71.49994432926178 2.3999999999999986
    endloop
  endfacet
  facet normal 0.9039892912693955 -0.4275550973503368 0
    outer loop
      vertex 4.148918107151985 69.25202460587025 6.399999999999999
      vertex 4.148918107151985 69.25202460587025 2.3999999999999986
      vertex 4.505477353930473 70.00590578466654 6.399999999999999
    endloop
  endfacet
  facet normal 0.8577286121666188 -0.5141027405788908 0
    outer loop
      vertex 4.505477353930473 70.00590578466654 6.399999999999999
      vertex 4.505477353930473 70.00590578466654 2.3999999999999986
      vertex 4.934212975203991 70.72120796144009 6.399999999999999
    endloop
  endfacet
  facet normal 0.8032075291701496 -0.5956993076077758 0
    outer loop
      vertex 4.934212975203991 70.72120796144009 6.399999999999999
      vertex 4.934212975203991 70.72120796144009 2.3999999999999986
      vertex 5.430995970964432 71.39104228466749 6.399999999999999
    endloop
  endfacet
  facet normal -0.740951123362152 0.6715589570457422 0
    outer loop
      vertex 4.3474761843681335 72.28026398271322 6.399999999999999
      vertex 4.999898694455624 73.00010129064322 6.399999999999999
      vertex 4.3474761843681335 72.28026398271322 2.3999999999999986
    endloop
  endfacet
  facet normal 0.7409511237612046 -0.6715589566054555 0
    outer loop
      vertex 5.430995970964432 71.39104228466749 6.399999999999999
      vertex 5.430995970964432 71.39104228466749 2.3999999999999986
      vertex 5.99104206264019 72.00895792245865 6.399999999999999
    endloop
  endfacet
  facet normal 0.6715589566054555 -0.7409511237612046 0
    outer loop
      vertex 5.99104206264019 72.00895792245865 6.399999999999999
      vertex 5.99104206264019 72.00895792245865 2.3999999999999986
      vertex 6.608957700431347 72.5690040141344 6.399999999999999
    endloop
  endfacet
  facet normal 0.5956993076077758 -0.8032075291701496 0
    outer loop
      vertex 6.608957700431347 72.5690040141344 6.399999999999999
      vertex 6.608957700431347 72.5690040141344 2.3999999999999986
      vertex 7.278792023658752 73.06578700989485 6.399999999999999
    endloop
  endfacet
  facet normal -0.6715589570457422 0.740951123362152 0
    outer loop
      vertex 4.999898694455624 73.00010129064322 6.399999999999999
      vertex 5.719736002385616 73.6525238007307 6.399999999999999
      vertex 4.999898694455624 73.00010129064322 2.3999999999999986
    endloop
  endfacet
  facet normal -0.5956993037071778 0.8032075320630301 0
    outer loop
      vertex 5.719736002385616 73.6525238007307 6.399999999999999
      vertex 6.500055655837059 74.23124829679728 6.399999999999999
      vertex 5.719736002385616 73.6525238007307 2.3999999999999986
    endloop
  endfacet
  facet normal -0.5141027426779179 0.8577286109085103 0
    outer loop
      vertex 6.500055655837059 74.23124829679728 6.399999999999999
      vertex 7.333342872560024 74.73070143163204 6.399999999999999
      vertex 6.500055655837059 74.23124829679728 2.3999999999999986
    endloop
  endfacet
  facet normal 0.5141027405788908 -0.8577286121666188 0
    outer loop
      vertex 7.278792023658752 73.06578700989485 6.399999999999999
      vertex 7.278792023658752 73.06578700989485 2.3999999999999986
      vertex 7.994094200432301 73.49452263116837 6.399999999999999
    endloop
  endfacet
  facet normal 0.4275550973503368 -0.9039892912693955 0
    outer loop
      vertex 7.994094200432301 73.49452263116837 6.399999999999999
      vertex 7.994094200432301 73.49452263116837 2.3999999999999986
      vertex 8.747975379228592 73.85108187794685 6.399999999999999
    endloop
  endfacet
  facet normal -0.4275550963500472 0.9039892917424973 0
    outer loop
      vertex 7.333342872560024 74.73070143163204 6.399999999999999
      vertex 8.211572460830212 75.14607309550047 6.399999999999999
      vertex 7.333342872560024 74.73070143163204 2.3999999999999986
    endloop
  endfacet
  facet normal 0 0 1
    outer loop
      vertex 7.994094200432301 73.49452263116837 6.399999999999999
      vertex 8.747975379228592 73.85108187794685 6.399999999999999
      vertex 8.211572460830212 75.14607309550047 6.399999999999999
    endloop
  endfacet
  facet normal 0 0 1
    outer loop
      vertex 8.211572460830212 75.14607309550047 6.399999999999999
      vertex 8.747975379228592 73.85108187794685 6.399999999999999
      vertex 9.126286759972572 75.47336310148239 6.399999999999999
    endloop
  endfacet
  facet normal 0 0 1
    outer loop
      vertex 8.747975379228592 73.85108187794685 6.399999999999999
      vertex 9.53317541629076 74.13203094154596 6.399999999999999
      vertex 9.126286759972572 75.47336310148239 6.399999999999999
    endloop
  endfacet
  facet normal 0 0 1
    outer loop
      vertex 9.126286759972572 75.47336310148239 6.399999999999999
      vertex 9.53317541629076 74.13203094154596 6.399999999999999
      vertex 10.068676374852657 75.70941941440105 6.399999999999999
    endloop
  endfacet
  facet normal 0 0 1
    outer loop
      vertex 9.53317541629076 74.13203094154596 6.399999999999999
      vertex 10.342132218182087 74.33466406911612 6.399999999999999
      vertex 10.068676374852657 75.70941941440105 6.399999999999999
    endloop
  endfacet
  facet normal 0 0 1
    outer loop
      vertex 10.068676374852657 75.70941941440105 6.399999999999999
      vertex 10.342132218182087 74.33466406911612 6.399999999999999
      vertex 11.029665760695934 75.85196872800589 6.399999999999999
    endloop
  endfacet
  facet normal 0 0 1
    outer loop
      vertex 10.342132218182087 74.33466406911612 6.399999999999999
      vertex 11.16705521196127 74.45702983438969 6.399999999999999
      vertex 11.029665760695934 75.85196872800589 6.399999999999999
    endloop
  endfacet
  facet normal 0 0 1
    outer loop
      vertex 11.16705521196127 74.45702983438969 6.399999999999999
      vertex 12.041732653975487 74.49999999254942 6.399999999999999
      vertex 12.007364645600319 75.89999999850988 6.399999999999999
    endloop
  endfacet
  facet normal 0 0 1
    outer loop
      vertex 11.16705521196127 74.45702983438969 6.399999999999999
      vertex 12.007364645600319 75.89999999850988 6.399999999999999
      vertex 11.029665760695934 75.85196872800589 6.399999999999999
    endloop
  endfacet
  facet normal 0.3368898512256669 -0.941544065958226 0
    outer loop
      vertex 8.747975379228592 73.85108187794685 6.399999999999999
      vertex 8.747975379228592 73.85108187794685 2.3999999999999986
      vertex 9.53317541629076 74.13203094154596 6.399999999999999
    endloop
  endfacet
  facet normal -0.33688985008947225 0.9415440663647628 0
    outer loop
      vertex 8.211572460830212 75.14607309550047 6.399999999999999
      vertex 9.126286759972572 75.47336310148239 6.399999999999999
      vertex 8.211572460830212 75.14607309550047 2.3999999999999986
    endloop
  endfacet
  facet normal 0.242980176900033 -0.9700312539468142 0
    outer loop
      vertex 9.53317541629076 74.13203094154596 6.399999999999999
      vertex 9.53317541629076 74.13203094154596 2.3999999999999986
      vertex 10.342132218182087 74.33466406911612 6.399999999999999
    endloop
  endfacet
  facet normal -0.24298018278133662 0.9700312524736243 0
    outer loop
      vertex 9.126286759972572 75.47336310148239 6.399999999999999
      vertex 10.068676374852657 75.70941941440105 6.399999999999999
      vertex 9.126286759972572 75.47336310148239 2.3999999999999986
    endloop
  endfacet
  facet normal 0.14673047251736362 -0.9891765102522558 0
    outer loop
      vertex 10.342132218182087 74.33466406911612 6.399999999999999
      vertex 10.342132218182087 74.33466406911612 2.3999999999999986
      vertex 11.16705521196127 74.45702983438969 6.399999999999999
    endloop
  endfacet
  facet normal 0.049067686709043615 -0.9987954555969021 0
    outer loop
      vertex 11.16705521196127 74.45702983438969 6.399999999999999
      vertex 11.16705521196127 74.45702983438969 2.3999999999999986
      vertex 12.041732653975487 74.49999999254942 6.399999999999999
    endloop
  endfacet
  facet normal -0.1467304785262415 0.9891765093609229 0
    outer loop
      vertex 10.068676374852657 75.70941941440105 6.399999999999999
      vertex 11.029665760695934 75.85196872800589 6.399999999999999
      vertex 10.068676374852657 75.70941941440105 2.3999999999999986
    endloop
  endfacet
  facet normal -0.04906767867449157 0.9987954559916145 0
    outer loop
      vertex 11.029665760695934 75.85196872800589 6.399999999999999
      vertex 12.007364645600319 75.89999999850988 6.399999999999999
      vertex 11.029665760695934 75.85196872800589 2.3999999999999986
    endloop
  endfacet
  facet normal -1 0 0
    outer loop
      vertex 2.0999999940395355 65.9926353469491 6.399999999999999
      vertex 2.0999999940395355 65.9926353469491 2.3999999999999986
      vertex 2.0999999940395355 39.88270675236291 4.224418711371094
    endloop
  endfacet
  facet normal 1 0 0
    outer loop
      vertex 3.5 65.95826733112335 6.399999999999999
      vertex 3.5 12.041732653975487 2.3999999999999986
      vertex 3.5 65.95826733112335 2.3999999999999986
    endloop
  endfacet
  facet normal -1 0 0
    outer loop
      vertex 2.0999999940395355 39.88270675236291 4.224418711371094
      vertex 2.0999999940395355 65.9926353469491 2.3999999999999986
      vertex 2.0999999940395355 39.74832265107229 3.899986791467967
    endloop
  endfacet
  facet normal -1 0 0
    outer loop
      vertex 2.0999999940395355 39.74832265107229 3.899986791467967
      vertex 2.0999999940395355 65.9926353469491 2.3999999999999986
      vertex 2.0999999940395355 39.50001320971764 3.6516773501133173
    endloop
  endfacet
  facet normal -0.9987954563463103 0.049067671454490584 0
    outer loop
      vertex 2.1480312570929527 66.9703342244029 6.399999999999999
      vertex 2.1480312570929527 66.9703342244029 2.3999999999999986
      vertex 2.0999999940395355 65.9926353469491 2.3999999999999986
    endloop
  endfacet
  facet normal -0.9891765093609229 0.1467304785262415 0
    outer loop
      vertex 2.2905805706977844 67.93132361024618 6.399999999999999
      vertex 2.2905805706977844 67.93132361024618 2.3999999999999986
      vertex 2.1480312570929527 66.9703342244029 2.3999999999999986
    endloop
  endfacet
  facet normal 0.9987954560138587 -0.049067678221698455 0
    outer loop
      vertex 3.542970150709152 66.83294477313757 6.399999999999999
      vertex 3.5 65.95826733112335 2.3999999999999986
      vertex 3.542970150709152 66.83294477313757 2.3999999999999986
    endloop
  endfacet
  facet normal 0.9891765102522558 -0.14673047251736362 0
    outer loop
      vertex 3.6653359159827232 67.65786776691675 6.399999999999999
      vertex 3.542970150709152 66.83294477313757 2.3999999999999986
      vertex 3.6653359159827232 67.65786776691675 2.3999999999999986
    endloop
  endfacet
  facet normal 0.9700312539468142 -0.242980176900033 0
    outer loop
      vertex 3.8679690435528755 68.46682456880808 6.399999999999999
      vertex 3.6653359159827232 67.65786776691675 2.3999999999999986
      vertex 3.8679690435528755 68.46682456880808 2.3999999999999986
    endloop
  endfacet
  facet normal -0.9700312524736243 0.24298018278133662 0
    outer loop
      vertex 2.5266368836164474 68.87371322512627 6.399999999999999
      vertex 2.5266368836164474 68.87371322512627 2.3999999999999986
      vertex 2.2905805706977844 67.93132361024618 2.3999999999999986
    endloop
  endfacet
  facet normal -0.9415440663647628 0.33688985008947225 0
    outer loop
      vertex 2.8539268895983696 69.78842752426863 6.399999999999999
      vertex 2.8539268895983696 69.78842752426863 2.3999999999999986
      vertex 2.5266368836164474 68.87371322512627 2.3999999999999986
    endloop
  endfacet
  facet normal 0.941544065958226 -0.3368898512256669 0
    outer loop
      vertex 4.148918107151985 69.25202460587025 6.399999999999999
      vertex 3.8679690435528755 68.46682456880808 2.3999999999999986
      vertex 4.148918107151985 69.25202460587025 2.3999999999999986
    endloop
  endfacet
  facet normal -0.9039892917424973 0.4275550963500472 0
    outer loop
      vertex 3.269298553466797 70.66665711253881 6.399999999999999
      vertex 3.269298553466797 70.66665711253881 2.3999999999999986
      vertex 2.8539268895983696 69.78842752426863 2.3999999999999986
    endloop
  endfacet
  facet normal -0.8577286109085103 0.5141027426779179 0
    outer loop
      vertex 3.7687516883015633 71.49994432926178 6.399999999999999
      vertex 3.7687516883015633 71.49994432926178 2.3999999999999986
      vertex 3.269298553466797 70.66665711253881 2.3999999999999986
    endloop
  endfacet
  facet normal 0.9039892912693955 -0.4275550973503368 0
    outer loop
      vertex 4.505477353930473 70.00590578466654 6.399999999999999
      vertex 4.148918107151985 69.25202460587025 2.3999999999999986
      vertex 4.505477353930473 70.00590578466654 2.3999999999999986
    endloop
  endfacet
  facet normal 0.8577286121666188 -0.5141027405788908 0
    outer loop
      vertex 4.934212975203991 70.72120796144009 6.399999999999999
      vertex 4.505477353930473 70.00590578466654 2.3999999999999986
      vertex 4.934212975203991 70.72120796144009 2.3999999999999986
    endloop
  endfacet
  facet normal -0.8032075320630301 0.5956993037071778 0
    outer loop
      vertex 4.3474761843681335 72.28026398271322 6.399999999999999
      vertex 4.3474761843681335 72.28026398271322 2.3999999999999986
      vertex 3.7687516883015633 71.49994432926178 2.3999999999999986
    endloop
  endfacet
  facet normal -0.740951123362152 0.6715589570457422 0
    outer loop
      vertex 4.999898694455624 73.00010129064322 6.399999999999999
      vertex 4.999898694455624 73.00010129064322 2.3999999999999986
      vertex 4.3474761843681335 72.28026398271322 2.3999999999999986
    endloop
  endfacet
  facet normal 0.8032075291701496 -0.5956993076077758 0
    outer loop
      vertex 5.430995970964432 71.39104228466749 6.399999999999999
      vertex 4.934212975203991 70.72120796144009 2.3999999999999986
      vertex 5.430995970964432 71.39104228466749 2.3999999999999986
    endloop
  endfacet
  facet normal 0.7409511237612046 -0.6715589566054555 0
    outer loop
      vertex 5.99104206264019 72.00895792245865 6.399999999999999
      vertex 5.430995970964432 71.39104228466749 2.3999999999999986
      vertex 5.99104206264019 72.00895792245865 2.3999999999999986
    endloop
  endfacet
  facet normal 0.6715589566054555 -0.7409511237612046 0
    outer loop
      vertex 6.608957700431347 72.5690040141344 6.399999999999999
      vertex 5.99104206264019 72.00895792245865 2.3999999999999986
      vertex 6.608957700431347 72.5690040141344 2.3999999999999986
    endloop
  endfacet
  facet normal 0.5956993076077758 -0.8032075291701496 0
    outer loop
      vertex 7.278792023658752 73.06578700989485 6.399999999999999
      vertex 6.608957700431347 72.5690040141344 2.3999999999999986
      vertex 7.278792023658752 73.06578700989485 2.3999999999999986
    endloop
  endfacet
  facet normal -0.6715589570457422 0.740951123362152 0
    outer loop
      vertex 5.719736002385616 73.6525238007307 6.399999999999999
      vertex 5.719736002385616 73.6525238007307 2.3999999999999986
      vertex 4.999898694455624 73.00010129064322 2.3999999999999986
    endloop
  endfacet
  facet normal -0.5956993037071778 0.8032075320630301 0
    outer loop
      vertex 6.500055655837059 74.23124829679728 6.399999999999999
      vertex 6.500055655837059 74.23124829679728 2.3999999999999986
      vertex 5.719736002385616 73.6525238007307 2.3999999999999986
    endloop
  endfacet
  facet normal -0.5141027426779179 0.8577286109085103 0
    outer loop
      vertex 7.333342872560024 74.73070143163204 6.399999999999999
      vertex 7.333342872560024 74.73070143163204 2.3999999999999986
      vertex 6.500055655837059 74.23124829679728 2.3999999999999986
    endloop
  endfacet
  facet normal 0.5141027405788908 -0.8577286121666188 0
    outer loop
      vertex 7.994094200432301 73.49452263116837 6.399999999999999
      vertex 7.278792023658752 73.06578700989485 2.3999999999999986
      vertex 7.994094200432301 73.49452263116837 2.3999999999999986
    endloop
  endfacet
  facet normal -0.4275550963500472 0.9039892917424973 0
    outer loop
      vertex 8.211572460830212 75.14607309550047 6.399999999999999
      vertex 8.211572460830212 75.14607309550047 2.3999999999999986
      vertex 7.333342872560024 74.73070143163204 2.3999999999999986
    endloop
  endfacet
  facet normal 0.4275550973503368 -0.9039892912693955 0
    outer loop
      vertex 8.747975379228592 73.85108187794685 6.399999999999999
      vertex 7.994094200432301 73.49452263116837 2.3999999999999986
      vertex 8.747975379228592 73.85108187794685 2.3999999999999986
    endloop
  endfacet
  facet normal 0.3368898512256669 -0.941544065958226 0
    outer loop
      vertex 9.53317541629076 74.13203094154596 6.399999999999999
      vertex 8.747975379228592 73.85108187794685 2.3999999999999986
      vertex 9.53317541629076 74.13203094154596 2.3999999999999986
    endloop
  endfacet
  facet normal -0.33688985008947225 0.9415440663647628 0
    outer loop
      vertex 9.126286759972572 75.47336310148239 6.399999999999999
      vertex 9.126286759972572 75.47336310148239 2.3999999999999986
      vertex 8.211572460830212 75.14607309550047 2.3999999999999986
    endloop
  endfacet
  facet normal 0.242980176900033 -0.9700312539468142 0
    outer loop
      vertex 10.342132218182087 74.33466406911612 6.399999999999999
      vertex 9.53317541629076 74.13203094154596 2.3999999999999986
      vertex 10.342132218182087 74.33466406911612 2.3999999999999986
    endloop
  endfacet
  facet normal -0.24298018278133662 0.9700312524736243 0
    outer loop
      vertex 10.068676374852657 75.70941941440105 6.399999999999999
      vertex 10.068676374852657 75.70941941440105 2.3999999999999986
      vertex 9.126286759972572 75.47336310148239 2.3999999999999986
    endloop
  endfacet
  facet normal 0.14673047251736362 -0.9891765102522558 0
    outer loop
      vertex 11.16705521196127 74.45702983438969 6.399999999999999
      vertex 10.342132218182087 74.33466406911612 2.3999999999999986
      vertex 11.16705521196127 74.45702983438969 2.3999999999999986
    endloop
  endfacet
  facet normal 0.049067686709043615 -0.9987954555969021 0
    outer loop
      vertex 12.041732653975487 74.49999999254942 6.399999999999999
      vertex 11.16705521196127 74.45702983438969 2.3999999999999986
      vertex 12.041732653975487 74.49999999254942 2.3999999999999986
    endloop
  endfacet
  facet normal -0.1467304785262415 0.9891765093609229 0
    outer loop
      vertex 11.029665760695934 75.85196872800589 6.399999999999999
      vertex 11.029665760695934 75.85196872800589 2.3999999999999986
      vertex 10.068676374852657 75.70941941440105 2.3999999999999986
    endloop
  endfacet
  facet normal -0.04906767867449157 0.9987954559916145 0
    outer loop
      vertex 12.007364645600319 75.89999999850988 6.399999999999999
      vertex 12.007364645600319 75.89999999850988 2.3999999999999986
      vertex 11.029665760695934 75.85196872800589 2.3999999999999986
    endloop
  endfacet
  facet normal 0 0 1
    outer loop
      vertex 12.041732653975487 74.49999999254942 6.399999999999999
      vertex 53.95826733857393 74.49999999254942 6.399999999999999
      vertex 12.007364645600319 75.89999999850988 6.399999999999999
    endloop
  endfacet
  facet normal 0 -1 0
    outer loop
      vertex 12.041732653975487 74.49999999254942 6.399999999999999
      vertex 12.041732653975487 74.49999999254942 2.3999999999999986
      vertex 53.95826733857393 74.49999999254942 6.399999999999999
    endloop
  endfacet
  facet normal 0 1 0
    outer loop
      vertex 12.007364645600319 75.89999999850988 6.399999999999999
      vertex 53.9926353469491 75.89999999850988 6.399999999999999
      vertex 12.007364645600319 75.89999999850988 2.3999999999999986
    endloop
  endfacet
  facet normal -1 0 0
    outer loop
      vertex 2.0999999940395355 38.49998679028236 3.6516773501133173
      vertex 2.0999999940395355 38.82441871018548 3.5172932488227033
      vertex 2.0999999940395355 12.007364638149738 2.3999999999999986
    endloop
  endfacet
  facet normal -1 0 0
    outer loop
      vertex 2.0999999940395355 38.82441871018548 3.5172932488227033
      vertex 2.0999999940395355 65.9926353469491 2.3999999999999986
      vertex 2.0999999940395355 12.007364638149738 2.3999999999999986
    endloop
  endfacet
  facet normal -1 0 0
    outer loop
      vertex 2.0999999940395355 39.50001320971764 3.6516773501133173
      vertex 2.0999999940395355 65.9926353469491 2.3999999999999986
      vertex 2.0999999940395355 39.17558128981452 3.5172932488227033
    endloop
  endfacet
  facet normal -1 0 0
    outer loop
      vertex 2.0999999940395355 38.82441871018548 3.5172932488227033
      vertex 2.0999999940395355 39.17558128981452 3.5172932488227033
      vertex 2.0999999940395355 65.9926353469491 2.3999999999999986
    endloop
  endfacet
  facet normal 0 0 1
    outer loop
      vertex 12.007364645600319 2.0999999940395355 6.399999999999999
      vertex 53.9926353469491 2.0999999940395355 6.399999999999999
      vertex 53.95826733857393 3.5 6.399999999999999
    endloop
  endfacet
  facet normal 0 -1 0
    outer loop
      vertex 12.007364645600319 2.0999999940395355 6.399999999999999
      vertex 53.2 2.0999999940395355 3.3999999999999986
      vertex 53.9926353469491 2.0999999940395355 6.399999999999999
    endloop
  endfacet
  facet normal 0 1 0
    outer loop
      vertex 12.041732653975487 3.5 6.399999999999999
      vertex 53.95826733857393 3.5 6.399999999999999
      vertex 53.2 3.5 3.3999999999999986
    endloop
  endfacet
  facet normal 0 1 0
    outer loop
      vertex 12.041732653975487 3.5 6.399999999999999
      vertex 53.2 3.5 3.3999999999999986
      vertex 53.2 3.5 2.3999999999999986
    endloop
  endfacet
  facet normal 0 0 1
    outer loop
      vertex 53.9926353469491 2.0999999940395355 6.399999999999999
      vertex 54.970334224402905 2.1480312570929527 6.399999999999999
      vertex 54.83294477313757 3.542970150709152 6.399999999999999
    endloop
  endfacet
  facet normal 0 0 1
    outer loop
      vertex 53.9926353469491 2.0999999940395355 6.399999999999999
      vertex 54.83294477313757 3.542970150709152 6.399999999999999
      vertex 53.95826733857393 3.5 6.399999999999999
    endloop
  endfacet
  facet normal 0 0 1
    outer loop
      vertex 54.970334224402905 2.1480312570929527 6.399999999999999
      vertex 55.93132361024618 2.2905805706977844 6.399999999999999
      vertex 54.83294477313757 3.542970150709152 6.399999999999999
    endloop
  endfacet
  facet normal 0 0 1
    outer loop
      vertex 54.83294477313757 3.542970150709152 6.399999999999999
      vertex 55.93132361024618 2.2905805706977844 6.399999999999999
      vertex 55.65786776691675 3.6653359159827232 6.399999999999999
    endloop
  endfacet
  facet normal 0 0 1
    outer loop
      vertex 55.65786776691675 3.6653359159827232 6.399999999999999
      vertex 55.93132361024618 2.2905805706977844 6.399999999999999
      vertex 56.87371322512627 2.5266368836164474 6.399999999999999
    endloop
  endfacet
  facet normal 0 0 1
    outer loop
      vertex 55.65786776691675 3.6653359159827232 6.399999999999999
      vertex 56.87371322512627 2.5266368836164474 6.399999999999999
      vertex 56.46682456880808 3.8679690435528755 6.399999999999999
    endloop
  endfacet
  facet normal 0 0 1
    outer loop
      vertex 56.46682456880808 3.8679690435528755 6.399999999999999
      vertex 56.87371322512627 2.5266368836164474 6.399999999999999
      vertex 57.78842752426863 2.8539268895983696 6.399999999999999
    endloop
  endfacet
  facet normal 0 0 1
    outer loop
      vertex 56.46682456880808 3.8679690435528755 6.399999999999999
      vertex 57.78842752426863 2.8539268895983696 6.399999999999999
      vertex 57.25202460587025 4.148918107151985 6.399999999999999
    endloop
  endfacet
  facet normal 0.049067671454490584 -0.9987954563463103 0
    outer loop
      vertex 53.9926353469491 2.0999999940395355 6.399999999999999
      vertex 54.970334224402905 2.1480312570929527 3.3999999999999986
      vertex 54.970334224402905 2.1480312570929527 6.399999999999999
    endloop
  endfacet
  facet normal 0.1467304785262415 -0.989176509360923 0
    outer loop
      vertex 54.970334224402905 2.1480312570929527 6.399999999999999
      vertex 55.93132361024618 2.2905805706977844 3.3999999999999986
      vertex 55.93132361024618 2.2905805706977844 6.399999999999999
    endloop
  endfacet
  facet normal -0.04906767863865502 0.9987954559933749 0
    outer loop
      vertex 53.95826733857393 3.5 6.399999999999999
      vertex 54.83294477313757 3.542970150709152 6.399999999999999
      vertex 53.95826733857393 3.5 3.3999999999999986
    endloop
  endfacet
  facet normal -0.14673047251736362 0.9891765102522558 0
    outer loop
      vertex 54.83294477313757 3.542970150709152 6.399999999999999
      vertex 55.65786776691675 3.6653359159827232 6.399999999999999
      vertex 54.83294477313757 3.542970150709152 3.3999999999999986
    endloop
  endfacet
  facet normal 0.2429801827813366 -0.9700312524736242 0
    outer loop
      vertex 55.93132361024618 2.2905805706977844 6.399999999999999
      vertex 56.87371322512627 2.5266368836164474 3.3999999999999986
      vertex 56.87371322512627 2.5266368836164474 6.399999999999999
    endloop
  endfacet
  facet normal -0.242980176900033 0.9700312539468142 0
    outer loop
      vertex 55.65786776691675 3.6653359159827232 6.399999999999999
      vertex 56.46682456880808 3.8679690435528755 6.399999999999999
      vertex 55.65786776691675 3.6653359159827232 3.3999999999999986
    endloop
  endfacet
  facet normal 0.3368898500894722 -0.9415440663647628 0
    outer loop
      vertex 56.87371322512627 2.5266368836164474 6.399999999999999
      vertex 57.78842752426863 2.8539268895983696 3.3999999999999986
      vertex 57.78842752426863 2.8539268895983696 6.399999999999999
    endloop
  endfacet
  facet normal -0.33688985122566684 0.9415440659582259 0
    outer loop
      vertex 56.46682456880808 3.8679690435528755 6.399999999999999
      vertex 57.25202460587025 4.148918107151985 6.399999999999999
      vertex 56.46682456880808 3.8679690435528755 3.3999999999999986
    endloop
  endfacet
  facet normal -0.4275550973503368 0.9039892912693955 0
    outer loop
      vertex 57.25202460587025 4.148918107151985 6.399999999999999
      vertex 58.00590578466654 4.505477353930473 6.399999999999999
      vertex 57.25202460587025 4.148918107151985 3.3999999999999986
    endloop
  endfacet
  facet normal 0 0 1
    outer loop
      vertex 57.25202460587025 4.148918107151985 6.399999999999999
      vertex 57.78842752426863 2.8539268895983696 6.399999999999999
      vertex 58.666657112538815 3.269298553466797 6.399999999999999
    endloop
  endfacet
  facet normal 0 0 1
    outer loop
      vertex 57.25202460587025 4.148918107151985 6.399999999999999
      vertex 58.666657112538815 3.269298553466797 6.399999999999999
      vertex 58.00590578466654 4.505477353930473 6.399999999999999
    endloop
  endfacet
  facet normal 0 0 1
    outer loop
      vertex 58.666657112538815 3.269298553466797 6.399999999999999
      vertex 59.49994432926178 3.7687516883015633 6.399999999999999
      vertex 58.00590578466654 4.505477353930473 6.399999999999999
    endloop
  endfacet
  facet normal 0 0 1
    outer loop
      vertex 58.00590578466654 4.505477353930473 6.399999999999999
      vertex 59.49994432926178 3.7687516883015633 6.399999999999999
      vertex 58.721207961440086 4.934212975203991 6.399999999999999
    endloop
  endfacet
  facet normal 0 0 1
    outer loop
      vertex 59.49994432926178 3.7687516883015633 6.399999999999999
      vertex 60.28026398271322 4.3474761843681335 6.399999999999999
      vertex 58.721207961440086 4.934212975203991 6.399999999999999
    endloop
  endfacet
  facet normal 0 0 1
    outer loop
      vertex 60.28026398271322 4.3474761843681335 6.399999999999999
      vertex 59.39104228466749 5.430995970964432 6.399999999999999
      vertex 58.721207961440086 4.934212975203991 6.399999999999999
    endloop
  endfacet
  facet normal 0 0 1
    outer loop
      vertex 60.28026398271322 4.3474761843681335 6.399999999999999
      vertex 61.000101290643215 4.999898694455624 6.399999999999999
      vertex 59.39104228466749 5.430995970964432 6.399999999999999
    endloop
  endfacet
  facet normal 0 0 1
    outer loop
      vertex 59.39104228466749 5.430995970964432 6.399999999999999
      vertex 61.000101290643215 4.999898694455624 6.399999999999999
      vertex 60.00895792245865 5.99104206264019 6.399999999999999
    endloop
  endfacet
  facet normal 0 0 1
    outer loop
      vertex 60.00895792245865 5.99104206264019 6.399999999999999
      vertex 61.652523800730705 5.719736002385616 6.399999999999999
      vertex 60.56900401413441 6.608957700431347 6.399999999999999
    endloop
  endfacet
  facet normal 0 0 1
    outer loop
      vertex 60.00895792245865 5.99104206264019 6.399999999999999
      vertex 61.000101290643215 4.999898694455624 6.399999999999999
      vertex 61.652523800730705 5.719736002385616 6.399999999999999
    endloop
  endfacet
  facet normal 0 0 1
    outer loop
      vertex 60.56900401413441 6.608957700431347 6.399999999999999
      vertex 62.231248296797276 6.500055655837059 6.399999999999999
      vertex 61.06578700989485 7.278792023658752 6.399999999999999
    endloop
  endfacet
  facet normal 0 0 1
    outer loop
      vertex 60.56900401413441 6.608957700431347 6.399999999999999
      vertex 61.652523800730705 5.719736002385616 6.399999999999999
      vertex 62.231248296797276 6.500055655837059 6.399999999999999
    endloop
  endfacet
  facet normal 0 0 1
    outer loop
      vertex 61.06578700989485 7.278792023658752 6.399999999999999
      vertex 62.73070143163204 7.333342872560024 6.399999999999999
      vertex 61.494522631168365 7.994094200432301 6.399999999999999
    endloop
  endfacet
  facet normal 0 0 1
    outer loop
      vertex 61.06578700989485 7.278792023658752 6.399999999999999
      vertex 62.231248296797276 6.500055655837059 6.399999999999999
      vertex 62.73070143163204 7.333342872560024 6.399999999999999
    endloop
  endfacet
  facet normal 0 0 1
    outer loop
      vertex 61.494522631168365 7.994094200432301 6.399999999999999
      vertex 63.14607309550047 8.211572460830212 6.399999999999999
      vertex 61.851081877946854 8.747975379228592 6.399999999999999
    endloop
  endfacet
  facet normal 0 0 1
    outer loop
      vertex 61.494522631168365 7.994094200432301 6.399999999999999
      vertex 62.73070143163204 7.333342872560024 6.399999999999999
      vertex 63.14607309550047 8.211572460830212 6.399999999999999
    endloop
  endfacet
  facet normal 0 0 1
    outer loop
      vertex 61.851081877946854 8.747975379228592 6.399999999999999
      vertex 63.47336310148239 9.126286759972572 6.399999999999999
      vertex 62.13203094154596 9.53317541629076 6.399999999999999
    endloop
  endfacet
  facet normal 0 0 1
    outer loop
      vertex 61.851081877946854 8.747975379228592 6.399999999999999
      vertex 63.14607309550047 8.211572460830212 6.399999999999999
      vertex 63.47336310148239 9.126286759972572 6.399999999999999
    endloop
  endfacet
  facet normal 0 0 1
    outer loop
      vertex 62.13203094154596 9.53317541629076 6.399999999999999
      vertex 63.47336310148239 9.126286759972572 6.399999999999999
      vertex 63.709419414401054 10.068676374852657 6.399999999999999
    endloop
  endfacet
  facet normal 0 0 1
    outer loop
      vertex 62.13203094154596 9.53317541629076 6.399999999999999
      vertex 63.709419414401054 10.068676374852657 6.399999999999999
      vertex 62.334664069116116 10.342132218182087 6.399999999999999
    endloop
  endfacet
  facet normal 0 0 1
    outer loop
      vertex 62.334664069116116 10.342132218182087 6.399999999999999
      vertex 63.851968728005886 11.029665760695934 6.399999999999999
      vertex 62.45702983438969 11.16705521196127 6.399999999999999
    endloop
  endfacet
  facet normal 0 0 1
    outer loop
      vertex 62.334664069116116 10.342132218182087 6.399999999999999
      vertex 63.709419414401054 10.068676374852657 6.399999999999999
      vertex 63.851968728005886 11.029665760695934 6.399999999999999
    endloop
  endfacet
  facet normal 0 0 1
    outer loop
      vertex 62.45702983438969 11.16705521196127 6.399999999999999
      vertex 63.851968728005886 11.029665760695934 6.399999999999999
      vertex 63.899999998509884 12.007364638149738 6.399999999999999
    endloop
  endfacet
  facet normal 0 0 1
    outer loop
      vertex 62.45702983438969 11.16705521196127 6.399999999999999
      vertex 63.899999998509884 12.007364638149738 6.399999999999999
      vertex 62.49999999254942 12.041732653975487 6.399999999999999
    endloop
  endfacet
  facet normal 0.4275550963500471 -0.9039892917424972 0
    outer loop
      vertex 57.78842752426863 2.8539268895983696 6.399999999999999
      vertex 58.666657112538815 3.269298553466797 3.3999999999999986
      vertex 58.666657112538815 3.269298553466797 6.399999999999999
    endloop
  endfacet
  facet normal -0.5141027405788907 0.8577286121666187 0
    outer loop
      vertex 58.00590578466654 4.505477353930473 6.399999999999999
      vertex 58.721207961440086 4.934212975203991 6.399999999999999
      vertex 58.00590578466654 4.505477353930473 3.3999999999999986
    endloop
  endfacet
  facet normal 0.5141027426779179 -0.8577286109085102 0
    outer loop
      vertex 58.666657112538815 3.269298553466797 6.399999999999999
      vertex 59.49994432926178 3.7687516883015633 3.3999999999999986
      vertex 59.49994432926178 3.7687516883015633 6.399999999999999
    endloop
  endfacet
  facet normal 0.5956993037071778 -0.8032075320630302 -2.2271132968393622e-17
    outer loop
      vertex 59.49994432926178 3.7687516883015633 6.399999999999999
      vertex 60.2 4.287948357864537 3.3999999999999986
      vertex 60.28026398271322 4.3474761843681335 6.399999999999999
    endloop
  endfacet
  facet normal -0.5956993076077757 0.8032075291701495 0
    outer loop
      vertex 58.721207961440086 4.934212975203991 6.399999999999999
      vertex 59.39104228466749 5.430995970964432 6.399999999999999
      vertex 58.721207961440086 4.934212975203991 3.3999999999999986
    endloop
  endfacet
  facet normal 0.6715589570457422 -0.740951123362152 0
    outer loop
      vertex 60.28026398271322 4.3474761843681335 6.399999999999999
      vertex 61.000101290643215 4.999898694455624 2.3999999999999986
      vertex 61.000101290643215 4.999898694455624 6.399999999999999
    endloop
  endfacet
  facet normal -0.6715589566054555 0.7409511237612046 0
    outer loop
      vertex 59.39104228466749 5.430995970964432 6.399999999999999
      vertex 60.00895792245865 5.99104206264019 6.399999999999999
      vertex 60.00895792245865 5.99104206264019 2.3999999999999986
    endloop
  endfacet
  facet normal -0.7409511237612046 0.6715589566054555 0
    outer loop
      vertex 60.00895792245865 5.99104206264019 6.399999999999999
      vertex 60.56900401413441 6.608957700431347 6.399999999999999
      vertex 60.56900401413441 6.608957700431347 2.3999999999999986
    endloop
  endfacet
  facet normal 0.740951123362152 -0.6715589570457422 0
    outer loop
      vertex 61.000101290643215 4.999898694455624 6.399999999999999
      vertex 61.652523800730705 5.719736002385616 2.3999999999999986
      vertex 61.652523800730705 5.719736002385616 6.399999999999999
    endloop
  endfacet
  facet normal -0.8032075291701496 0.5956993076077758 0
    outer loop
      vertex 60.56900401413441 6.608957700431347 6.399999999999999
      vertex 61.06578700989485 7.278792023658752 6.399999999999999
      vertex 61.06578700989485 7.278792023658752 2.3999999999999986
    endloop
  endfacet
  facet normal -0.8577286121666188 0.5141027405788908 0
    outer loop
      vertex 61.06578700989485 7.278792023658752 6.399999999999999
      vertex 61.494522631168365 7.994094200432301 6.399999999999999
      vertex 61.494522631168365 7.994094200432301 2.3999999999999986
    endloop
  endfacet
  facet normal -0.9039892912693955 0.4275550973503368 0
    outer loop
      vertex 61.494522631168365 7.994094200432301 6.399999999999999
      vertex 61.851081877946854 8.747975379228592 6.399999999999999
      vertex 61.851081877946854 8.747975379228592 2.3999999999999986
    endloop
  endfacet
  facet normal 0.8032075320630301 -0.5956993037071778 0
    outer loop
      vertex 61.652523800730705 5.719736002385616 6.399999999999999
      vertex 62.231248296797276 6.500055655837059 2.3999999999999986
      vertex 62.231248296797276 6.500055655837059 6.399999999999999
    endloop
  endfacet
  facet normal 0.8577286109085103 -0.5141027426779179 0
    outer loop
      vertex 62.231248296797276 6.500055655837059 6.399999999999999
      vertex 62.73070143163204 7.333342872560024 2.3999999999999986
      vertex 62.73070143163204 7.333342872560024 6.399999999999999
    endloop
  endfacet
  facet normal -0.941544065958226 0.3368898512256669 0
    outer loop
      vertex 61.851081877946854 8.747975379228592 6.399999999999999
      vertex 62.13203094154596 9.53317541629076 6.399999999999999
      vertex 62.13203094154596 9.53317541629076 2.3999999999999986
    endloop
  endfacet
  facet normal 0.9039892917424973 -0.4275550963500472 0
    outer loop
      vertex 62.73070143163204 7.333342872560024 6.399999999999999
      vertex 63.14607309550047 8.211572460830212 2.3999999999999986
      vertex 63.14607309550047 8.211572460830212 6.399999999999999
    endloop
  endfacet
  facet normal 0.9415440663647628 -0.33688985008947225 0
    outer loop
      vertex 63.14607309550047 8.211572460830212 6.399999999999999
      vertex 63.47336310148239 9.126286759972572 2.3999999999999986
      vertex 63.47336310148239 9.126286759972572 6.399999999999999
    endloop
  endfacet
  facet normal -0.9700312539468142 0.242980176900033 0
    outer loop
      vertex 62.13203094154596 9.53317541629076 6.399999999999999
      vertex 62.334664069116116 10.342132218182087 6.399999999999999
      vertex 62.334664069116116 10.342132218182087 2.3999999999999986
    endloop
  endfacet
  facet normal -0.9891765102522558 0.14673047251736362 0
    outer loop
      vertex 62.334664069116116 10.342132218182087 6.399999999999999
      vertex 62.45702983438969 11.16705521196127 6.399999999999999
      vertex 62.45702983438969 11.16705521196127 2.3999999999999986
    endloop
  endfacet
  facet normal -0.9987954555969021 0.049067686709043615 0
    outer loop
      vertex 62.45702983438969 11.16705521196127 6.399999999999999
      vertex 62.49999999254942 12.041732653975487 6.399999999999999
      vertex 62.49999999254942 12.041732653975487 2.3999999999999986
    endloop
  endfacet
  facet normal 0.9700312524736243 -0.24298018278133662 0
    outer loop
      vertex 63.47336310148239 9.126286759972572 6.399999999999999
      vertex 63.709419414401054 10.068676374852657 2.3999999999999986
      vertex 63.709419414401054 10.068676374852657 6.399999999999999
    endloop
  endfacet
  facet normal 0.9891765093609229 -0.1467304785262415 0
    outer loop
      vertex 63.709419414401054 10.068676374852657 6.399999999999999
      vertex 63.851968728005886 11.029665760695934 2.3999999999999986
      vertex 63.851968728005886 11.029665760695934 6.399999999999999
    endloop
  endfacet
  facet normal 0.998795455973289 -0.04906767904751287 0
    outer loop
      vertex 63.851968728005886 11.029665760695934 6.399999999999999
      vertex 63.899999998509884 12.007364638149738 2.3999999999999986
      vertex 63.899999998509884 12.007364638149738 6.399999999999999
    endloop
  endfacet
  facet normal 0 0 1
    outer loop
      vertex 62.49999999254942 12.041732653975487 6.399999999999999
      vertex 63.899999998509884 12.007364638149738 6.399999999999999
      vertex 62.49999999254942 65.95826733112335 6.399999999999999
    endloop
  endfacet
  facet normal 1 0 0
    outer loop
      vertex 63.899999998509884 12.007364638149738 6.399999999999999
      vertex 63.899999998509884 38.82441871018548 5.2827067520665025
      vertex 63.899999998509884 65.9926353469491 6.399999999999999
    endloop
  endfacet
  facet normal 1 0 0
    outer loop
      vertex 63.899999998509884 12.007364638149738 6.399999999999999
      vertex 63.899999998509884 38.49998679028236 5.148322650775889
      vertex 63.899999998509884 38.82441871018548 5.2827067520665025
    endloop
  endfacet
  facet normal 1 0 0
    outer loop
      vertex 63.899999998509884 12.007364638149738 6.399999999999999
      vertex 63.899999998509884 38.25167734892771 4.900013209421239
      vertex 63.899999998509884 38.49998679028236 5.148322650775889
    endloop
  endfacet
  facet normal 1 0 0
    outer loop
      vertex 63.899999998509884 12.007364638149738 6.399999999999999
      vertex 63.899999998509884 38.11729324763709 4.575581289518112
      vertex 63.899999998509884 38.25167734892771 4.900013209421239
    endloop
  endfacet
  facet normal 1 0 0
    outer loop
      vertex 63.899999998509884 12.007364638149738 6.399999999999999
      vertex 63.899999998509884 38.11729324763709 4.224418710481885
      vertex 63.899999998509884 38.11729324763709 4.575581289518112
    endloop
  endfacet
  facet normal 0 -1 0
    outer loop
      vertex 53.9926353469491 2.0999999940395355 6.399999999999999
      vertex 53.2 2.0999999940395355 3.3999999999999986
      vertex 53.9926353469491 2.0999999940395355 3.3999999999999986
    endloop
  endfacet
  facet normal 0.049067671454490584 -0.9987954563463103 0
    outer loop
      vertex 53.9926353469491 2.0999999940395355 6.399999999999999
      vertex 53.9926353469491 2.0999999940395355 3.3999999999999986
      vertex 54.970334224402905 2.1480312570929527 3.3999999999999986
    endloop
  endfacet
  facet normal 0.1467304785262415 -0.989176509360923 0
    outer loop
      vertex 54.970334224402905 2.1480312570929527 6.399999999999999
      vertex 54.970334224402905 2.1480312570929527 3.3999999999999986
      vertex 55.93132361024618 2.2905805706977844 3.3999999999999986
    endloop
  endfacet
  facet normal 0 1 0
    outer loop
      vertex 53.95826733857393 3.5 6.399999999999999
      vertex 53.95826733857393 3.5 3.3999999999999986
      vertex 53.2 3.5 3.3999999999999986
    endloop
  endfacet
  facet normal -0.04906767863865502 0.9987954559933749 0
    outer loop
      vertex 54.83294477313757 3.542970150709152 6.399999999999999
      vertex 54.83294477313757 3.542970150709152 3.3999999999999986
      vertex 53.95826733857393 3.5 3.3999999999999986
    endloop
  endfacet
  facet normal -0.14673047251736362 0.9891765102522558 0
    outer loop
      vertex 55.65786776691675 3.6653359159827232 6.399999999999999
      vertex 55.65786776691675 3.6653359159827232 3.3999999999999986
      vertex 54.83294477313757 3.542970150709152 3.3999999999999986
    endloop
  endfacet
  facet normal 0.2429801827813366 -0.9700312524736242 0
    outer loop
      vertex 55.93132361024618 2.2905805706977844 6.399999999999999
      vertex 55.93132361024618 2.2905805706977844 3.3999999999999986
      vertex 56.87371322512627 2.5266368836164474 3.3999999999999986
    endloop
  endfacet
  facet normal -0.242980176900033 0.9700312539468142 0
    outer loop
      vertex 56.46682456880808 3.8679690435528755 6.399999999999999
      vertex 56.46682456880808 3.8679690435528755 3.3999999999999986
      vertex 55.65786776691675 3.6653359159827232 3.3999999999999986
    endloop
  endfacet
  facet normal 0.3368898500894722 -0.9415440663647628 0
    outer loop
      vertex 56.87371322512627 2.5266368836164474 6.399999999999999
      vertex 56.87371322512627 2.5266368836164474 3.3999999999999986
      vertex 57.78842752426863 2.8539268895983696 3.3999999999999986
    endloop
  endfacet
  facet normal -0.33688985122566684 0.9415440659582259 0
    outer loop
      vertex 57.25202460587025 4.148918107151985 6.399999999999999
      vertex 57.25202460587025 4.148918107151985 3.3999999999999986
      vertex 56.46682456880808 3.8679690435528755 3.3999999999999986
    endloop
  endfacet
  facet normal 0.4275550963500471 -0.9039892917424972 0
    outer loop
      vertex 57.78842752426863 2.8539268895983696 6.399999999999999
      vertex 57.78842752426863 2.8539268895983696 3.3999999999999986
      vertex 58.666657112538815 3.269298553466797 3.3999999999999986
    endloop
  endfacet
  facet normal -0.4275550973503368 0.9039892912693955 0
    outer loop
      vertex 58.00590578466654 4.505477353930473 6.399999999999999
      vertex 58.00590578466654 4.505477353930473 3.3999999999999986
      vertex 57.25202460587025 4.148918107151985 3.3999999999999986
    endloop
  endfacet
  facet normal -0.5141027405788907 0.8577286121666187 0
    outer loop
      vertex 58.721207961440086 4.934212975203991 6.399999999999999
      vertex 58.721207961440086 4.934212975203991 3.3999999999999986
      vertex 58.00590578466654 4.505477353930473 3.3999999999999986
    endloop
  endfacet
  facet normal 0.5141027426779179 -0.8577286109085102 0
    outer loop
      vertex 58.666657112538815 3.269298553466797 6.399999999999999
      vertex 58.666657112538815 3.269298553466797 3.3999999999999986
      vertex 59.49994432926178 3.7687516883015633 3.3999999999999986
    endloop
  endfacet
  facet normal 0.5956993037071778 -0.8032075320630301 0
    outer loop
      vertex 59.49994432926178 3.7687516883015633 6.399999999999999
      vertex 59.49994432926178 3.7687516883015633 3.3999999999999986
      vertex 60.2 4.287948357864537 3.3999999999999986
    endloop
  endfacet
  facet normal 0.5956993037071774 -0.8032075320630305 -5.037188219126013e-19
    outer loop
      vertex 60.28026398271322 4.3474761843681335 6.399999999999999
      vertex 60.2 4.287948357864537 3.3999999999999986
      vertex 60.2 4.287948357864537 2.3999999999999986
    endloop
  endfacet
  facet normal -0.5956993076077757 0.8032075291701495 0
    outer loop
      vertex 59.39104228466749 5.430995970964432 6.399999999999999
      vertex 59.39104228466749 5.430995970964432 3.3999999999999986
      vertex 58.721207961440086 4.934212975203991 3.3999999999999986
    endloop
  endfacet
  facet normal -0.671558956605453 0.7409511237612069 0
    outer loop
      vertex 59.39104228466749 5.430995970964432 6.399999999999999
      vertex 59.79817548912708 5.8 3.3999999999999986
      vertex 59.39104228466749 5.430995970964432 3.3999999999999986
    endloop
  endfacet
  facet normal -0.6715589566054738 0.7409511237611882 -5.164313848985255e-15
    outer loop
      vertex 59.39104228466749 5.430995970964432 6.399999999999999
      vertex 60.00895792245865 5.99104206264019 2.3999999999999986
      vertex 59.79817548912708 5.8 3.3999999999999986
    endloop
  endfacet
  facet normal 0.5956993037071774 -0.8032075320630305 0
    outer loop
      vertex 60.28026398271322 4.3474761843681335 6.399999999999999
      vertex 60.2 4.287948357864537 2.3999999999999986
      vertex 60.28026398271322 4.3474761843681335 2.3999999999999986
    endloop
  endfacet
  facet normal 0.6715589570457422 -0.740951123362152 0
    outer loop
      vertex 60.28026398271322 4.3474761843681335 6.399999999999999
      vertex 60.28026398271322 4.3474761843681335 2.3999999999999986
      vertex 61.000101290643215 4.999898694455624 2.3999999999999986
    endloop
  endfacet
  facet normal -0.7409511237612046 0.6715589566054555 0
    outer loop
      vertex 60.00895792245865 5.99104206264019 6.399999999999999
      vertex 60.56900401413441 6.608957700431347 2.3999999999999986
      vertex 60.00895792245865 5.99104206264019 2.3999999999999986
    endloop
  endfacet
  facet normal -0.8032075291701496 0.5956993076077758 0
    outer loop
      vertex 60.56900401413441 6.608957700431347 6.399999999999999
      vertex 61.06578700989485 7.278792023658752 2.3999999999999986
      vertex 60.56900401413441 6.608957700431347 2.3999999999999986
    endloop
  endfacet
  facet normal 0.740951123362152 -0.6715589570457422 0
    outer loop
      vertex 61.000101290643215 4.999898694455624 6.399999999999999
      vertex 61.000101290643215 4.999898694455624 2.3999999999999986
      vertex 61.652523800730705 5.719736002385616 2.3999999999999986
    endloop
  endfacet
  facet normal 0.8032075320630301 -0.5956993037071778 0
    outer loop
      vertex 61.652523800730705 5.719736002385616 6.399999999999999
      vertex 61.652523800730705 5.719736002385616 2.3999999999999986
      vertex 62.231248296797276 6.500055655837059 2.3999999999999986
    endloop
  endfacet
  facet normal -0.8577286121666188 0.5141027405788908 0
    outer loop
      vertex 61.06578700989485 7.278792023658752 6.399999999999999
      vertex 61.494522631168365 7.994094200432301 2.3999999999999986
      vertex 61.06578700989485 7.278792023658752 2.3999999999999986
    endloop
  endfacet
  facet normal -0.9039892912693955 0.4275550973503368 0
    outer loop
      vertex 61.494522631168365 7.994094200432301 6.399999999999999
      vertex 61.851081877946854 8.747975379228592 2.3999999999999986
      vertex 61.494522631168365 7.994094200432301 2.3999999999999986
    endloop
  endfacet
  facet normal 0.8577286109085103 -0.5141027426779179 0
    outer loop
      vertex 62.231248296797276 6.500055655837059 6.399999999999999
      vertex 62.231248296797276 6.500055655837059 2.3999999999999986
      vertex 62.73070143163204 7.333342872560024 2.3999999999999986
    endloop
  endfacet
  facet normal 0.9039892917424973 -0.4275550963500472 0
    outer loop
      vertex 62.73070143163204 7.333342872560024 6.399999999999999
      vertex 62.73070143163204 7.333342872560024 2.3999999999999986
      vertex 63.14607309550047 8.211572460830212 2.3999999999999986
    endloop
  endfacet
  facet normal -0.941544065958226 0.3368898512256669 0
    outer loop
      vertex 61.851081877946854 8.747975379228592 6.399999999999999
      vertex 62.13203094154596 9.53317541629076 2.3999999999999986
      vertex 61.851081877946854 8.747975379228592 2.3999999999999986
    endloop
  endfacet
  facet normal 0.9415440663647628 -0.33688985008947225 0
    outer loop
      vertex 63.14607309550047 8.211572460830212 6.399999999999999
      vertex 63.14607309550047 8.211572460830212 2.3999999999999986
      vertex 63.47336310148239 9.126286759972572 2.3999999999999986
    endloop
  endfacet
  facet normal 0.9700312524736243 -0.24298018278133662 0
    outer loop
      vertex 63.47336310148239 9.126286759972572 6.399999999999999
      vertex 63.47336310148239 9.126286759972572 2.3999999999999986
      vertex 63.709419414401054 10.068676374852657 2.3999999999999986
    endloop
  endfacet
  facet normal -0.9700312539468142 0.242980176900033 0
    outer loop
      vertex 62.13203094154596 9.53317541629076 6.399999999999999
      vertex 62.334664069116116 10.342132218182087 2.3999999999999986
      vertex 62.13203094154596 9.53317541629076 2.3999999999999986
    endloop
  endfacet
  facet normal -0.9891765102522558 0.14673047251736362 0
    outer loop
      vertex 62.334664069116116 10.342132218182087 6.399999999999999
      vertex 62.45702983438969 11.16705521196127 2.3999999999999986
      vertex 62.334664069116116 10.342132218182087 2.3999999999999986
    endloop
  endfacet
  facet normal -0.9987954555969021 0.049067686709043615 0
    outer loop
      vertex 62.45702983438969 11.16705521196127 6.399999999999999
      vertex 62.49999999254942 12.041732653975487 2.3999999999999986
      vertex 62.45702983438969 11.16705521196127 2.3999999999999986
    endloop
  endfacet
  facet normal 0.9891765093609229 -0.1467304785262415 0
    outer loop
      vertex 63.709419414401054 10.068676374852657 6.399999999999999
      vertex 63.709419414401054 10.068676374852657 2.3999999999999986
      vertex 63.851968728005886 11.029665760695934 2.3999999999999986
    endloop
  endfacet
  facet normal 0.998795455973289 -0.04906767904751287 0
    outer loop
      vertex 63.851968728005886 11.029665760695934 6.399999999999999
      vertex 63.851968728005886 11.029665760695934 2.3999999999999986
      vertex 63.899999998509884 12.007364638149738 2.3999999999999986
    endloop
  endfacet
  facet normal 1 0 0
    outer loop
      vertex 63.899999998509884 12.007364638149738 6.399999999999999
      vertex 63.899999998509884 12.007364638149738 2.3999999999999986
      vertex 63.899999998509884 38.11729324763709 4.224418710481885
    endloop
  endfacet
  facet normal -1 0 0
    outer loop
      vertex 62.49999999254942 12.041732653975487 6.399999999999999
      vertex 62.49999999254942 65.95826733112335 2.3999999999999986
      vertex 62.49999999254942 12.041732653975487 2.3999999999999986
    endloop
  endfacet
  facet normal 1 0 0
    outer loop
      vertex 63.899999998509884 38.11729324763709 4.224418710481885
      vertex 63.899999998509884 12.007364638149738 2.3999999999999986
      vertex 63.899999998509884 38.25167734892771 3.899986790578758
    endloop
  endfacet
  facet normal 1 0 0
    outer loop
      vertex 63.899999998509884 38.25167734892771 3.899986790578758
      vertex 63.899999998509884 12.007364638149738 2.3999999999999986
      vertex 63.899999998509884 38.49998679028236 3.6516773492241086
    endloop
  endfacet
  facet normal 0 0 1
    outer loop
      vertex 12.007364645600319 75.89999999850988 6.399999999999999
      vertex 53.95826733857393 74.49999999254942 6.399999999999999
      vertex 53.9926353469491 75.89999999850988 6.399999999999999
    endloop
  endfacet
  facet normal 0 -1 0
    outer loop
      vertex 12.041732653975487 74.49999999254942 2.3999999999999986
      vertex 53.95826733857393 74.49999999254942 2.3999999999999986
      vertex 53.95826733857393 74.49999999254942 6.399999999999999
    endloop
  endfacet
  facet normal 0 1 0
    outer loop
      vertex 12.007364645600319 75.89999999850988 2.3999999999999986
      vertex 53.9926353469491 75.89999999850988 6.399999999999999
      vertex 53.9926353469491 75.89999999850988 2.3999999999999986
    endloop
  endfacet
  facet normal 0 0 1
    outer loop
      vertex 63.899999998509884 12.007364638149738 6.399999999999999
      vertex 63.899999998509884 65.9926353469491 6.399999999999999
      vertex 62.49999999254942 65.95826733112335 6.399999999999999
    endloop
  endfacet
  facet normal 1 0 0
    outer loop
      vertex 63.899999998509884 38.82441871018548 5.2827067520665025
      vertex 63.899999998509884 39.17558128981452 5.2827067520665025
      vertex 63.899999998509884 65.9926353469491 6.399999999999999
    endloop
  endfacet
  facet normal 1 0 0
    outer loop
      vertex 63.899999998509884 39.17558128981452 5.2827067520665025
      vertex 63.899999998509884 39.50001320971764 5.148322650775889
      vertex 63.899999998509884 65.9926353469491 6.399999999999999
    endloop
  endfacet
  facet normal 1 0 0
    outer loop
      vertex 63.899999998509884 39.50001320971764 5.148322650775889
      vertex 63.899999998509884 39.74832265107229 4.900013209421239
      vertex 63.899999998509884 65.9926353469491 6.399999999999999
    endloop
  endfacet
  facet normal 1 0 0
    outer loop
      vertex 63.899999998509884 39.74832265107229 4.900013209421239
      vertex 63.899999998509884 39.88270675236291 4.575581289518112
      vertex 63.899999998509884 65.9926353469491 6.399999999999999
    endloop
  endfacet
  facet normal -1 0 0
    outer loop
      vertex 62.49999999254942 12.041732653975487 6.399999999999999
      vertex 62.49999999254942 65.95826733112335 6.399999999999999
      vertex 62.49999999254942 65.95826733112335 2.3999999999999986
    endloop
  endfacet
  facet normal 0 0 1
    outer loop
      vertex 53.95826733857393 74.49999999254942 6.399999999999999
      vertex 54.83294477313757 74.45702983438969 6.399999999999999
      vertex 53.9926353469491 75.89999999850988 6.399999999999999
    endloop
  endfacet
  facet normal 0 0 1
    outer loop
      vertex 54.83294477313757 74.45702983438969 6.399999999999999
      vertex 54.970334224402905 75.85196872800589 6.399999999999999
      vertex 53.9926353469491 75.89999999850988 6.399999999999999
    endloop
  endfacet
  facet normal 0 0 1
    outer loop
      vertex 55.65786776691675 74.33466406911612 6.399999999999999
      vertex 55.93132361024618 75.70941941440105 6.399999999999999
      vertex 54.83294477313757 74.45702983438969 6.399999999999999
    endloop
  endfacet
  facet normal 0 0 1
    outer loop
      vertex 54.83294477313757 74.45702983438969 6.399999999999999
      vertex 55.93132361024618 75.70941941440105 6.399999999999999
      vertex 54.970334224402905 75.85196872800589 6.399999999999999
    endloop
  endfacet
  facet normal 0 0 1
    outer loop
      vertex 55.65786776691675 74.33466406911612 6.399999999999999
      vertex 56.87371322512627 75.47336310148239 6.399999999999999
      vertex 55.93132361024618 75.70941941440105 6.399999999999999
    endloop
  endfacet
  facet normal 0 0 1
    outer loop
      vertex 55.65786776691675 74.33466406911612 6.399999999999999
      vertex 56.46682456880808 74.13203094154596 6.399999999999999
      vertex 56.87371322512627 75.47336310148239 6.399999999999999
    endloop
  endfacet
  facet normal 0 0 1
    outer loop
      vertex 56.46682456880808 74.13203094154596 6.399999999999999
      vertex 57.25202460587025 73.85108187794685 6.399999999999999
      vertex 57.78842752426863 75.14607309550047 6.399999999999999
    endloop
  endfacet
  facet normal 0 0 1
    outer loop
      vertex 56.46682456880808 74.13203094154596 6.399999999999999
      vertex 57.78842752426863 75.14607309550047 6.399999999999999
      vertex 56.87371322512627 75.47336310148239 6.399999999999999
    endloop
  endfacet
  facet normal -0.04906768712600025 -0.9987954555764182 0
    outer loop
      vertex 53.95826733857393 74.49999999254942 6.399999999999999
      vertex 53.95826733857393 74.49999999254942 2.3999999999999986
      vertex 54.83294477313757 74.45702983438969 6.399999999999999
    endloop
  endfacet
  facet normal -0.14673047251736362 -0.9891765102522558 0
    outer loop
      vertex 55.65786776691675 74.33466406911612 6.399999999999999
      vertex 54.83294477313757 74.45702983438969 6.399999999999999
      vertex 54.83294477313757 74.45702983438969 2.3999999999999986
    endloop
  endfacet
  facet normal 0.04906767904751287 0.998795455973289 0
    outer loop
      vertex 53.9926353469491 75.89999999850988 6.399999999999999
      vertex 54.970334224402905 75.85196872800589 6.399999999999999
      vertex 53.9926353469491 75.89999999850988 2.3999999999999986
    endloop
  endfacet
  facet normal 0.1467304785262415 0.9891765093609229 0
    outer loop
      vertex 54.970334224402905 75.85196872800589 6.399999999999999
      vertex 55.93132361024618 75.70941941440105 6.399999999999999
      vertex 54.970334224402905 75.85196872800589 2.3999999999999986
    endloop
  endfacet
  facet normal -0.242980176900033 -0.9700312539468142 0
    outer loop
      vertex 55.65786776691675 74.33466406911612 6.399999999999999
      vertex 55.65786776691675 74.33466406911612 2.3999999999999986
      vertex 56.46682456880808 74.13203094154596 6.399999999999999
    endloop
  endfacet
  facet normal -0.3368898512256669 -0.941544065958226 0
    outer loop
      vertex 56.46682456880808 74.13203094154596 6.399999999999999
      vertex 56.46682456880808 74.13203094154596 2.3999999999999986
      vertex 57.25202460587025 73.85108187794685 6.399999999999999
    endloop
  endfacet
  facet normal -0.4275550973503368 -0.9039892912693955 0
    outer loop
      vertex 57.25202460587025 73.85108187794685 6.399999999999999
      vertex 57.25202460587025 73.85108187794685 2.3999999999999986
      vertex 58.00590578466654 73.49452263116837 6.399999999999999
    endloop
  endfacet
  facet normal 0.33688985008947225 0.9415440663647628 0
    outer loop
      vertex 56.87371322512627 75.47336310148239 6.399999999999999
      vertex 57.78842752426863 75.14607309550047 6.399999999999999
      vertex 56.87371322512627 75.47336310148239 2.3999999999999986
    endloop
  endfacet
  facet normal 0.24298018278133662 0.9700312524736243 0
    outer loop
      vertex 56.87371322512627 75.47336310148239 6.399999999999999
      vertex 55.93132361024618 75.70941941440105 2.3999999999999986
      vertex 55.93132361024618 75.70941941440105 6.399999999999999
    endloop
  endfacet
  facet normal 0 0 1
    outer loop
      vertex 62.45702983438969 66.83294477313757 6.399999999999999
      vertex 63.851968728005886 66.9703342244029 6.399999999999999
      vertex 62.334664069116116 67.65786776691675 6.399999999999999
    endloop
  endfacet
  facet normal 0 0 1
    outer loop
      vertex 62.334664069116116 67.65786776691675 6.399999999999999
      vertex 63.709419414401054 67.93132361024618 6.399999999999999
      vertex 62.13203094154596 68.46682456880808 6.399999999999999
    endloop
  endfacet
  facet normal 0 0 1
    outer loop
      vertex 62.49999999254942 65.95826733112335 6.399999999999999
      vertex 63.899999998509884 65.9926353469491 6.399999999999999
      vertex 62.45702983438969 66.83294477313757 6.399999999999999
    endloop
  endfacet
  facet normal 0 0 1
    outer loop
      vertex 62.45702983438969 66.83294477313757 6.399999999999999
      vertex 63.899999998509884 65.9926353469491 6.399999999999999
      vertex 63.851968728005886 66.9703342244029 6.399999999999999
    endloop
  endfacet
  facet normal 0 0 1
    outer loop
      vertex 62.334664069116116 67.65786776691675 6.399999999999999
      vertex 63.851968728005886 66.9703342244029 6.399999999999999
      vertex 63.709419414401054 67.93132361024618 6.399999999999999
    endloop
  endfacet
  facet normal 0 0 1
    outer loop
      vertex 58.721207961440086 73.06578700989485 6.399999999999999
      vertex 59.39104228466749 72.5690040141344 6.399999999999999
      vertex 60.28026398271322 73.6525238007307 6.399999999999999
    endloop
  endfacet
  facet normal 0 0 1
    outer loop
      vertex 61.494522631168365 70.00590578466654 6.399999999999999
      vertex 62.73070143163204 70.66665711253881 6.399999999999999
      vertex 61.06578700989485 70.72120796144009 6.399999999999999
    endloop
  endfacet
  facet normal 0 0 1
    outer loop
      vertex 60.56900401413441 71.39104228466749 6.399999999999999
      vertex 61.652523800730705 72.28026398271322 6.399999999999999
      vertex 60.00895792245865 72.00895792245865 6.399999999999999
    endloop
  endfacet
  facet normal 0 0 1
    outer loop
      vertex 59.39104228466749 72.5690040141344 6.399999999999999
      vertex 60.00895792245865 72.00895792245865 6.399999999999999
      vertex 61.000101290643215 73.00010129064322 6.399999999999999
    endloop
  endfacet
  facet normal 0 0 1
    outer loop
      vertex 59.39104228466749 72.5690040141344 6.399999999999999
      vertex 61.000101290643215 73.00010129064322 6.399999999999999
      vertex 60.28026398271322 73.6525238007307 6.399999999999999
    endloop
  endfacet
  facet normal 0 0 1
    outer loop
      vertex 60.56900401413441 71.39104228466749 6.399999999999999
      vertex 61.06578700989485 70.72120796144009 6.399999999999999
      vertex 62.231248296797276 71.49994432926178 6.399999999999999
    endloop
  endfacet
  facet normal 0 0 1
    outer loop
      vertex 60.56900401413441 71.39104228466749 6.399999999999999
      vertex 62.231248296797276 71.49994432926178 6.399999999999999
      vertex 61.652523800730705 72.28026398271322 6.399999999999999
    endloop
  endfacet
  facet normal 0 0 1
    outer loop
      vertex 60.00895792245865 72.00895792245865 6.399999999999999
      vertex 61.652523800730705 72.28026398271322 6.399999999999999
      vertex 61.000101290643215 73.00010129064322 6.399999999999999
    endloop
  endfacet
  facet normal 0 0 1
    outer loop
      vertex 57.25202460587025 73.85108187794685 6.399999999999999
      vertex 58.00590578466654 73.49452263116837 6.399999999999999
      vertex 58.666657112538815 74.73070143163204 6.399999999999999
    endloop
  endfacet
  facet normal 0 0 1
    outer loop
      vertex 58.721207961440086 73.06578700989485 6.399999999999999
      vertex 59.49994432926178 74.23124829679728 6.399999999999999
      vertex 58.00590578466654 73.49452263116837 6.399999999999999
    endloop
  endfacet
  facet normal 0 0 1
    outer loop
      vertex 58.00590578466654 73.49452263116837 6.399999999999999
      vertex 59.49994432926178 74.23124829679728 6.399999999999999
      vertex 58.666657112538815 74.73070143163204 6.399999999999999
    endloop
  endfacet
  facet normal 0 0 1
    outer loop
      vertex 57.25202460587025 73.85108187794685 6.399999999999999
      vertex 58.666657112538815 74.73070143163204 6.399999999999999
      vertex 57.78842752426863 75.14607309550047 6.399999999999999
    endloop
  endfacet
  facet normal 0 0 1
    outer loop
      vertex 58.721207961440086 73.06578700989485 6.399999999999999
      vertex 60.28026398271322 73.6525238007307 6.399999999999999
      vertex 59.49994432926178 74.23124829679728 6.399999999999999
    endloop
  endfacet
  facet normal 0 0 1
    outer loop
      vertex 61.851081877946854 69.25202460587025 6.399999999999999
      vertex 62.13203094154596 68.46682456880808 6.399999999999999
      vertex 63.47336310148239 68.87371322512627 6.399999999999999
    endloop
  endfacet
  facet normal 0 0 1
    outer loop
      vertex 61.851081877946854 69.25202460587025 6.399999999999999
      vertex 63.47336310148239 68.87371322512627 6.399999999999999
      vertex 63.14607309550047 69.78842752426863 6.399999999999999
    endloop
  endfacet
  facet normal 0 0 1
    outer loop
      vertex 61.851081877946854 69.25202460587025 6.399999999999999
      vertex 63.14607309550047 69.78842752426863 6.399999999999999
      vertex 61.494522631168365 70.00590578466654 6.399999999999999
    endloop
  endfacet
  facet normal 0 0 1
    outer loop
      vertex 61.494522631168365 70.00590578466654 6.399999999999999
      vertex 63.14607309550047 69.78842752426863 6.399999999999999
      vertex 62.73070143163204 70.66665711253881 6.399999999999999
    endloop
  endfacet
  facet normal 0 0 1
    outer loop
      vertex 63.709419414401054 67.93132361024618 6.399999999999999
      vertex 63.47336310148239 68.87371322512627 6.399999999999999
      vertex 62.13203094154596 68.46682456880808 6.399999999999999
    endloop
  endfacet
  facet normal 0 0 1
    outer loop
      vertex 61.06578700989485 70.72120796144009 6.399999999999999
      vertex 62.73070143163204 70.66665711253881 6.399999999999999
      vertex 62.231248296797276 71.49994432926178 6.399999999999999
    endloop
  endfacet
  facet normal -0.9987954555969021 -0.049067686709043615 0
    outer loop
      vertex 62.49999999254942 65.95826733112335 6.399999999999999
      vertex 62.45702983438969 66.83294477313757 6.399999999999999
      vertex 62.45702983438969 66.83294477313757 2.3999999999999986
    endloop
  endfacet
  facet normal -0.9891765102522558 -0.14673047251736362 0
    outer loop
      vertex 62.45702983438969 66.83294477313757 6.399999999999999
      vertex 62.334664069116116 67.65786776691675 6.399999999999999
      vertex 62.334664069116116 67.65786776691675 2.3999999999999986
    endloop
  endfacet
  facet normal -0.9700312539468142 -0.242980176900033 0
    outer loop
      vertex 62.334664069116116 67.65786776691675 6.399999999999999
      vertex 62.13203094154596 68.46682456880808 6.399999999999999
      vertex 62.13203094154596 68.46682456880808 2.3999999999999986
    endloop
  endfacet
  facet normal 0.998795455973289 0.04906767904751287 0
    outer loop
      vertex 63.899999998509884 65.9926353469491 6.399999999999999
      vertex 63.851968728005886 66.9703342244029 2.3999999999999986
      vertex 63.851968728005886 66.9703342244029 6.399999999999999
    endloop
  endfacet
  facet normal 0.9891765093609229 0.1467304785262415 0
    outer loop
      vertex 63.851968728005886 66.9703342244029 6.399999999999999
      vertex 63.709419414401054 67.93132361024618 2.3999999999999986
      vertex 63.709419414401054 67.93132361024618 6.399999999999999
    endloop
  endfacet
  facet normal -0.5956993076077758 -0.8032075291701496 0
    outer loop
      vertex 58.721207961440086 73.06578700989485 6.399999999999999
      vertex 58.721207961440086 73.06578700989485 2.3999999999999986
      vertex 59.39104228466749 72.5690040141344 6.399999999999999
    endloop
  endfacet
  facet normal -0.6715589566054555 -0.7409511237612046 0
    outer loop
      vertex 59.39104228466749 72.5690040141344 6.399999999999999
      vertex 59.39104228466749 72.5690040141344 2.3999999999999986
      vertex 60.00895792245865 72.00895792245865 6.399999999999999
    endloop
  endfacet
  facet normal -0.8577286121666188 -0.5141027405788908 0
    outer loop
      vertex 61.494522631168365 70.00590578466654 6.399999999999999
      vertex 61.06578700989485 70.72120796144009 6.399999999999999
      vertex 61.06578700989485 70.72120796144009 2.3999999999999986
    endloop
  endfacet
  facet normal -0.9039892912693955 -0.4275550973503368 0
    outer loop
      vertex 61.851081877946854 69.25202460587025 6.399999999999999
      vertex 61.494522631168365 70.00590578466654 6.399999999999999
      vertex 61.494522631168365 70.00590578466654 2.3999999999999986
    endloop
  endfacet
  facet normal -0.7409511237612046 -0.6715589566054555 0
    outer loop
      vertex 60.56900401413441 71.39104228466749 6.399999999999999
      vertex 60.00895792245865 72.00895792245865 6.399999999999999
      vertex 60.00895792245865 72.00895792245865 2.3999999999999986
    endloop
  endfacet
  facet normal -0.8032075291701496 -0.5956993076077758 0
    outer loop
      vertex 60.56900401413441 71.39104228466749 6.399999999999999
      vertex 60.56900401413441 71.39104228466749 2.3999999999999986
      vertex 61.06578700989485 70.72120796144009 6.399999999999999
    endloop
  endfacet
  facet normal 0.740951123362152 0.6715589570457422 0
    outer loop
      vertex 61.000101290643215 73.00010129064322 6.399999999999999
      vertex 61.652523800730705 72.28026398271322 6.399999999999999
      vertex 61.000101290643215 73.00010129064322 2.3999999999999986
    endloop
  endfacet
  facet normal 0.8032075320630301 0.5956993037071778 0
    outer loop
      vertex 61.652523800730705 72.28026398271322 6.399999999999999
      vertex 62.231248296797276 71.49994432926178 6.399999999999999
      vertex 61.652523800730705 72.28026398271322 2.3999999999999986
    endloop
  endfacet
  facet normal -0.5141027405788908 -0.8577286121666188 0
    outer loop
      vertex 58.721207961440086 73.06578700989485 6.399999999999999
      vertex 58.00590578466654 73.49452263116837 6.399999999999999
      vertex 58.00590578466654 73.49452263116837 2.3999999999999986
    endloop
  endfacet
  facet normal 0.4275550963500472 0.9039892917424973 0
    outer loop
      vertex 57.78842752426863 75.14607309550047 6.399999999999999
      vertex 58.666657112538815 74.73070143163204 6.399999999999999
      vertex 57.78842752426863 75.14607309550047 2.3999999999999986
    endloop
  endfacet
  facet normal 0.5956993037071778 0.8032075320630301 0
    outer loop
      vertex 59.49994432926178 74.23124829679728 6.399999999999999
      vertex 60.28026398271322 73.6525238007307 6.399999999999999
      vertex 59.49994432926178 74.23124829679728 2.3999999999999986
    endloop
  endfacet
  facet normal 0.5141027426779179 0.8577286109085103 0
    outer loop
      vertex 58.666657112538815 74.73070143163204 6.399999999999999
      vertex 59.49994432926178 74.23124829679728 6.399999999999999
      vertex 58.666657112538815 74.73070143163204 2.3999999999999986
    endloop
  endfacet
  facet normal 0.6715589570457422 0.740951123362152 0
    outer loop
      vertex 61.000101290643215 73.00010129064322 6.399999999999999
      vertex 60.28026398271322 73.6525238007307 2.3999999999999986
      vertex 60.28026398271322 73.6525238007307 6.399999999999999
    endloop
  endfacet
  facet normal -0.941544065958226 -0.3368898512256669 0
    outer loop
      vertex 61.851081877946854 69.25202460587025 6.399999999999999
      vertex 61.851081877946854 69.25202460587025 2.3999999999999986
      vertex 62.13203094154596 68.46682456880808 6.399999999999999
    endloop
  endfacet
  facet normal 0.9039892917424973 0.4275550963500472 0
    outer loop
      vertex 62.73070143163204 70.66665711253881 6.399999999999999
      vertex 63.14607309550047 69.78842752426863 6.399999999999999
      vertex 62.73070143163204 70.66665711253881 2.3999999999999986
    endloop
  endfacet
  facet normal 0.9700312524736243 0.24298018278133662 0
    outer loop
      vertex 63.709419414401054 67.93132361024618 6.399999999999999
      vertex 63.47336310148239 68.87371322512627 2.3999999999999986
      vertex 63.47336310148239 68.87371322512627 6.399999999999999
    endloop
  endfacet
  facet normal 0.9415440663647628 0.33688985008947225 0
    outer loop
      vertex 63.47336310148239 68.87371322512627 6.399999999999999
      vertex 63.14607309550047 69.78842752426863 2.3999999999999986
      vertex 63.14607309550047 69.78842752426863 6.399999999999999
    endloop
  endfacet
  facet normal 0.8577286109085103 0.5141027426779179 0
    outer loop
      vertex 62.73070143163204 70.66665711253881 6.399999999999999
      vertex 62.231248296797276 71.49994432926178 2.3999999999999986
      vertex 62.231248296797276 71.49994432926178 6.399999999999999
    endloop
  endfacet
  facet normal 1 0 0
    outer loop
      vertex 63.899999998509884 65.9926353469491 6.399999999999999
      vertex 63.899999998509884 39.88270675236291 4.575581289518112
      vertex 63.899999998509884 65.9926353469491 2.3999999999999986
    endloop
  endfacet
  facet normal 1 0 0
    outer loop
      vertex 63.899999998509884 39.88270675236291 4.575581289518112
      vertex 63.899999998509884 39.88270675236291 4.224418710481885
      vertex 63.899999998509884 65.9926353469491 2.3999999999999986
    endloop
  endfacet
  facet normal 1 0 0
    outer loop
      vertex 63.899999998509884 39.88270675236291 4.224418710481885
      vertex 63.899999998509884 39.74832265107229 3.899986790578758
      vertex 63.899999998509884 65.9926353469491 2.3999999999999986
    endloop
  endfacet
  facet normal 1 0 0
    outer loop
      vertex 63.899999998509884 39.74832265107229 3.899986790578758
      vertex 63.899999998509884 39.50001320971764 3.6516773492241086
      vertex 63.899999998509884 65.9926353469491 2.3999999999999986
    endloop
  endfacet
  facet normal -0.04906768712600025 -0.9987954555764182 0
    outer loop
      vertex 54.83294477313757 74.45702983438969 6.399999999999999
      vertex 53.95826733857393 74.49999999254942 2.3999999999999986
      vertex 54.83294477313757 74.45702983438969 2.3999999999999986
    endloop
  endfacet
  facet normal -0.14673047251736362 -0.9891765102522558 0
    outer loop
      vertex 55.65786776691675 74.33466406911612 6.399999999999999
      vertex 54.83294477313757 74.45702983438969 2.3999999999999986
      vertex 55.65786776691675 74.33466406911612 2.3999999999999986
    endloop
  endfacet
  facet normal 0.04906767904751287 0.998795455973289 0
    outer loop
      vertex 54.970334224402905 75.85196872800589 6.399999999999999
      vertex 54.970334224402905 75.85196872800589 2.3999999999999986
      vertex 53.9926353469491 75.89999999850988 2.3999999999999986
    endloop
  endfacet
  facet normal 0.1467304785262415 0.9891765093609229 0
    outer loop
      vertex 55.93132361024618 75.70941941440105 6.399999999999999
      vertex 55.93132361024618 75.70941941440105 2.3999999999999986
      vertex 54.970334224402905 75.85196872800589 2.3999999999999986
    endloop
  endfacet
  facet normal -0.242980176900033 -0.9700312539468142 0
    outer loop
      vertex 56.46682456880808 74.13203094154596 6.399999999999999
      vertex 55.65786776691675 74.33466406911612 2.3999999999999986
      vertex 56.46682456880808 74.13203094154596 2.3999999999999986
    endloop
  endfacet
  facet normal 0.24298018278133662 0.9700312524736243 0
    outer loop
      vertex 56.87371322512627 75.47336310148239 6.399999999999999
      vertex 56.87371322512627 75.47336310148239 2.3999999999999986
      vertex 55.93132361024618 75.70941941440105 2.3999999999999986
    endloop
  endfacet
  facet normal -0.3368898512256669 -0.941544065958226 0
    outer loop
      vertex 57.25202460587025 73.85108187794685 6.399999999999999
      vertex 56.46682456880808 74.13203094154596 2.3999999999999986
      vertex 57.25202460587025 73.85108187794685 2.3999999999999986
    endloop
  endfacet
  facet normal 0.33688985008947225 0.9415440663647628 0
    outer loop
      vertex 57.78842752426863 75.14607309550047 6.399999999999999
      vertex 57.78842752426863 75.14607309550047 2.3999999999999986
      vertex 56.87371322512627 75.47336310148239 2.3999999999999986
    endloop
  endfacet
  facet normal -0.9987954555969021 -0.049067686709043615 0
    outer loop
      vertex 62.49999999254942 65.95826733112335 6.399999999999999
      vertex 62.45702983438969 66.83294477313757 2.3999999999999986
      vertex 62.49999999254942 65.95826733112335 2.3999999999999986
    endloop
  endfacet
  facet normal -0.9700312539468142 -0.242980176900033 0
    outer loop
      vertex 62.334664069116116 67.65786776691675 6.399999999999999
      vertex 62.13203094154596 68.46682456880808 2.3999999999999986
      vertex 62.334664069116116 67.65786776691675 2.3999999999999986
    endloop
  endfacet
  facet normal -0.9891765102522558 -0.14673047251736362 0
    outer loop
      vertex 62.45702983438969 66.83294477313757 6.399999999999999
      vertex 62.334664069116116 67.65786776691675 2.3999999999999986
      vertex 62.45702983438969 66.83294477313757 2.3999999999999986
    endloop
  endfacet
  facet normal 0.998795455973289 0.04906767904751287 0
    outer loop
      vertex 63.899999998509884 65.9926353469491 6.399999999999999
      vertex 63.899999998509884 65.9926353469491 2.3999999999999986
      vertex 63.851968728005886 66.9703342244029 2.3999999999999986
    endloop
  endfacet
  facet normal 0.9891765093609229 0.1467304785262415 0
    outer loop
      vertex 63.851968728005886 66.9703342244029 6.399999999999999
      vertex 63.851968728005886 66.9703342244029 2.3999999999999986
      vertex 63.709419414401054 67.93132361024618 2.3999999999999986
    endloop
  endfacet
  facet normal 0.9700312524736243 0.24298018278133662 0
    outer loop
      vertex 63.709419414401054 67.93132361024618 6.399999999999999
      vertex 63.709419414401054 67.93132361024618 2.3999999999999986
      vertex 63.47336310148239 68.87371322512627 2.3999999999999986
    endloop
  endfacet
  facet normal -0.5956993076077758 -0.8032075291701496 0
    outer loop
      vertex 59.39104228466749 72.5690040141344 6.399999999999999
      vertex 58.721207961440086 73.06578700989485 2.3999999999999986
      vertex 59.39104228466749 72.5690040141344 2.3999999999999986
    endloop
  endfacet
  facet normal -0.6715589566054555 -0.7409511237612046 0
    outer loop
      vertex 60.00895792245865 72.00895792245865 6.399999999999999
      vertex 59.39104228466749 72.5690040141344 2.3999999999999986
      vertex 60.00895792245865 72.00895792245865 2.3999999999999986
    endloop
  endfacet
  facet normal -0.8577286121666188 -0.5141027405788908 0
    outer loop
      vertex 61.494522631168365 70.00590578466654 6.399999999999999
      vertex 61.06578700989485 70.72120796144009 2.3999999999999986
      vertex 61.494522631168365 70.00590578466654 2.3999999999999986
    endloop
  endfacet
  facet normal -0.9039892912693955 -0.4275550973503368 0
    outer loop
      vertex 61.851081877946854 69.25202460587025 6.399999999999999
      vertex 61.494522631168365 70.00590578466654 2.3999999999999986
      vertex 61.851081877946854 69.25202460587025 2.3999999999999986
    endloop
  endfacet
  facet normal -0.7409511237612046 -0.6715589566054555 0
    outer loop
      vertex 60.56900401413441 71.39104228466749 6.399999999999999
      vertex 60.00895792245865 72.00895792245865 2.3999999999999986
      vertex 60.56900401413441 71.39104228466749 2.3999999999999986
    endloop
  endfacet
  facet normal -0.8032075291701496 -0.5956993076077758 0
    outer loop
      vertex 61.06578700989485 70.72120796144009 6.399999999999999
      vertex 60.56900401413441 71.39104228466749 2.3999999999999986
      vertex 61.06578700989485 70.72120796144009 2.3999999999999986
    endloop
  endfacet
  facet normal 0.740951123362152 0.6715589570457422 0
    outer loop
      vertex 61.652523800730705 72.28026398271322 6.399999999999999
      vertex 61.652523800730705 72.28026398271322 2.3999999999999986
      vertex 61.000101290643215 73.00010129064322 2.3999999999999986
    endloop
  endfacet
  facet normal -0.4275550973503368 -0.9039892912693955 0
    outer loop
      vertex 58.00590578466654 73.49452263116837 6.399999999999999
      vertex 57.25202460587025 73.85108187794685 2.3999999999999986
      vertex 58.00590578466654 73.49452263116837 2.3999999999999986
    endloop
  endfacet
  facet normal -0.5141027405788908 -0.8577286121666188 0
    outer loop
      vertex 58.721207961440086 73.06578700989485 6.399999999999999
      vertex 58.00590578466654 73.49452263116837 2.3999999999999986
      vertex 58.721207961440086 73.06578700989485 2.3999999999999986
    endloop
  endfacet
  facet normal 0.4275550963500472 0.9039892917424973 0
    outer loop
      vertex 58.666657112538815 74.73070143163204 6.399999999999999
      vertex 58.666657112538815 74.73070143163204 2.3999999999999986
      vertex 57.78842752426863 75.14607309550047 2.3999999999999986
    endloop
  endfacet
  facet normal 0.5141027426779179 0.8577286109085103 0
    outer loop
      vertex 59.49994432926178 74.23124829679728 6.399999999999999
      vertex 59.49994432926178 74.23124829679728 2.3999999999999986
      vertex 58.666657112538815 74.73070143163204 2.3999999999999986
    endloop
  endfacet
  facet normal 0.5956993037071778 0.8032075320630301 0
    outer loop
      vertex 60.28026398271322 73.6525238007307 6.399999999999999
      vertex 60.28026398271322 73.6525238007307 2.3999999999999986
      vertex 59.49994432926178 74.23124829679728 2.3999999999999986
    endloop
  endfacet
  facet normal 0.6715589570457422 0.740951123362152 0
    outer loop
      vertex 61.000101290643215 73.00010129064322 6.399999999999999
      vertex 61.000101290643215 73.00010129064322 2.3999999999999986
      vertex 60.28026398271322 73.6525238007307 2.3999999999999986
    endloop
  endfacet
  facet normal -0.941544065958226 -0.3368898512256669 0
    outer loop
      vertex 62.13203094154596 68.46682456880808 6.399999999999999
      vertex 61.851081877946854 69.25202460587025 2.3999999999999986
      vertex 62.13203094154596 68.46682456880808 2.3999999999999986
    endloop
  endfacet
  facet normal 0.9415440663647628 0.33688985008947225 0
    outer loop
      vertex 63.47336310148239 68.87371322512627 6.399999999999999
      vertex 63.47336310148239 68.87371322512627 2.3999999999999986
      vertex 63.14607309550047 69.78842752426863 2.3999999999999986
    endloop
  endfacet
  facet normal 0.9039892917424973 0.4275550963500472 0
    outer loop
      vertex 63.14607309550047 69.78842752426863 6.399999999999999
      vertex 63.14607309550047 69.78842752426863 2.3999999999999986
      vertex 62.73070143163204 70.66665711253881 2.3999999999999986
    endloop
  endfacet
  facet normal 0.8032075320630301 0.5956993037071778 0
    outer loop
      vertex 62.231248296797276 71.49994432926178 6.399999999999999
      vertex 62.231248296797276 71.49994432926178 2.3999999999999986
      vertex 61.652523800730705 72.28026398271322 2.3999999999999986
    endloop
  endfacet
  facet normal 0.8577286109085103 0.5141027426779179 0
    outer loop
      vertex 62.73070143163204 70.66665711253881 6.399999999999999
      vertex 62.73070143163204 70.66665711253881 2.3999999999999986
      vertex 62.231248296797276 71.49994432926178 2.3999999999999986
    endloop
  endfacet
  facet normal 0 -1 0
    outer loop
      vertex 12.007364645600319 2.0999999940395355 2.3999999999999986
      vertex 53.2 2.0999999940395355 2.3999999999999986
      vertex 53.2 2.0999999940395355 3.3999999999999986
    endloop
  endfacet
  facet normal -0.6715589566054604 0.7409511237612002 1.0089508503525287e-17
    outer loop
      vertex 60.00895792245865 5.99104206264019 2.3999999999999986
      vertex 59.79817548912708 5.8 2.3999999999999986
      vertex 59.79817548912708 5.8 3.3999999999999986
    endloop
  endfacet
  facet normal 1 0 0
    outer loop
      vertex 63.899999998509884 38.49998679028236 3.6516773492241086
      vertex 63.899999998509884 12.007364638149738 2.3999999999999986
      vertex 63.899999998509884 38.82441871018548 3.5172932479334946
    endloop
  endfacet
  facet normal 1 0 0
    outer loop
      vertex 63.899999998509884 38.82441871018548 3.5172932479334946
      vertex 63.899999998509884 12.007364638149738 2.3999999999999986
      vertex 63.899999998509884 39.17558128981452 3.5172932479334946
    endloop
  endfacet
  facet normal 1 0 0
    outer loop
      vertex 63.899999998509884 39.50001320971764 3.6516773492241086
      vertex 63.899999998509884 39.17558128981452 3.5172932479334946
      vertex 63.899999998509884 65.9926353469491 2.3999999999999986
    endloop
  endfacet
  facet normal 1 0 0
    outer loop
      vertex 63.899999998509884 39.17558128981452 3.5172932479334946
      vertex 63.899999998509884 12.007364638149738 2.3999999999999986
      vertex 63.899999998509884 65.9926353469491 2.3999999999999986
    endloop
  endfacet
  facet normal 0.9891765099647805 0.14673047445536522 0
    outer loop
      vertex 30.940350911153217 22.990310323766128 1.5900000000000034
      vertex 30.910112073988387 23.194164005307922 2.3999999999999986
      vertex 30.940350911153217 22.990310323766128 2.3999999999999986
    endloop
  endfacet
  facet normal 0.998795456205172 0.049067674327426196 0
    outer loop
      vertex 30.910112073988387 23.194164005307922 1.5900000000000034
      vertex 30.9 23.4 2.3999999999999986
      vertex 30.910112073988387 23.194164005307922 2.3999999999999986
    endloop
  endfacet
  facet normal 0.6715589548470127 0.7409511253549642 0
    outer loop
      vertex 31.667774103256345 21.77667804793825 1.5900000000000034
      vertex 31.51507575950825 21.915075759508248 2.3999999999999986
      vertex 31.667774103256345 21.77667804793825 2.3999999999999986
    endloop
  endfacet
  facet normal 0.5141027441932301 0.857728610000267 0
    outer loop
      vertex 32.0100668526654 21.54796534486845 1.5900000000000034
      vertex 31.833302510658836 21.653913814164653 2.3999999999999986
      vertex 32.0100668526654 21.54796534486845 2.3999999999999986
    endloop
  endfacet
  facet normal 0.5956993044924358 0.803207531480643 0
    outer loop
      vertex 31.833302510658836 21.653913814164653 1.5900000000000034
      vertex 31.667774103256345 21.77667804793825 2.3999999999999986
      vertex 31.833302510658836 21.653913814164653 2.3999999999999986
    endloop
  endfacet
  facet normal 0.4275550934302678 0.90398929312345 0
    outer loop
      vertex 32.196364792033314 21.459852981726296 1.5900000000000034
      vertex 32.0100668526654 21.54796534486845 2.3999999999999986
      vertex 32.196364792033314 21.459852981726296 2.3999999999999986
    endloop
  endfacet
  facet normal 0.3368898533922279 0.9415440651830179 0
    outer loop
      vertex 32.39040217776563 21.39042529496236 1.5900000000000034
      vertex 32.196364792033314 21.459852981726296 2.3999999999999986
      vertex 32.39040217776563 21.39042529496236 2.3999999999999986
    endloop
  endfacet
  facet normal 0.1467304744553702 0.9891765099647798 0
    outer loop
      vertex 32.79416400530792 21.310112073988385 1.5900000000000034
      vertex 32.59031032376613 21.340350911153216 2.3999999999999986
      vertex 32.79416400530792 21.310112073988385 2.3999999999999986
    endloop
  endfacet
  facet normal 0.049067674327425356 0.998795456205172 0
    outer loop
      vertex 33 21.299999999999997 1.5900000000000034
      vertex 32.79416400530792 21.310112073988385 2.3999999999999986
      vertex 33 21.299999999999997 2.3999999999999986
    endloop
  endfacet
  facet normal 0.24298017990325207 0.9700312531945469 0
    outer loop
      vertex 32.59031032376613 21.340350911153216 1.5900000000000034
      vertex 32.39040217776563 21.39042529496236 2.3999999999999986
      vertex 32.59031032376613 21.340350911153216 2.3999999999999986
    endloop
  endfacet
  facet normal 0.9039892931234469 0.4275550934302744 0
    outer loop
      vertex 31.147965344868453 22.410066852665402 1.5900000000000034
      vertex 31.059852981726298 22.59636479203331 2.3999999999999986
      vertex 31.147965344868453 22.410066852665402 2.3999999999999986
    endloop
  endfacet
  facet normal 0.803207531480643 0.5956993044924358 0
    outer loop
      vertex 31.376678047938253 22.067774103256344 1.5900000000000034
      vertex 31.253913814164655 22.233302510658834 2.3999999999999986
      vertex 31.376678047938253 22.067774103256344 2.3999999999999986
    endloop
  endfacet
  facet normal 0.857728610000267 0.5141027441932301 0
    outer loop
      vertex 31.253913814164655 22.233302510658834 1.5900000000000034
      vertex 31.147965344868453 22.410066852665402 2.3999999999999986
      vertex 31.253913814164655 22.233302510658834 2.3999999999999986
    endloop
  endfacet
  facet normal 0.9415440651830199 0.3368898533922224 0
    outer loop
      vertex 31.059852981726298 22.59636479203331 1.5900000000000034
      vertex 30.99042529496236 22.79040217776563 2.3999999999999986
      vertex 31.059852981726298 22.59636479203331 2.3999999999999986
    endloop
  endfacet
  facet normal 0.9700312531945459 0.2429801799032561 0
    outer loop
      vertex 30.99042529496236 22.79040217776563 1.5900000000000034
      vertex 30.940350911153217 22.990310323766128 2.3999999999999986
      vertex 30.99042529496236 22.79040217776563 2.3999999999999986
    endloop
  endfacet
  facet normal 0.7409511253549642 0.6715589548470127 0
    outer loop
      vertex 31.51507575950825 21.915075759508248 1.5900000000000034
      vertex 31.376678047938253 22.067774103256344 2.3999999999999986
      vertex 31.51507575950825 21.915075759508248 2.3999999999999986
    endloop
  endfacet
  facet normal 1 0 0
    outer loop
      vertex 30.9 23.4 1.5900000000000034
      vertex 30.9 30.4 2.3999999999999986
      vertex 30.9 23.4 2.3999999999999986
    endloop
  endfacet
  facet normal 0.9891765099647805 0.14673047445536522 1.6705037433349473e-18
    outer loop
      vertex 30.940350911153217 22.990310323766128 1.5900000000000034
      vertex 30.910112073988387 23.194164005307922 1.5900000000000034
      vertex 30.910112073988387 23.194164005307922 2.3999999999999986
    endloop
  endfacet
  facet normal 0.998795456205172 0.049067674327426196 8.97730478706967e-19
    outer loop
      vertex 30.910112073988387 23.194164005307922 1.5900000000000034
      vertex 30.9 23.4 1.5900000000000034
      vertex 30.9 23.4 2.3999999999999986
    endloop
  endfacet
  facet normal 0.6715589548470127 0.7409511253549642 0
    outer loop
      vertex 31.51507575950825 21.915075759508248 1.5900000000000034
      vertex 31.51507575950825 21.915075759508248 2.3999999999999986
      vertex 31.667774103256345 21.77667804793825 1.5900000000000034
    endloop
  endfacet
  facet normal 0.5141027441932301 0.857728610000267 0
    outer loop
      vertex 31.833302510658836 21.653913814164653 1.5900000000000034
      vertex 31.833302510658836 21.653913814164653 2.3999999999999986
      vertex 32.0100668526654 21.54796534486845 1.5900000000000034
    endloop
  endfacet
  facet normal 0.5956993044924358 0.803207531480643 0
    outer loop
      vertex 31.667774103256345 21.77667804793825 1.5900000000000034
      vertex 31.667774103256345 21.77667804793825 2.3999999999999986
      vertex 31.833302510658836 21.653913814164653 1.5900000000000034
    endloop
  endfacet
  facet normal 0.4275550934302678 0.90398929312345 0
    outer loop
      vertex 32.0100668526654 21.54796534486845 1.5900000000000034
      vertex 32.0100668526654 21.54796534486845 2.3999999999999986
      vertex 32.196364792033314 21.459852981726296 1.5900000000000034
    endloop
  endfacet
  facet normal 0.3368898533922279 0.9415440651830179 3.0270195801464386e-18
    outer loop
      vertex 32.39040217776563 21.39042529496236 1.5900000000000034
      vertex 32.196364792033314 21.459852981726296 1.5900000000000034
      vertex 32.196364792033314 21.459852981726296 2.3999999999999986
    endloop
  endfacet
  facet normal 0.24298017990325207 0.9700312531945469 0
    outer loop
      vertex 32.39040217776563 21.39042529496236 1.5900000000000034
      vertex 32.39040217776563 21.39042529496236 2.3999999999999986
      vertex 32.59031032376613 21.340350911153216 1.5900000000000034
    endloop
  endfacet
  facet normal 0.049067674327425356 0.998795456205172 0
    outer loop
      vertex 32.79416400530792 21.310112073988385 1.5900000000000034
      vertex 32.79416400530792 21.310112073988385 2.3999999999999986
      vertex 33 21.299999999999997 1.5900000000000034
    endloop
  endfacet
  facet normal 0.1467304744553702 0.9891765099647798 0
    outer loop
      vertex 32.59031032376613 21.340350911153216 1.5900000000000034
      vertex 32.59031032376613 21.340350911153216 2.3999999999999986
      vertex 32.79416400530792 21.310112073988385 1.5900000000000034
    endloop
  endfacet
  facet normal 0.857728610000267 0.5141027441932301 0
    outer loop
      vertex 31.147965344868453 22.410066852665402 1.5900000000000034
      vertex 31.147965344868453 22.410066852665402 2.3999999999999986
      vertex 31.253913814164655 22.233302510658834 1.5900000000000034
    endloop
  endfacet
  facet normal 0.9039892931234469 0.4275550934302744 2.0411010290101207e-18
    outer loop
      vertex 31.147965344868453 22.410066852665402 1.5900000000000034
      vertex 31.059852981726298 22.59636479203331 1.5900000000000034
      vertex 31.059852981726298 22.59636479203331 2.3999999999999986
    endloop
  endfacet
  facet normal 0.803207531480643 0.5956993044924358 0
    outer loop
      vertex 31.253913814164655 22.233302510658834 1.5900000000000034
      vertex 31.253913814164655 22.233302510658834 2.3999999999999986
      vertex 31.376678047938253 22.067774103256344 1.5900000000000034
    endloop
  endfacet
  facet normal 0.7409511253549642 0.6715589548470127 -3.4086237983371377e-18
    outer loop
      vertex 31.51507575950825 21.915075759508248 1.5900000000000034
      vertex 31.376678047938253 22.067774103256344 1.5900000000000034
      vertex 31.376678047938253 22.067774103256344 2.3999999999999986
    endloop
  endfacet
  facet normal 0.9415440651830199 0.3368898533922224 1.0743308779727837e-18
    outer loop
      vertex 31.059852981726298 22.59636479203331 1.5900000000000034
      vertex 30.99042529496236 22.79040217776563 1.5900000000000034
      vertex 30.99042529496236 22.79040217776563 2.3999999999999986
    endloop
  endfacet
  facet normal 0.9700312531945459 0.2429801799032561 0
    outer loop
      vertex 30.940350911153217 22.990310323766128 1.5900000000000034
      vertex 30.940350911153217 22.990310323766128 2.3999999999999986
      vertex 30.99042529496236 22.79040217776563 1.5900000000000034
    endloop
  endfacet
  facet normal 1 0 0
    outer loop
      vertex 30.9 23.4 1.5900000000000034
      vertex 30.9 27.0902872180808 1.5900000000000034
      vertex 30.9 30.4 2.3999999999999986
    endloop
  endfacet
  facet normal 0.9987954562051721 -0.04906767432742621 0
    outer loop
      vertex 30.9 30.4 0.5900000000000034
      vertex 30.910112073988387 30.605835994692075 2.3999999999999986
      vertex 30.9 30.4 2.3999999999999986
    endloop
  endfacet
  facet normal 0.98917650996478 -0.14673047445536772 0
    outer loop
      vertex 30.910112073988387 30.605835994692075 0.5900000000000034
      vertex 30.940350911153217 30.809689676233866 2.3999999999999986
      vertex 30.910112073988387 30.605835994692075 2.3999999999999986
    endloop
  endfacet
  facet normal 0.970031253194547 -0.24298017990325205 0
    outer loop
      vertex 30.940350911153217 30.809689676233866 0.5900000000000034
      vertex 30.99042529496236 31.00959782223437 2.3999999999999986
      vertex 30.940350911153217 30.809689676233866 2.3999999999999986
    endloop
  endfacet
  facet normal 0.9415440651830199 -0.3368898533922224 0
    outer loop
      vertex 30.99042529496236 31.00959782223437 0.5900000000000034
      vertex 31.059852981726298 31.203635207966688 2.3999999999999986
      vertex 30.99042529496236 31.00959782223437 2.3999999999999986
    endloop
  endfacet
  facet normal 0.9039892931234469 -0.4275550934302744 0
    outer loop
      vertex 31.059852981726298 31.203635207966688 0.5900000000000034
      vertex 31.147965344868453 31.389933147334595 2.3999999999999986
      vertex 31.059852981726298 31.203635207966688 2.3999999999999986
    endloop
  endfacet
  facet normal 0.8577286100002671 -0.5141027441932301 0
    outer loop
      vertex 31.147965344868453 31.389933147334595 0.5900000000000034
      vertex 31.253913814164655 31.566697489341163 2.3999999999999986
      vertex 31.147965344868453 31.389933147334595 2.3999999999999986
    endloop
  endfacet
  facet normal 0.803207531480643 -0.5956993044924358 0
    outer loop
      vertex 31.253913814164655 31.566697489341163 0.5900000000000034
      vertex 31.376678047938253 31.732225896743653 2.3999999999999986
      vertex 31.253913814164655 31.566697489341163 2.3999999999999986
    endloop
  endfacet
  facet normal 0.7409511253549643 -0.6715589548470126 0
    outer loop
      vertex 31.376678047938253 31.732225896743653 0.5900000000000034
      vertex 31.51507575950825 31.88492424049175 2.3999999999999986
      vertex 31.376678047938253 31.732225896743653 2.3999999999999986
    endloop
  endfacet
  facet normal 0.6715589548470221 -0.7409511253549559 0
    outer loop
      vertex 31.51507575950825 31.88492424049175 0.5900000000000034
      vertex 31.667774103256345 32.02332195206175 2.3999999999999986
      vertex 31.51507575950825 31.88492424049175 2.3999999999999986
    endloop
  endfacet
  facet normal 0.5956993044924247 -0.8032075314806514 0
    outer loop
      vertex 31.667774103256345 32.02332195206175 0.5900000000000034
      vertex 31.833302510658836 32.146086185835344 2.3999999999999986
      vertex 31.667774103256345 32.02332195206175 2.3999999999999986
    endloop
  endfacet
  facet normal 0.5141027441932301 -0.8577286100002671 0
    outer loop
      vertex 31.833302510658836 32.146086185835344 0.5900000000000034
      vertex 32.0100668526654 32.252034655131546 2.3999999999999986
      vertex 31.833302510658836 32.146086185835344 2.3999999999999986
    endloop
  endfacet
  facet normal 0.42755509343025366 -0.9039892931234568 0
    outer loop
      vertex 32.0100668526654 32.252034655131546 0.5900000000000034
      vertex 32.196364792033314 32.3401470182737 2.3999999999999986
      vertex 32.0100668526654 32.252034655131546 2.3999999999999986
    endloop
  endfacet
  facet normal 0.3368898533922584 -0.9415440651830072 0
    outer loop
      vertex 32.196364792033314 32.3401470182737 0.5900000000000034
      vertex 32.39040217776563 32.40957470503764 2.3999999999999986
      vertex 32.196364792033314 32.3401470182737 2.3999999999999986
    endloop
  endfacet
  facet normal 0.24298017990323584 -0.970031253194551 0
    outer loop
      vertex 32.39040217776563 32.40957470503764 0.5900000000000034
      vertex 32.59031032376613 32.45964908884678 2.3999999999999986
      vertex 32.39040217776563 32.40957470503764 2.3999999999999986
    endloop
  endfacet
  facet normal 0.14673047445537024 -0.9891765099647797 0
    outer loop
      vertex 32.59031032376613 32.45964908884678 0.5900000000000034
      vertex 32.79416400530792 32.48988792601161 2.3999999999999986
      vertex 32.59031032376613 32.45964908884678 2.3999999999999986
    endloop
  endfacet
  facet normal 0.04906767432742536 -0.9987954562051721 0
    outer loop
      vertex 32.79416400530792 32.48988792601161 0.5900000000000034
      vertex 33 32.5 2.3999999999999986
      vertex 32.79416400530792 32.48988792601161 2.3999999999999986
    endloop
  endfacet
  facet normal 1 0 0
    outer loop
      vertex 30.9 27.0902872180808 1.5900000000000034
      vertex 30.9 27.0902872180808 0.5900000000000034
      vertex 30.9 30.4 0.5900000000000034
    endloop
  endfacet
  facet normal 1 0 0
    outer loop
      vertex 30.9 27.0902872180808 1.5900000000000034
      vertex 30.9 30.4 0.5900000000000034
      vertex 30.9 30.4 2.3999999999999986
    endloop
  endfacet
  facet normal 0.9987954562051721 -0.04906767432742621 -4.0174678881361385e-19
    outer loop
      vertex 30.9 30.4 0.5900000000000034
      vertex 30.910112073988387 30.605835994692075 0.5900000000000034
      vertex 30.910112073988387 30.605835994692075 2.3999999999999986
    endloop
  endfacet
  facet normal 0.98917650996478 -0.14673047445536772 -4.180266409840223e-19
    outer loop
      vertex 30.910112073988387 30.605835994692075 0.5900000000000034
      vertex 30.940350911153217 30.809689676233866 0.5900000000000034
      vertex 30.940350911153217 30.809689676233866 2.3999999999999986
    endloop
  endfacet
  facet normal 0.970031253194547 -0.24298017990325205 1.5312160479985176e-18
    outer loop
      vertex 30.940350911153217 30.809689676233866 0.5900000000000034
      vertex 30.99042529496236 31.00959782223437 0.5900000000000034
      vertex 30.99042529496236 31.00959782223437 2.3999999999999986
    endloop
  endfacet
  facet normal 0.9415440651830199 -0.3368898533922224 -4.807779067171004e-19
    outer loop
      vertex 30.99042529496236 31.00959782223437 0.5900000000000034
      vertex 31.059852981726298 31.203635207966688 0.5900000000000034
      vertex 31.059852981726298 31.203635207966688 2.3999999999999986
    endloop
  endfacet
  facet normal 0.9039892931234469 -0.4275550934302744 -9.134209024851892e-19
    outer loop
      vertex 31.059852981726298 31.203635207966688 0.5900000000000034
      vertex 31.147965344868453 31.389933147334595 0.5900000000000034
      vertex 31.147965344868453 31.389933147334595 2.3999999999999986
    endloop
  endfacet
  facet normal 0.8577286100002671 -0.5141027441932301 1.6749570711694612e-18
    outer loop
      vertex 31.147965344868453 31.389933147334595 0.5900000000000034
      vertex 31.253913814164655 31.566697489341163 0.5900000000000034
      vertex 31.253913814164655 31.566697489341163 2.3999999999999986
    endloop
  endfacet
  facet normal 0.803207531480643 -0.5956993044924358 2.441893227305942e-18
    outer loop
      vertex 31.253913814164655 31.566697489341163 0.5900000000000034
      vertex 31.376678047938253 31.732225896743653 0.5900000000000034
      vertex 31.376678047938253 31.732225896743653 2.3999999999999986
    endloop
  endfacet
  facet normal 0.7409511253549643 -0.6715589548470126 1.5254062301950677e-18
    outer loop
      vertex 31.376678047938253 31.732225896743653 0.5900000000000034
      vertex 31.51507575950825 31.88492424049175 0.5900000000000034
      vertex 31.51507575950825 31.88492424049175 2.3999999999999986
    endloop
  endfacet
  facet normal 0.6715589548470221 -0.7409511253549559 -4.3984626166324146e-18
    outer loop
      vertex 31.51507575950825 31.88492424049175 0.5900000000000034
      vertex 31.667774103256345 32.02332195206175 0.5900000000000034
      vertex 31.667774103256345 32.02332195206175 2.3999999999999986
    endloop
  endfacet
  facet normal 0.5956993044924247 -0.8032075314806514 -2.2188152316679973e-18
    outer loop
      vertex 31.667774103256345 32.02332195206175 0.5900000000000034
      vertex 31.833302510658836 32.146086185835344 0.5900000000000034
      vertex 31.833302510658836 32.146086185835344 2.3999999999999986
    endloop
  endfacet
  facet normal 0.5141027441932301 -0.8577286100002671 1.6749570711694612e-18
    outer loop
      vertex 31.833302510658836 32.146086185835344 0.5900000000000034
      vertex 32.0100668526654 32.252034655131546 0.5900000000000034
      vertex 32.0100668526654 32.252034655131546 2.3999999999999986
    endloop
  endfacet
  facet normal 0.42755509343025366 -0.9039892931234568 3.3462288372389752e-18
    outer loop
      vertex 32.0100668526654 32.252034655131546 0.5900000000000034
      vertex 32.196364792033314 32.3401470182737 0.5900000000000034
      vertex 32.196364792033314 32.3401470182737 2.3999999999999986
    endloop
  endfacet
  facet normal 0.3368898533922584 -0.9415440651830072 2.259479586360186e-18
    outer loop
      vertex 32.196364792033314 32.3401470182737 0.5900000000000034
      vertex 32.39040217776563 32.40957470503764 0.5900000000000034
      vertex 32.39040217776563 32.40957470503764 2.3999999999999986
    endloop
  endfacet
  facet normal 0.24298017990323584 -0.970031253194551 -3.8427794023583846e-19
    outer loop
      vertex 32.39040217776563 32.40957470503764 0.5900000000000034
      vertex 32.59031032376613 32.45964908884678 0.5900000000000034
      vertex 32.59031032376613 32.45964908884678 2.3999999999999986
    endloop
  endfacet
  facet normal 0.14673047445537024 -0.9891765099647797 -8.847978356952351e-20
    outer loop
      vertex 32.59031032376613 32.45964908884678 0.5900000000000034
      vertex 32.79416400530792 32.48988792601161 0.5900000000000034
      vertex 32.79416400530792 32.48988792601161 2.3999999999999986
    endloop
  endfacet
  facet normal 0.04906767432742536 -0.9987954562051721 5.7267728762070365e-19
    outer loop
      vertex 32.79416400530792 32.48988792601161 0.5900000000000034
      vertex 33 32.5 0.5900000000000034
      vertex 33 32.5 2.3999999999999986
    endloop
  endfacet
  facet normal -0.049067674327425356 0.998795456205172 0
    outer loop
      vertex 33.20583599469208 21.310112073988385 1.5900000000000034
      vertex 33 21.299999999999997 2.3999999999999986
      vertex 33.20583599469208 21.310112073988385 2.3999999999999986
    endloop
  endfacet
  facet normal -0.1467304744553702 0.9891765099647798 0
    outer loop
      vertex 33.40968967623387 21.340350911153216 1.5900000000000034
      vertex 33.20583599469208 21.310112073988385 2.3999999999999986
      vertex 33.40968967623387 21.340350911153216 2.3999999999999986
    endloop
  endfacet
  facet normal -0.24298017990325207 0.9700312531945469 0
    outer loop
      vertex 33.60959782223437 21.39042529496236 1.5900000000000034
      vertex 33.40968967623387 21.340350911153216 2.3999999999999986
      vertex 33.60959782223437 21.39042529496236 2.3999999999999986
    endloop
  endfacet
  facet normal -0.3368898533922279 0.9415440651830179 0
    outer loop
      vertex 33.803635207966686 21.459852981726296 1.5900000000000034
      vertex 33.60959782223437 21.39042529496236 2.3999999999999986
      vertex 33.803635207966686 21.459852981726296 2.3999999999999986
    endloop
  endfacet
  facet normal -0.4275550934302678 0.90398929312345 0
    outer loop
      vertex 33.9899331473346 21.54796534486845 1.5900000000000034
      vertex 33.803635207966686 21.459852981726296 2.3999999999999986
      vertex 33.9899331473346 21.54796534486845 2.3999999999999986
    endloop
  endfacet
  facet normal -0.5141027441932224 0.8577286100002717 0
    outer loop
      vertex 34.16669748934117 21.653913814164653 1.5900000000000034
      vertex 33.9899331473346 21.54796534486845 2.3999999999999986
      vertex 34.16669748934117 21.653913814164653 2.3999999999999986
    endloop
  endfacet
  facet normal -0.5956993044924358 0.803207531480643 0
    outer loop
      vertex 34.33222589674366 21.77667804793825 1.5900000000000034
      vertex 34.16669748934117 21.653913814164653 2.3999999999999986
      vertex 34.33222589674366 21.77667804793825 2.3999999999999986
    endloop
  endfacet
  facet normal -0.6715589548470212 0.7409511253549566 0
    outer loop
      vertex 34.48492424049175 21.915075759508248 1.5900000000000034
      vertex 34.33222589674366 21.77667804793825 2.3999999999999986
      vertex 34.48492424049175 21.915075759508248 2.3999999999999986
    endloop
  endfacet
  facet normal -0.7409511253549558 0.6715589548470221 0
    outer loop
      vertex 34.62332195206175 22.067774103256344 1.5900000000000034
      vertex 34.48492424049175 21.915075759508248 2.3999999999999986
      vertex 34.62332195206175 22.067774103256344 2.3999999999999986
    endloop
  endfacet
  facet normal -0.8032075314806513 0.5956993044924247 0
    outer loop
      vertex 34.746086185835345 22.233302510658834 1.5900000000000034
      vertex 34.62332195206175 22.067774103256344 2.3999999999999986
      vertex 34.746086185835345 22.233302510658834 2.3999999999999986
    endloop
  endfacet
  facet normal -0.857728610000267 0.5141027441932301 0
    outer loop
      vertex 34.85203465513155 22.410066852665402 1.5900000000000034
      vertex 34.746086185835345 22.233302510658834 2.3999999999999986
      vertex 34.85203465513155 22.410066852665402 2.3999999999999986
    endloop
  endfacet
  facet normal -0.9039892931234403 0.4275550934302885 0
    outer loop
      vertex 34.940147018273706 22.59636479203331 1.5900000000000034
      vertex 34.85203465513155 22.410066852665402 2.3999999999999986
      vertex 34.940147018273706 22.59636479203331 2.3999999999999986
    endloop
  endfacet
  facet normal -0.9415440651830309 0.3368898533921918 0
    outer loop
      vertex 35.009574705037636 22.79040217776563 1.5900000000000034
      vertex 34.940147018273706 22.59636479203331 2.3999999999999986
      vertex 35.009574705037636 22.79040217776563 2.3999999999999986
    endloop
  endfacet
  facet normal -0.9700312531945419 0.24298017990327236 0
    outer loop
      vertex 35.05964908884678 22.990310323766128 1.5900000000000034
      vertex 35.009574705037636 22.79040217776563 2.3999999999999986
      vertex 35.05964908884678 22.990310323766128 2.3999999999999986
    endloop
  endfacet
  facet normal -0.9891765099647805 0.14673047445536522 0
    outer loop
      vertex 35.08988792601161 23.194164005307922 1.5900000000000034
      vertex 35.05964908884678 22.990310323766128 2.3999999999999986
      vertex 35.08988792601161 23.194164005307922 2.3999999999999986
    endloop
  endfacet
  facet normal -0.998795456205172 0.049067674327426196 0
    outer loop
      vertex 35.1 23.4 1.5900000000000034
      vertex 35.08988792601161 23.194164005307922 2.3999999999999986
      vertex 35.1 23.4 2.3999999999999986
    endloop
  endfacet
  facet normal -1 0 0
    outer loop
      vertex 35.1 23.4 1.5900000000000034
      vertex 35.1 23.4 2.3999999999999986
      vertex 35.1 30.4 2.3999999999999986
    endloop
  endfacet
  facet normal -0.049067674327425356 0.998795456205172 0
    outer loop
      vertex 33 21.299999999999997 1.5900000000000034
      vertex 33 21.299999999999997 2.3999999999999986
      vertex 33.20583599469208 21.310112073988385 1.5900000000000034
    endloop
  endfacet
  facet normal -0.1467304744553702 0.9891765099647798 0
    outer loop
      vertex 33.20583599469208 21.310112073988385 1.5900000000000034
      vertex 33.20583599469208 21.310112073988385 2.3999999999999986
      vertex 33.40968967623387 21.340350911153216 1.5900000000000034
    endloop
  endfacet
  facet normal -0.24298017990325207 0.9700312531945469 0
    outer loop
      vertex 33.40968967623387 21.340350911153216 1.5900000000000034
      vertex 33.40968967623387 21.340350911153216 2.3999999999999986
      vertex 33.60959782223437 21.39042529496236 1.5900000000000034
    endloop
  endfacet
  facet normal -0.3368898533922279 0.9415440651830179 0
    outer loop
      vertex 33.60959782223437 21.39042529496236 1.5900000000000034
      vertex 33.60959782223437 21.39042529496236 2.3999999999999986
      vertex 33.803635207966686 21.459852981726296 1.5900000000000034
    endloop
  endfacet
  facet normal -0.4275550934302678 0.90398929312345 0
    outer loop
      vertex 33.803635207966686 21.459852981726296 1.5900000000000034
      vertex 33.803635207966686 21.459852981726296 2.3999999999999986
      vertex 33.9899331473346 21.54796534486845 1.5900000000000034
    endloop
  endfacet
  facet normal -0.5141027441932224 0.8577286100002717 0
    outer loop
      vertex 33.9899331473346 21.54796534486845 1.5900000000000034
      vertex 33.9899331473346 21.54796534486845 2.3999999999999986
      vertex 34.16669748934117 21.653913814164653 1.5900000000000034
    endloop
  endfacet
  facet normal -0.5956993044924358 0.803207531480643 0
    outer loop
      vertex 34.16669748934117 21.653913814164653 1.5900000000000034
      vertex 34.16669748934117 21.653913814164653 2.3999999999999986
      vertex 34.33222589674366 21.77667804793825 1.5900000000000034
    endloop
  endfacet
  facet normal -0.6715589548470212 0.7409511253549566 0
    outer loop
      vertex 34.33222589674366 21.77667804793825 1.5900000000000034
      vertex 34.33222589674366 21.77667804793825 2.3999999999999986
      vertex 34.48492424049175 21.915075759508248 1.5900000000000034
    endloop
  endfacet
  facet normal -0.7409511253549558 0.6715589548470221 0
    outer loop
      vertex 34.48492424049175 21.915075759508248 1.5900000000000034
      vertex 34.48492424049175 21.915075759508248 2.3999999999999986
      vertex 34.62332195206175 22.067774103256344 1.5900000000000034
    endloop
  endfacet
  facet normal -0.8032075314806513 0.5956993044924247 0
    outer loop
      vertex 34.62332195206175 22.067774103256344 1.5900000000000034
      vertex 34.62332195206175 22.067774103256344 2.3999999999999986
      vertex 34.746086185835345 22.233302510658834 1.5900000000000034
    endloop
  endfacet
  facet normal -0.857728610000267 0.5141027441932301 0
    outer loop
      vertex 34.746086185835345 22.233302510658834 1.5900000000000034
      vertex 34.746086185835345 22.233302510658834 2.3999999999999986
      vertex 34.85203465513155 22.410066852665402 1.5900000000000034
    endloop
  endfacet
  facet normal -0.9039892931234403 0.4275550934302885 0
    outer loop
      vertex 34.85203465513155 22.410066852665402 1.5900000000000034
      vertex 34.85203465513155 22.410066852665402 2.3999999999999986
      vertex 34.940147018273706 22.59636479203331 1.5900000000000034
    endloop
  endfacet
  facet normal -0.9415440651830309 0.3368898533921918 0
    outer loop
      vertex 34.940147018273706 22.59636479203331 1.5900000000000034
      vertex 34.940147018273706 22.59636479203331 2.3999999999999986
      vertex 35.009574705037636 22.79040217776563 1.5900000000000034
    endloop
  endfacet
  facet normal -0.9700312531945419 0.24298017990327236 0
    outer loop
      vertex 35.009574705037636 22.79040217776563 1.5900000000000034
      vertex 35.009574705037636 22.79040217776563 2.3999999999999986
      vertex 35.05964908884678 22.990310323766128 1.5900000000000034
    endloop
  endfacet
  facet normal -0.9891765099647805 0.14673047445536522 0
    outer loop
      vertex 35.05964908884678 22.990310323766128 1.5900000000000034
      vertex 35.05964908884678 22.990310323766128 2.3999999999999986
      vertex 35.08988792601161 23.194164005307922 1.5900000000000034
    endloop
  endfacet
  facet normal -0.998795456205172 0.049067674327426196 0
    outer loop
      vertex 35.08988792601161 23.194164005307922 1.5900000000000034
      vertex 35.08988792601161 23.194164005307922 2.3999999999999986
      vertex 35.1 23.4 1.5900000000000034
    endloop
  endfacet
  facet normal -1 0 0
    outer loop
      vertex 35.1 23.4 1.5900000000000034
      vertex 35.1 30.4 2.3999999999999986
      vertex 35.1 27.0902872180808 1.5900000000000034
    endloop
  endfacet
  facet normal -0.9700312531945429 -0.24298017990326828 0
    outer loop
      vertex 35.009574705037636 31.00959782223437 0.5900000000000034
      vertex 35.05964908884678 30.809689676233866 2.3999999999999986
      vertex 35.009574705037636 31.00959782223437 2.3999999999999986
    endloop
  endfacet
  facet normal -0.8032075314806514 -0.5956993044924247 0
    outer loop
      vertex 34.62332195206175 31.732225896743653 0.5900000000000034
      vertex 34.746086185835345 31.566697489341163 2.3999999999999986
      vertex 34.62332195206175 31.732225896743653 2.3999999999999986
    endloop
  endfacet
  facet normal -0.8577286100002671 -0.5141027441932301 0
    outer loop
      vertex 34.746086185835345 31.566697489341163 0.5900000000000034
      vertex 34.85203465513155 31.389933147334595 2.3999999999999986
      vertex 34.746086185835345 31.566697489341163 2.3999999999999986
    endloop
  endfacet
  facet normal -0.9039892931234403 -0.42755509343028847 0
    outer loop
      vertex 34.85203465513155 31.389933147334595 0.5900000000000034
      vertex 34.940147018273706 31.203635207966688 2.3999999999999986
      vertex 34.85203465513155 31.389933147334595 2.3999999999999986
    endloop
  endfacet
  facet normal -0.9415440651830308 -0.33688985339219174 0
    outer loop
      vertex 34.940147018273706 31.203635207966688 0.5900000000000034
      vertex 35.009574705037636 31.00959782223437 2.3999999999999986
      vertex 34.940147018273706 31.203635207966688 2.3999999999999986
    endloop
  endfacet
  facet normal -0.04906767432742536 -0.9987954562051721 0
    outer loop
      vertex 33 32.5 0.5900000000000034
      vertex 33.20583599469208 32.48988792601161 2.3999999999999986
      vertex 33 32.5 2.3999999999999986
    endloop
  endfacet
  facet normal -0.14673047445537024 -0.9891765099647797 0
    outer loop
      vertex 33.20583599469208 32.48988792601161 0.5900000000000034
      vertex 33.40968967623387 32.45964908884678 2.3999999999999986
      vertex 33.20583599469208 32.48988792601161 2.3999999999999986
    endloop
  endfacet
  facet normal -0.24298017990323584 -0.970031253194551 0
    outer loop
      vertex 33.40968967623387 32.45964908884678 0.5900000000000034
      vertex 33.60959782223437 32.40957470503764 2.3999999999999986
      vertex 33.40968967623387 32.45964908884678 2.3999999999999986
    endloop
  endfacet
  facet normal -0.3368898533922584 -0.9415440651830072 0
    outer loop
      vertex 33.60959782223437 32.40957470503764 0.5900000000000034
      vertex 33.803635207966686 32.3401470182737 2.3999999999999986
      vertex 33.60959782223437 32.40957470503764 2.3999999999999986
    endloop
  endfacet
  facet normal -0.42755509343025366 -0.9039892931234568 0
    outer loop
      vertex 33.803635207966686 32.3401470182737 0.5900000000000034
      vertex 33.9899331473346 32.252034655131546 2.3999999999999986
      vertex 33.803635207966686 32.3401470182737 2.3999999999999986
    endloop
  endfacet
  facet normal -0.5141027441932225 -0.8577286100002716 0
    outer loop
      vertex 33.9899331473346 32.252034655131546 0.5900000000000034
      vertex 34.16669748934117 32.146086185835344 2.3999999999999986
      vertex 33.9899331473346 32.252034655131546 2.3999999999999986
    endloop
  endfacet
  facet normal -0.5956993044924247 -0.8032075314806514 0
    outer loop
      vertex 34.16669748934117 32.146086185835344 0.5900000000000034
      vertex 34.33222589674366 32.02332195206175 2.3999999999999986
      vertex 34.16669748934117 32.146086185835344 2.3999999999999986
    endloop
  endfacet
  facet normal -0.6715589548470308 -0.7409511253549481 0
    outer loop
      vertex 34.33222589674366 32.02332195206175 0.5900000000000034
      vertex 34.48492424049175 31.88492424049175 2.3999999999999986
      vertex 34.33222589674366 32.02332195206175 2.3999999999999986
    endloop
  endfacet
  facet normal -0.7409511253549559 -0.6715589548470221 0
    outer loop
      vertex 34.48492424049175 31.88492424049175 0.5900000000000034
      vertex 34.62332195206175 31.732225896743653 2.3999999999999986
      vertex 34.48492424049175 31.88492424049175 2.3999999999999986
    endloop
  endfacet
  facet normal -0.9987954562051721 -0.04906767432742621 0
    outer loop
      vertex 35.08988792601161 30.605835994692075 0.5900000000000034
      vertex 35.1 30.4 2.3999999999999986
      vertex 35.08988792601161 30.605835994692075 2.3999999999999986
    endloop
  endfacet
  facet normal -0.98917650996478 -0.14673047445536772 0
    outer loop
      vertex 35.05964908884678 30.809689676233866 0.5900000000000034
      vertex 35.08988792601161 30.605835994692075 2.3999999999999986
      vertex 35.05964908884678 30.809689676233866 2.3999999999999986
    endloop
  endfacet
  facet normal -1 0 0
    outer loop
      vertex 35.1 27.0902872180808 1.5900000000000034
      vertex 35.1 30.4 0.5900000000000034
      vertex 35.1 27.0902872180808 0.5900000000000034
    endloop
  endfacet
  facet normal -1 0 0
    outer loop
      vertex 35.1 27.0902872180808 1.5900000000000034
      vertex 35.1 30.4 2.3999999999999986
      vertex 35.1 30.4 0.5900000000000034
    endloop
  endfacet
  facet normal -0.9700312531945429 -0.24298017990326828 0
    outer loop
      vertex 35.05964908884678 30.809689676233866 0.5900000000000034
      vertex 35.05964908884678 30.809689676233866 2.3999999999999986
      vertex 35.009574705037636 31.00959782223437 0.5900000000000034
    endloop
  endfacet
  facet normal -0.9415440651830308 -0.33688985339219174 0
    outer loop
      vertex 35.009574705037636 31.00959782223437 0.5900000000000034
      vertex 35.009574705037636 31.00959782223437 2.3999999999999986
      vertex 34.940147018273706 31.203635207966688 0.5900000000000034
    endloop
  endfacet
  facet normal -0.8032075314806514 -0.5956993044924247 2.2188152316679973e-18
    outer loop
      vertex 34.62332195206175 31.732225896743653 0.5900000000000034
      vertex 34.746086185835345 31.566697489341163 0.5900000000000034
      vertex 34.746086185835345 31.566697489341163 2.3999999999999986
    endloop
  endfacet
  facet normal -0.9039892931234403 -0.42755509343028847 0
    outer loop
      vertex 34.940147018273706 31.203635207966688 0.5900000000000034
      vertex 34.940147018273706 31.203635207966688 2.3999999999999986
      vertex 34.85203465513155 31.389933147334595 0.5900000000000034
    endloop
  endfacet
  facet normal -0.8577286100002671 -0.5141027441932301 -1.6749570711694612e-18
    outer loop
      vertex 34.746086185835345 31.566697489341163 0.5900000000000034
      vertex 34.85203465513155 31.389933147334595 0.5900000000000034
      vertex 34.85203465513155 31.389933147334595 2.3999999999999986
    endloop
  endfacet
  facet normal -0.04906767432742536 -0.9987954562051721 -5.7267728762070365e-19
    outer loop
      vertex 33 32.5 0.5900000000000034
      vertex 33.20583599469208 32.48988792601161 0.5900000000000034
      vertex 33.20583599469208 32.48988792601161 2.3999999999999986
    endloop
  endfacet
  facet normal -0.14673047445537024 -0.9891765099647797 8.847978356952351e-20
    outer loop
      vertex 33.20583599469208 32.48988792601161 0.5900000000000034
      vertex 33.40968967623387 32.45964908884678 0.5900000000000034
      vertex 33.40968967623387 32.45964908884678 2.3999999999999986
    endloop
  endfacet
  facet normal -0.42755509343025366 -0.9039892931234568 -3.3462288372389752e-18
    outer loop
      vertex 33.803635207966686 32.3401470182737 0.5900000000000034
      vertex 33.9899331473346 32.252034655131546 0.5900000000000034
      vertex 33.9899331473346 32.252034655131546 2.3999999999999986
    endloop
  endfacet
  facet normal -0.24298017990323584 -0.970031253194551 0
    outer loop
      vertex 33.60959782223437 32.40957470503764 0.5900000000000034
      vertex 33.60959782223437 32.40957470503764 2.3999999999999986
      vertex 33.40968967623387 32.45964908884678 0.5900000000000034
    endloop
  endfacet
  facet normal -0.3368898533922584 -0.9415440651830072 -2.259479586360186e-18
    outer loop
      vertex 33.60959782223437 32.40957470503764 0.5900000000000034
      vertex 33.803635207966686 32.3401470182737 0.5900000000000034
      vertex 33.803635207966686 32.3401470182737 2.3999999999999986
    endloop
  endfacet
  facet normal -0.5141027441932225 -0.8577286100002716 3.0571680841991993e-18
    outer loop
      vertex 33.9899331473346 32.252034655131546 0.5900000000000034
      vertex 34.16669748934117 32.146086185835344 0.5900000000000034
      vertex 34.16669748934117 32.146086185835344 2.3999999999999986
    endloop
  endfacet
  facet normal -0.5956993044924247 -0.8032075314806514 2.2188152316679973e-18
    outer loop
      vertex 34.16669748934117 32.146086185835344 0.5900000000000034
      vertex 34.33222589674366 32.02332195206175 0.5900000000000034
      vertex 34.33222589674366 32.02332195206175 2.3999999999999986
    endloop
  endfacet
  facet normal -0.6715589548470308 -0.7409511253549481 1.7872249990825e-18
    outer loop
      vertex 34.33222589674366 32.02332195206175 0.5900000000000034
      vertex 34.48492424049175 31.88492424049175 0.5900000000000034
      vertex 34.48492424049175 31.88492424049175 2.3999999999999986
    endloop
  endfacet
  facet normal -0.7409511253549559 -0.6715589548470221 4.3984626166324146e-18
    outer loop
      vertex 34.48492424049175 31.88492424049175 0.5900000000000034
      vertex 34.62332195206175 31.732225896743653 0.5900000000000034
      vertex 34.62332195206175 31.732225896743653 2.3999999999999986
    endloop
  endfacet
  facet normal -0.9987954562051721 -0.04906767432742621 0
    outer loop
      vertex 35.1 30.4 0.5900000000000034
      vertex 35.1 30.4 2.3999999999999986
      vertex 35.08988792601161 30.605835994692075 0.5900000000000034
    endloop
  endfacet
  facet normal -0.98917650996478 -0.14673047445536772 4.180266409840223e-19
    outer loop
      vertex 35.05964908884678 30.809689676233866 0.5900000000000034
      vertex 35.08988792601161 30.605835994692075 0.5900000000000034
      vertex 35.08988792601161 30.605835994692075 2.3999999999999986
    endloop
  endfacet
  facet normal 0.8577286100002717 0.5141027441932224 0
    outer loop
      vertex 31.253913814164655 53.43330251065883 1.5900000000000034
      vertex 31.147965344868453 53.6100668526654 2.3999999999999986
      vertex 31.253913814164655 53.43330251065883 2.3999999999999986
    endloop
  endfacet
  facet normal 0.803207531480643 0.5956993044924358 0
    outer loop
      vertex 31.376678047938253 53.267774103256336 1.5900000000000034
      vertex 31.253913814164655 53.43330251065883 2.3999999999999986
      vertex 31.376678047938253 53.267774103256336 2.3999999999999986
    endloop
  endfacet
  facet normal 0.5956993044924247 0.8032075314806513 0
    outer loop
      vertex 31.833302510658836 52.85391381416465 1.5900000000000034
      vertex 31.667774103256345 52.97667804793824 2.3999999999999986
      vertex 31.833302510658836 52.85391381416465 2.3999999999999986
    endloop
  endfacet
  facet normal 0.5141027441932301 0.857728610000267 0
    outer loop
      vertex 32.0100668526654 52.74796534486845 1.5900000000000034
      vertex 31.833302510658836 52.85391381416465 2.3999999999999986
      vertex 32.0100668526654 52.74796534486845 2.3999999999999986
    endloop
  endfacet
  facet normal 0.7409511253549566 0.6715589548470212 0
    outer loop
      vertex 31.51507575950825 53.115075759508244 1.5900000000000034
      vertex 31.376678047938253 53.267774103256336 2.3999999999999986
      vertex 31.51507575950825 53.115075759508244 2.3999999999999986
    endloop
  endfacet
  facet normal 0.6715589548470221 0.7409511253549558 0
    outer loop
      vertex 31.667774103256345 52.97667804793824 1.5900000000000034
      vertex 31.51507575950825 53.115075759508244 2.3999999999999986
      vertex 31.667774103256345 52.97667804793824 2.3999999999999986
    endloop
  endfacet
  facet normal 0.42755509343028186 0.9039892931234434 0
    outer loop
      vertex 32.196364792033314 52.65985298172629 1.5900000000000034
      vertex 32.0100668526654 52.74796534486845 2.3999999999999986
      vertex 32.196364792033314 52.65985298172629 2.3999999999999986
    endloop
  endfacet
  facet normal 0.3368898533921973 0.9415440651830289 0
    outer loop
      vertex 32.39040217776563 52.59042529496236 1.5900000000000034
      vertex 32.196364792033314 52.65985298172629 2.3999999999999986
      vertex 32.39040217776563 52.59042529496236 2.3999999999999986
    endloop
  endfacet
  facet normal 0.2429801799032683 0.9700312531945429 0
    outer loop
      vertex 32.59031032376613 52.54035091115321 1.5900000000000034
      vertex 32.39040217776563 52.59042529496236 2.3999999999999986
      vertex 32.59031032376613 52.54035091115321 2.3999999999999986
    endloop
  endfacet
  facet normal 0.1467304744553702 0.9891765099647798 0
    outer loop
      vertex 32.79416400530792 52.51011207398838 1.5900000000000034
      vertex 32.59031032376613 52.54035091115321 2.3999999999999986
      vertex 32.79416400530792 52.51011207398838 2.3999999999999986
    endloop
  endfacet
  facet normal 0.049067674327425356 0.998795456205172 0
    outer loop
      vertex 33 52.49999999999999 1.5900000000000034
      vertex 32.79416400530792 52.51011207398838 2.3999999999999986
      vertex 33 52.49999999999999 2.3999999999999986
    endloop
  endfacet
  facet normal 0.9891765099647798 0.1467304744553702 0
    outer loop
      vertex 30.940350911153217 54.19031032376613 1.5900000000000034
      vertex 30.910112073988387 54.394164005307914 2.3999999999999986
      vertex 30.940350911153217 54.19031032376613 2.3999999999999986
    endloop
  endfacet
  facet normal 0.998795456205172 0.049067674327425356 0
    outer loop
      vertex 30.910112073988387 54.394164005307914 1.5900000000000034
      vertex 30.9 54.599999999999994 2.3999999999999986
      vertex 30.910112073988387 54.394164005307914 2.3999999999999986
    endloop
  endfacet
  facet normal 1 0 0
    outer loop
      vertex 30.9 54.599999999999994 1.5900000000000034
      vertex 30.9 61.599999999999994 2.3999999999999986
      vertex 30.9 54.599999999999994 2.3999999999999986
    endloop
  endfacet
  facet normal 0.9415440651830179 0.3368898533922279 0
    outer loop
      vertex 31.059852981726298 53.79636479203331 1.5900000000000034
      vertex 30.99042529496236 53.990402177765624 2.3999999999999986
      vertex 31.059852981726298 53.79636479203331 2.3999999999999986
    endloop
  endfacet
  facet normal 0.90398929312345 0.4275550934302678 0
    outer loop
      vertex 31.147965344868453 53.6100668526654 1.5900000000000034
      vertex 31.059852981726298 53.79636479203331 2.3999999999999986
      vertex 31.147965344868453 53.6100668526654 2.3999999999999986
    endloop
  endfacet
  facet normal 0.9700312531945469 0.24298017990325207 0
    outer loop
      vertex 30.99042529496236 53.990402177765624 1.5900000000000034
      vertex 30.940350911153217 54.19031032376613 2.3999999999999986
      vertex 30.99042529496236 53.990402177765624 2.3999999999999986
    endloop
  endfacet
  facet normal 0.8577286100002717 0.5141027441932224 0
    outer loop
      vertex 31.147965344868453 53.6100668526654 1.5900000000000034
      vertex 31.147965344868453 53.6100668526654 2.3999999999999986
      vertex 31.253913814164655 53.43330251065883 1.5900000000000034
    endloop
  endfacet
  facet normal 0.7409511253549566 0.6715589548470212 0
    outer loop
      vertex 31.376678047938253 53.267774103256336 1.5900000000000034
      vertex 31.376678047938253 53.267774103256336 2.3999999999999986
      vertex 31.51507575950825 53.115075759508244 1.5900000000000034
    endloop
  endfacet
  facet normal 0.803207531480643 0.5956993044924358 -5.4565762239799634e-18
    outer loop
      vertex 31.376678047938253 53.267774103256336 1.5900000000000034
      vertex 31.253913814164655 53.43330251065883 1.5900000000000034
      vertex 31.253913814164655 53.43330251065883 2.3999999999999986
    endloop
  endfacet
  facet normal 0.5956993044924247 0.8032075314806513 0
    outer loop
      vertex 31.667774103256345 52.97667804793824 1.5900000000000034
      vertex 31.667774103256345 52.97667804793824 2.3999999999999986
      vertex 31.833302510658836 52.85391381416465 1.5900000000000034
    endloop
  endfacet
  facet normal 0.5141027441932301 0.857728610000267 0
    outer loop
      vertex 31.833302510658836 52.85391381416465 1.5900000000000034
      vertex 31.833302510658836 52.85391381416465 2.3999999999999986
      vertex 32.0100668526654 52.74796534486845 1.5900000000000034
    endloop
  endfacet
  facet normal 0.6715589548470221 0.7409511253549558 0
    outer loop
      vertex 31.51507575950825 53.115075759508244 1.5900000000000034
      vertex 31.51507575950825 53.115075759508244 2.3999999999999986
      vertex 31.667774103256345 52.97667804793824 1.5900000000000034
    endloop
  endfacet
  facet normal 0.42755509343028186 0.9039892931234434 0
    outer loop
      vertex 32.0100668526654 52.74796534486845 1.5900000000000034
      vertex 32.0100668526654 52.74796534486845 2.3999999999999986
      vertex 32.196364792033314 52.65985298172629 1.5900000000000034
    endloop
  endfacet
  facet normal 0.3368898533921973 0.9415440651830289 0
    outer loop
      vertex 32.196364792033314 52.65985298172629 1.5900000000000034
      vertex 32.196364792033314 52.65985298172629 2.3999999999999986
      vertex 32.39040217776563 52.59042529496236 1.5900000000000034
    endloop
  endfacet
  facet normal 0.2429801799032683 0.9700312531945429 0
    outer loop
      vertex 32.39040217776563 52.59042529496236 1.5900000000000034
      vertex 32.39040217776563 52.59042529496236 2.3999999999999986
      vertex 32.59031032376613 52.54035091115321 1.5900000000000034
    endloop
  endfacet
  facet normal 0.1467304744553702 0.9891765099647798 0
    outer loop
      vertex 32.59031032376613 52.54035091115321 1.5900000000000034
      vertex 32.59031032376613 52.54035091115321 2.3999999999999986
      vertex 32.79416400530792 52.51011207398838 1.5900000000000034
    endloop
  endfacet
  facet normal 0.049067674327425356 0.998795456205172 0
    outer loop
      vertex 32.79416400530792 52.51011207398838 1.5900000000000034
      vertex 32.79416400530792 52.51011207398838 2.3999999999999986
      vertex 33 52.49999999999999 1.5900000000000034
    endloop
  endfacet
  facet normal 0.9891765099647798 0.1467304744553702 1.977140842726396e-19
    outer loop
      vertex 30.940350911153217 54.19031032376613 1.5900000000000034
      vertex 30.910112073988387 54.394164005307914 1.5900000000000034
      vertex 30.910112073988387 54.394164005307914 2.3999999999999986
    endloop
  endfacet
  facet normal 0.998795456205172 0.049067674327425356 -1.2796862846833049e-18
    outer loop
      vertex 30.910112073988387 54.394164005307914 1.5900000000000034
      vertex 30.9 54.599999999999994 1.5900000000000034
      vertex 30.9 54.599999999999994 2.3999999999999986
    endloop
  endfacet
  facet normal 1 0 0
    outer loop
      vertex 30.9 54.599999999999994 1.5900000000000034
      vertex 30.9 58.2902872180808 1.5900000000000034
      vertex 30.9 61.599999999999994 2.3999999999999986
    endloop
  endfacet
  facet normal 0.9415440651830179 0.3368898533922279 3.0270195801464386e-18
    outer loop
      vertex 31.059852981726298 53.79636479203331 1.5900000000000034
      vertex 30.99042529496236 53.990402177765624 1.5900000000000034
      vertex 30.99042529496236 53.990402177765624 2.3999999999999986
    endloop
  endfacet
  facet normal 0.90398929312345 0.4275550934302678 0
    outer loop
      vertex 31.059852981726298 53.79636479203331 1.5900000000000034
      vertex 31.059852981726298 53.79636479203331 2.3999999999999986
      vertex 31.147965344868453 53.6100668526654 1.5900000000000034
    endloop
  endfacet
  facet normal 0.9700312531945469 0.24298017990325207 0
    outer loop
      vertex 30.940350911153217 54.19031032376613 1.5900000000000034
      vertex 30.940350911153217 54.19031032376613 2.3999999999999986
      vertex 30.99042529496236 53.990402177765624 1.5900000000000034
    endloop
  endfacet
  facet normal 0.9987954562051721 -0.04906767432742536 0
    outer loop
      vertex 30.9 61.599999999999994 0.5900000000000034
      vertex 30.910112073988387 61.805835994692075 2.3999999999999986
      vertex 30.9 61.599999999999994 2.3999999999999986
    endloop
  endfacet
  facet normal 0.9891765099647797 -0.14673047445537024 0
    outer loop
      vertex 30.910112073988387 61.805835994692075 0.5900000000000034
      vertex 30.940350911153217 62.00968967623386 2.3999999999999986
      vertex 30.910112073988387 61.805835994692075 2.3999999999999986
    endloop
  endfacet
  facet normal 0.970031253194547 -0.24298017990325205 0
    outer loop
      vertex 30.940350911153217 62.00968967623386 0.5900000000000034
      vertex 30.99042529496236 62.209597822234365 2.3999999999999986
      vertex 30.940350911153217 62.00968967623386 2.3999999999999986
    endloop
  endfacet
  facet normal 0.9415440651830179 -0.3368898533922278 0
    outer loop
      vertex 30.99042529496236 62.209597822234365 0.5900000000000034
      vertex 31.059852981726298 62.40363520796668 2.3999999999999986
      vertex 30.99042529496236 62.209597822234365 2.3999999999999986
    endloop
  endfacet
  facet normal 0.9039892931234502 -0.4275550934302678 0
    outer loop
      vertex 31.059852981726298 62.40363520796668 0.5900000000000034
      vertex 31.147965344868453 62.58993314733459 2.3999999999999986
      vertex 31.059852981726298 62.40363520796668 2.3999999999999986
    endloop
  endfacet
  facet normal 0.8577286100002625 -0.5141027441932378 0
    outer loop
      vertex 31.147965344868453 62.58993314733459 0.5900000000000034
      vertex 31.253913814164655 62.766697489341155 2.3999999999999986
      vertex 31.147965344868453 62.58993314733459 2.3999999999999986
    endloop
  endfacet
  facet normal 0.803207531480643 -0.5956993044924358 0
    outer loop
      vertex 31.253913814164655 62.766697489341155 0.5900000000000034
      vertex 31.376678047938253 62.932225896743645 2.3999999999999986
      vertex 31.253913814164655 62.766697489341155 2.3999999999999986
    endloop
  endfacet
  facet normal 0.7409511253549721 -0.6715589548470041 0
    outer loop
      vertex 31.376678047938253 62.932225896743645 0.5900000000000034
      vertex 31.51507575950825 63.084924240491745 2.3999999999999986
      vertex 31.376678047938253 62.932225896743645 2.3999999999999986
    endloop
  endfacet
  facet normal 0.6715589548470031 -0.740951125354973 0
    outer loop
      vertex 31.51507575950825 63.084924240491745 0.5900000000000034
      vertex 31.667774103256345 63.22332195206174 2.3999999999999986
      vertex 31.51507575950825 63.084924240491745 2.3999999999999986
    endloop
  endfacet
  facet normal 0.5956993044924469 -0.8032075314806348 0
    outer loop
      vertex 31.667774103256345 63.22332195206174 0.5900000000000034
      vertex 31.833302510658836 63.34608618583534 2.3999999999999986
      vertex 31.667774103256345 63.22332195206174 2.3999999999999986
    endloop
  endfacet
  facet normal 0.5141027441932301 -0.8577286100002671 0
    outer loop
      vertex 31.833302510658836 63.34608618583534 0.5900000000000034
      vertex 32.0100668526654 63.45203465513154 2.3999999999999986
      vertex 31.833302510658836 63.34608618583534 2.3999999999999986
    endloop
  endfacet
  facet normal 0.4275550934302818 -0.9039892931234434 0
    outer loop
      vertex 32.0100668526654 63.45203465513154 0.5900000000000034
      vertex 32.196364792033314 63.5401470182737 2.3999999999999986
      vertex 32.0100668526654 63.45203465513154 2.3999999999999986
    endloop
  endfacet
  facet normal 0.3368898533921973 -0.941544065183029 0
    outer loop
      vertex 32.196364792033314 63.5401470182737 0.5900000000000034
      vertex 32.39040217776563 63.60957470503763 2.3999999999999986
      vertex 32.196364792033314 63.5401470182737 2.3999999999999986
    endloop
  endfacet
  facet normal 0.24298017990326828 -0.9700312531945429 0
    outer loop
      vertex 32.39040217776563 63.60957470503763 0.5900000000000034
      vertex 32.59031032376613 63.65964908884678 2.3999999999999986
      vertex 32.39040217776563 63.60957470503763 2.3999999999999986
    endloop
  endfacet
  facet normal 0.14673047445537024 -0.9891765099647797 0
    outer loop
      vertex 32.59031032376613 63.65964908884678 0.5900000000000034
      vertex 32.79416400530792 63.68988792601161 2.3999999999999986
      vertex 32.59031032376613 63.65964908884678 2.3999999999999986
    endloop
  endfacet
  facet normal 0.04906767432742536 -0.9987954562051721 0
    outer loop
      vertex 32.79416400530792 63.68988792601161 0.5900000000000034
      vertex 33 63.699999999999996 2.3999999999999986
      vertex 32.79416400530792 63.68988792601161 2.3999999999999986
    endloop
  endfacet
  facet normal 1 0 0
    outer loop
      vertex 30.9 58.2902872180808 1.5900000000000034
      vertex 30.9 61.599999999999994 0.5900000000000034
      vertex 30.9 61.599999999999994 2.3999999999999986
    endloop
  endfacet
  facet normal 0.9987954562051721 -0.04906767432742536 5.7267728762070365e-19
    outer loop
      vertex 30.9 61.599999999999994 0.5900000000000034
      vertex 30.910112073988387 61.805835994692075 0.5900000000000034
      vertex 30.910112073988387 61.805835994692075 2.3999999999999986
    endloop
  endfacet
  facet normal 0.9891765099647797 -0.14673047445537024 -8.847978356952351e-20
    outer loop
      vertex 30.910112073988387 61.805835994692075 0.5900000000000034
      vertex 30.940350911153217 62.00968967623386 0.5900000000000034
      vertex 30.940350911153217 62.00968967623386 2.3999999999999986
    endloop
  endfacet
  facet normal 1 0 0
    outer loop
      vertex 30.9 58.2902872180808 1.5900000000000034
      vertex 30.9 58.2902872180808 0.5900000000000034
      vertex 30.9 61.599999999999994 0.5900000000000034
    endloop
  endfacet
  facet normal 0.970031253194547 -0.24298017990325205 1.5312160479985176e-18
    outer loop
      vertex 30.940350911153217 62.00968967623386 0.5900000000000034
      vertex 30.99042529496236 62.209597822234365 0.5900000000000034
      vertex 30.99042529496236 62.209597822234365 2.3999999999999986
    endloop
  endfacet
  facet normal 0.9415440651830179 -0.3368898533922278 -1.354633071778236e-18
    outer loop
      vertex 30.99042529496236 62.209597822234365 0.5900000000000034
      vertex 31.059852981726298 62.40363520796668 0.5900000000000034
      vertex 31.059852981726298 62.40363520796668 2.3999999999999986
    endloop
  endfacet
  facet normal 0.9039892931234502 -0.4275550934302678 1.1984981745504758e-18
    outer loop
      vertex 31.059852981726298 62.40363520796668 0.5900000000000034
      vertex 31.147965344868453 62.58993314733459 0.5900000000000034
      vertex 31.147965344868453 62.58993314733459 2.3999999999999986
    endloop
  endfacet
  facet normal 0.8577286100002625 -0.5141027441932378 -2.894073423192656e-18
    outer loop
      vertex 31.147965344868453 62.58993314733459 0.5900000000000034
      vertex 31.253913814164655 62.766697489341155 0.5900000000000034
      vertex 31.253913814164655 62.766697489341155 2.3999999999999986
    endloop
  endfacet
  facet normal 0.803207531480643 -0.5956993044924358 2.441893227305942e-18
    outer loop
      vertex 31.253913814164655 62.766697489341155 0.5900000000000034
      vertex 31.376678047938253 62.932225896743645 0.5900000000000034
      vertex 31.376678047938253 62.932225896743645 2.3999999999999986
    endloop
  endfacet
  facet normal 0.7409511253549721 -0.6715589548470041 -1.085831387388724e-18
    outer loop
      vertex 31.376678047938253 62.932225896743645 0.5900000000000034
      vertex 31.51507575950825 63.084924240491745 0.5900000000000034
      vertex 31.51507575950825 63.084924240491745 2.3999999999999986
    endloop
  endfacet
  facet normal 0.6715589548470031 -0.740951125354973 -1.8518805727081144e-18
    outer loop
      vertex 31.51507575950825 63.084924240491745 0.5900000000000034
      vertex 31.667774103256345 63.22332195206174 0.5900000000000034
      vertex 31.667774103256345 63.22332195206174 2.3999999999999986
    endloop
  endfacet
  facet normal 0.5956993044924469 -0.8032075314806348 -2.1985539634508375e-18
    outer loop
      vertex 31.667774103256345 63.22332195206174 0.5900000000000034
      vertex 31.833302510658836 63.34608618583534 0.5900000000000034
      vertex 31.833302510658836 63.34608618583534 2.3999999999999986
    endloop
  endfacet
  facet normal 0.5141027441932301 -0.8577286100002671 1.6749570711694612e-18
    outer loop
      vertex 31.833302510658836 63.34608618583534 0.5900000000000034
      vertex 32.0100668526654 63.45203465513154 0.5900000000000034
      vertex 32.0100668526654 63.45203465513154 2.3999999999999986
    endloop
  endfacet
  facet normal 0.4275550934302818 -0.9039892931234434 -9.49232488137992e-19
    outer loop
      vertex 32.0100668526654 63.45203465513154 0.5900000000000034
      vertex 32.196364792033314 63.5401470182737 0.5900000000000034
      vertex 32.196364792033314 63.5401470182737 2.3999999999999986
    endloop
  endfacet
  facet normal 0.3368898533921973 -0.941544065183029 -3.181679050512853e-19
    outer loop
      vertex 32.196364792033314 63.5401470182737 0.5900000000000034
      vertex 32.39040217776563 63.60957470503763 0.5900000000000034
      vertex 32.39040217776563 63.60957470503763 2.3999999999999986
    endloop
  endfacet
  facet normal 0.24298017990326828 -0.9700312531945429 -1.2038677886324648e-18
    outer loop
      vertex 32.39040217776563 63.60957470503763 0.5900000000000034
      vertex 32.59031032376613 63.65964908884678 0.5900000000000034
      vertex 32.59031032376613 63.65964908884678 2.3999999999999986
    endloop
  endfacet
  facet normal 0.14673047445537024 -0.9891765099647797 -8.847978356952351e-20
    outer loop
      vertex 32.59031032376613 63.65964908884678 0.5900000000000034
      vertex 32.79416400530792 63.68988792601161 0.5900000000000034
      vertex 32.79416400530792 63.68988792601161 2.3999999999999986
    endloop
  endfacet
  facet normal 0.04906767432742536 -0.9987954562051721 5.7267728762070365e-19
    outer loop
      vertex 32.79416400530792 63.68988792601161 0.5900000000000034
      vertex 33 63.699999999999996 0.5900000000000034
      vertex 33 63.699999999999996 2.3999999999999986
    endloop
  endfacet
  facet normal -0.049067674327425356 0.998795456205172 0
    outer loop
      vertex 33.20583599469208 52.51011207398838 1.5900000000000034
      vertex 33 52.49999999999999 2.3999999999999986
      vertex 33.20583599469208 52.51011207398838 2.3999999999999986
    endloop
  endfacet
  facet normal -0.1467304744553702 0.9891765099647798 0
    outer loop
      vertex 33.40968967623387 52.54035091115321 1.5900000000000034
      vertex 33.20583599469208 52.51011207398838 2.3999999999999986
      vertex 33.40968967623387 52.54035091115321 2.3999999999999986
    endloop
  endfacet
  facet normal -0.2429801799032683 0.9700312531945429 0
    outer loop
      vertex 33.60959782223437 52.59042529496236 1.5900000000000034
      vertex 33.40968967623387 52.54035091115321 2.3999999999999986
      vertex 33.60959782223437 52.59042529496236 2.3999999999999986
    endloop
  endfacet
  facet normal -0.3368898533921973 0.9415440651830289 0
    outer loop
      vertex 33.803635207966686 52.65985298172629 1.5900000000000034
      vertex 33.60959782223437 52.59042529496236 2.3999999999999986
      vertex 33.803635207966686 52.65985298172629 2.3999999999999986
    endloop
  endfacet
  facet normal -0.42755509343028186 0.9039892931234434 0
    outer loop
      vertex 33.9899331473346 52.74796534486845 1.5900000000000034
      vertex 33.803635207966686 52.65985298172629 2.3999999999999986
      vertex 33.9899331473346 52.74796534486845 2.3999999999999986
    endloop
  endfacet
  facet normal -0.5141027441932224 0.8577286100002717 0
    outer loop
      vertex 34.16669748934117 52.85391381416465 1.5900000000000034
      vertex 33.9899331473346 52.74796534486845 2.3999999999999986
      vertex 34.16669748934117 52.85391381416465 2.3999999999999986
    endloop
  endfacet
  facet normal -0.5956993044924247 0.8032075314806513 0
    outer loop
      vertex 34.33222589674366 52.97667804793824 1.5900000000000034
      vertex 34.16669748934117 52.85391381416465 2.3999999999999986
      vertex 34.33222589674366 52.97667804793824 2.3999999999999986
    endloop
  endfacet
  facet normal -0.6715589548470307 0.7409511253549479 0
    outer loop
      vertex 34.48492424049175 53.115075759508244 1.5900000000000034
      vertex 34.33222589674366 52.97667804793824 2.3999999999999986
      vertex 34.48492424049175 53.115075759508244 2.3999999999999986
    endloop
  endfacet
  facet normal -0.7409511253549479 0.6715589548470307 0
    outer loop
      vertex 34.62332195206175 53.267774103256336 1.5900000000000034
      vertex 34.48492424049175 53.115075759508244 2.3999999999999986
      vertex 34.62332195206175 53.267774103256336 2.3999999999999986
    endloop
  endfacet
  facet normal -0.8032075314806513 0.5956993044924247 0
    outer loop
      vertex 34.746086185835345 53.43330251065883 1.5900000000000034
      vertex 34.62332195206175 53.267774103256336 2.3999999999999986
      vertex 34.746086185835345 53.43330251065883 2.3999999999999986
    endloop
  endfacet
  facet normal -0.8577286100002717 0.5141027441932224 0
    outer loop
      vertex 34.85203465513155 53.6100668526654 1.5900000000000034
      vertex 34.746086185835345 53.43330251065883 2.3999999999999986
      vertex 34.85203465513155 53.6100668526654 2.3999999999999986
    endloop
  endfacet
  facet normal -0.9039892931234434 0.42755509343028186 0
    outer loop
      vertex 34.940147018273706 53.79636479203331 1.5900000000000034
      vertex 34.85203465513155 53.6100668526654 2.3999999999999986
      vertex 34.940147018273706 53.79636479203331 2.3999999999999986
    endloop
  endfacet
  facet normal -0.9415440651830289 0.3368898533921973 0
    outer loop
      vertex 35.009574705037636 53.990402177765624 1.5900000000000034
      vertex 34.940147018273706 53.79636479203331 2.3999999999999986
      vertex 35.009574705037636 53.990402177765624 2.3999999999999986
    endloop
  endfacet
  facet normal -0.9700312531945429 0.2429801799032683 0
    outer loop
      vertex 35.05964908884678 54.19031032376613 1.5900000000000034
      vertex 35.009574705037636 53.990402177765624 2.3999999999999986
      vertex 35.05964908884678 54.19031032376613 2.3999999999999986
    endloop
  endfacet
  facet normal -0.9891765099647798 0.1467304744553702 0
    outer loop
      vertex 35.08988792601161 54.394164005307914 1.5900000000000034
      vertex 35.05964908884678 54.19031032376613 2.3999999999999986
      vertex 35.08988792601161 54.394164005307914 2.3999999999999986
    endloop
  endfacet
  facet normal -0.998795456205172 0.049067674327425356 0
    outer loop
      vertex 35.1 54.599999999999994 1.5900000000000034
      vertex 35.08988792601161 54.394164005307914 2.3999999999999986
      vertex 35.1 54.599999999999994 2.3999999999999986
    endloop
  endfacet
  facet normal -1 0 0
    outer loop
      vertex 35.1 58.2902872180808 1.5900000000000034
      vertex 35.1 54.599999999999994 2.3999999999999986
      vertex 35.1 61.599999999999994 2.3999999999999986
    endloop
  endfacet
  facet normal -0.049067674327425356 0.998795456205172 0
    outer loop
      vertex 33 52.49999999999999 1.5900000000000034
      vertex 33 52.49999999999999 2.3999999999999986
      vertex 33.20583599469208 52.51011207398838 1.5900000000000034
    endloop
  endfacet
  facet normal -0.1467304744553702 0.9891765099647798 0
    outer loop
      vertex 33.20583599469208 52.51011207398838 1.5900000000000034
      vertex 33.20583599469208 52.51011207398838 2.3999999999999986
      vertex 33.40968967623387 52.54035091115321 1.5900000000000034
    endloop
  endfacet
  facet normal -0.2429801799032683 0.9700312531945429 0
    outer loop
      vertex 33.40968967623387 52.54035091115321 1.5900000000000034
      vertex 33.40968967623387 52.54035091115321 2.3999999999999986
      vertex 33.60959782223437 52.59042529496236 1.5900000000000034
    endloop
  endfacet
  facet normal -0.3368898533921973 0.9415440651830289 0
    outer loop
      vertex 33.60959782223437 52.59042529496236 1.5900000000000034
      vertex 33.60959782223437 52.59042529496236 2.3999999999999986
      vertex 33.803635207966686 52.65985298172629 1.5900000000000034
    endloop
  endfacet
  facet normal -0.42755509343028186 0.9039892931234434 0
    outer loop
      vertex 33.803635207966686 52.65985298172629 1.5900000000000034
      vertex 33.803635207966686 52.65985298172629 2.3999999999999986
      vertex 33.9899331473346 52.74796534486845 1.5900000000000034
    endloop
  endfacet
  facet normal -0.5141027441932224 0.8577286100002717 0
    outer loop
      vertex 33.9899331473346 52.74796534486845 1.5900000000000034
      vertex 33.9899331473346 52.74796534486845 2.3999999999999986
      vertex 34.16669748934117 52.85391381416465 1.5900000000000034
    endloop
  endfacet
  facet normal -0.5956993044924247 0.8032075314806513 0
    outer loop
      vertex 34.16669748934117 52.85391381416465 1.5900000000000034
      vertex 34.16669748934117 52.85391381416465 2.3999999999999986
      vertex 34.33222589674366 52.97667804793824 1.5900000000000034
    endloop
  endfacet
  facet normal -0.6715589548470307 0.7409511253549479 0
    outer loop
      vertex 34.33222589674366 52.97667804793824 1.5900000000000034
      vertex 34.33222589674366 52.97667804793824 2.3999999999999986
      vertex 34.48492424049175 53.115075759508244 1.5900000000000034
    endloop
  endfacet
  facet normal -0.7409511253549479 0.6715589548470307 0
    outer loop
      vertex 34.48492424049175 53.115075759508244 1.5900000000000034
      vertex 34.48492424049175 53.115075759508244 2.3999999999999986
      vertex 34.62332195206175 53.267774103256336 1.5900000000000034
    endloop
  endfacet
  facet normal -0.8032075314806513 0.5956993044924247 0
    outer loop
      vertex 34.62332195206175 53.267774103256336 1.5900000000000034
      vertex 34.62332195206175 53.267774103256336 2.3999999999999986
      vertex 34.746086185835345 53.43330251065883 1.5900000000000034
    endloop
  endfacet
  facet normal -0.8577286100002717 0.5141027441932224 0
    outer loop
      vertex 34.746086185835345 53.43330251065883 1.5900000000000034
      vertex 34.746086185835345 53.43330251065883 2.3999999999999986
      vertex 34.85203465513155 53.6100668526654 1.5900000000000034
    endloop
  endfacet
  facet normal -0.9039892931234434 0.42755509343028186 0
    outer loop
      vertex 34.85203465513155 53.6100668526654 1.5900000000000034
      vertex 34.85203465513155 53.6100668526654 2.3999999999999986
      vertex 34.940147018273706 53.79636479203331 1.5900000000000034
    endloop
  endfacet
  facet normal -0.9415440651830289 0.3368898533921973 0
    outer loop
      vertex 34.940147018273706 53.79636479203331 1.5900000000000034
      vertex 34.940147018273706 53.79636479203331 2.3999999999999986
      vertex 35.009574705037636 53.990402177765624 1.5900000000000034
    endloop
  endfacet
  facet normal -0.9700312531945429 0.2429801799032683 0
    outer loop
      vertex 35.009574705037636 53.990402177765624 1.5900000000000034
      vertex 35.009574705037636 53.990402177765624 2.3999999999999986
      vertex 35.05964908884678 54.19031032376613 1.5900000000000034
    endloop
  endfacet
  facet normal -0.9891765099647798 0.1467304744553702 0
    outer loop
      vertex 35.05964908884678 54.19031032376613 1.5900000000000034
      vertex 35.05964908884678 54.19031032376613 2.3999999999999986
      vertex 35.08988792601161 54.394164005307914 1.5900000000000034
    endloop
  endfacet
  facet normal -0.998795456205172 0.049067674327425356 0
    outer loop
      vertex 35.08988792601161 54.394164005307914 1.5900000000000034
      vertex 35.08988792601161 54.394164005307914 2.3999999999999986
      vertex 35.1 54.599999999999994 1.5900000000000034
    endloop
  endfacet
  facet normal -1 0 0
    outer loop
      vertex 35.1 54.599999999999994 1.5900000000000034
      vertex 35.1 54.599999999999994 2.3999999999999986
      vertex 35.1 58.2902872180808 1.5900000000000034
    endloop
  endfacet
  facet normal -0.9700312531945429 -0.24298017990326828 0
    outer loop
      vertex 35.009574705037636 62.209597822234365 0.5900000000000034
      vertex 35.05964908884678 62.00968967623386 2.3999999999999986
      vertex 35.009574705037636 62.209597822234365 2.3999999999999986
    endloop
  endfacet
  facet normal -0.5956993044924469 -0.8032075314806348 0
    outer loop
      vertex 34.16669748934117 63.34608618583534 0.5900000000000034
      vertex 34.33222589674366 63.22332195206174 2.3999999999999986
      vertex 34.16669748934117 63.34608618583534 2.3999999999999986
    endloop
  endfacet
  facet normal -0.7409511253549634 -0.6715589548470136 0
    outer loop
      vertex 34.48492424049175 63.084924240491745 0.5900000000000034
      vertex 34.62332195206175 62.932225896743645 2.3999999999999986
      vertex 34.48492424049175 63.084924240491745 2.3999999999999986
    endloop
  endfacet
  facet normal -0.6715589548470117 -0.7409511253549652 0
    outer loop
      vertex 34.33222589674366 63.22332195206174 0.5900000000000034
      vertex 34.48492424049175 63.084924240491745 2.3999999999999986
      vertex 34.33222589674366 63.22332195206174 2.3999999999999986
    endloop
  endfacet
  facet normal -0.8577286100002625 -0.5141027441932378 0
    outer loop
      vertex 34.746086185835345 62.766697489341155 0.5900000000000034
      vertex 34.85203465513155 62.58993314733459 2.3999999999999986
      vertex 34.746086185835345 62.766697489341155 2.3999999999999986
    endloop
  endfacet
  facet normal -0.941544065183029 -0.3368898533921973 0
    outer loop
      vertex 34.940147018273706 62.40363520796668 0.5900000000000034
      vertex 35.009574705037636 62.209597822234365 2.3999999999999986
      vertex 34.940147018273706 62.40363520796668 2.3999999999999986
    endloop
  endfacet
  facet normal -0.9039892931234434 -0.4275550934302818 0
    outer loop
      vertex 34.85203465513155 62.58993314733459 0.5900000000000034
      vertex 34.940147018273706 62.40363520796668 2.3999999999999986
      vertex 34.85203465513155 62.58993314733459 2.3999999999999986
    endloop
  endfacet
  facet normal -0.8032075314806514 -0.5956993044924247 0
    outer loop
      vertex 34.62332195206175 62.932225896743645 0.5900000000000034
      vertex 34.746086185835345 62.766697489341155 2.3999999999999986
      vertex 34.62332195206175 62.932225896743645 2.3999999999999986
    endloop
  endfacet
  facet normal -0.9987954562051721 -0.04906767432742536 0
    outer loop
      vertex 35.08988792601161 61.805835994692075 0.5900000000000034
      vertex 35.1 61.599999999999994 2.3999999999999986
      vertex 35.08988792601161 61.805835994692075 2.3999999999999986
    endloop
  endfacet
  facet normal -0.9891765099647797 -0.14673047445537024 0
    outer loop
      vertex 35.05964908884678 62.00968967623386 0.5900000000000034
      vertex 35.08988792601161 61.805835994692075 2.3999999999999986
      vertex 35.05964908884678 62.00968967623386 2.3999999999999986
    endloop
  endfacet
  facet normal -0.04906767432742536 -0.9987954562051721 0
    outer loop
      vertex 33 63.699999999999996 0.5900000000000034
      vertex 33.20583599469208 63.68988792601161 2.3999999999999986
      vertex 33 63.699999999999996 2.3999999999999986
    endloop
  endfacet
  facet normal -0.24298017990326828 -0.9700312531945429 0
    outer loop
      vertex 33.40968967623387 63.65964908884678 0.5900000000000034
      vertex 33.60959782223437 63.60957470503763 2.3999999999999986
      vertex 33.40968967623387 63.65964908884678 2.3999999999999986
    endloop
  endfacet
  facet normal -0.14673047445537024 -0.9891765099647797 0
    outer loop
      vertex 33.20583599469208 63.68988792601161 0.5900000000000034
      vertex 33.40968967623387 63.65964908884678 2.3999999999999986
      vertex 33.20583599469208 63.68988792601161 2.3999999999999986
    endloop
  endfacet
  facet normal -0.3368898533921973 -0.941544065183029 0
    outer loop
      vertex 33.60959782223437 63.60957470503763 0.5900000000000034
      vertex 33.803635207966686 63.5401470182737 2.3999999999999986
      vertex 33.60959782223437 63.60957470503763 2.3999999999999986
    endloop
  endfacet
  facet normal -0.4275550934302818 -0.9039892931234434 0
    outer loop
      vertex 33.803635207966686 63.5401470182737 0.5900000000000034
      vertex 33.9899331473346 63.45203465513154 2.3999999999999986
      vertex 33.803635207966686 63.5401470182737 2.3999999999999986
    endloop
  endfacet
  facet normal -0.5141027441932225 -0.8577286100002716 0
    outer loop
      vertex 33.9899331473346 63.45203465513154 0.5900000000000034
      vertex 34.16669748934117 63.34608618583534 2.3999999999999986
      vertex 33.9899331473346 63.45203465513154 2.3999999999999986
    endloop
  endfacet
  facet normal -1 0 0
    outer loop
      vertex 35.1 58.2902872180808 1.5900000000000034
      vertex 35.1 61.599999999999994 2.3999999999999986
      vertex 35.1 61.599999999999994 0.5900000000000034
    endloop
  endfacet
  facet normal -0.9700312531945429 -0.24298017990326828 0
    outer loop
      vertex 35.05964908884678 62.00968967623386 0.5900000000000034
      vertex 35.05964908884678 62.00968967623386 2.3999999999999986
      vertex 35.009574705037636 62.209597822234365 0.5900000000000034
    endloop
  endfacet
  facet normal -0.5956993044924469 -0.8032075314806348 0
    outer loop
      vertex 34.33222589674366 63.22332195206174 0.5900000000000034
      vertex 34.33222589674366 63.22332195206174 2.3999999999999986
      vertex 34.16669748934117 63.34608618583534 0.5900000000000034
    endloop
  endfacet
  facet normal -0.6715589548470117 -0.7409511253549652 -7.593570449095683e-19
    outer loop
      vertex 34.33222589674366 63.22332195206174 0.5900000000000034
      vertex 34.48492424049175 63.084924240491745 0.5900000000000034
      vertex 34.48492424049175 63.084924240491745 2.3999999999999986
    endloop
  endfacet
  facet normal -0.941544065183029 -0.3368898533921973 3.181679050512853e-19
    outer loop
      vertex 34.940147018273706 62.40363520796668 0.5900000000000034
      vertex 35.009574705037636 62.209597822234365 0.5900000000000034
      vertex 35.009574705037636 62.209597822234365 2.3999999999999986
    endloop
  endfacet
  facet normal -0.9039892931234434 -0.4275550934302818 9.49232488137992e-19
    outer loop
      vertex 34.85203465513155 62.58993314733459 0.5900000000000034
      vertex 34.940147018273706 62.40363520796668 0.5900000000000034
      vertex 34.940147018273706 62.40363520796668 2.3999999999999986
    endloop
  endfacet
  facet normal -0.8577286100002625 -0.5141027441932378 0
    outer loop
      vertex 34.85203465513155 62.58993314733459 0.5900000000000034
      vertex 34.85203465513155 62.58993314733459 2.3999999999999986
      vertex 34.746086185835345 62.766697489341155 0.5900000000000034
    endloop
  endfacet
  facet normal -0.7409511253549634 -0.6715589548470136 -2.291455415548205e-18
    outer loop
      vertex 34.48492424049175 63.084924240491745 0.5900000000000034
      vertex 34.62332195206175 62.932225896743645 0.5900000000000034
      vertex 34.62332195206175 62.932225896743645 2.3999999999999986
    endloop
  endfacet
  facet normal -0.8032075314806514 -0.5956993044924247 2.2188152316679973e-18
    outer loop
      vertex 34.62332195206175 62.932225896743645 0.5900000000000034
      vertex 34.746086185835345 62.766697489341155 0.5900000000000034
      vertex 34.746086185835345 62.766697489341155 2.3999999999999986
    endloop
  endfacet
  facet normal -0.9987954562051721 -0.04906767432742536 0
    outer loop
      vertex 35.1 61.599999999999994 0.5900000000000034
      vertex 35.1 61.599999999999994 2.3999999999999986
      vertex 35.08988792601161 61.805835994692075 0.5900000000000034
    endloop
  endfacet
  facet normal -0.9891765099647797 -0.14673047445537024 0
    outer loop
      vertex 35.08988792601161 61.805835994692075 0.5900000000000034
      vertex 35.08988792601161 61.805835994692075 2.3999999999999986
      vertex 35.05964908884678 62.00968967623386 0.5900000000000034
    endloop
  endfacet
  facet normal -1 0 0
    outer loop
      vertex 35.1 58.2902872180808 1.5900000000000034
      vertex 35.1 61.599999999999994 0.5900000000000034
      vertex 35.1 58.2902872180808 0.5900000000000034
    endloop
  endfacet
  facet normal -0.04906767432742536 -0.9987954562051721 -5.7267728762070365e-19
    outer loop
      vertex 33 63.699999999999996 0.5900000000000034
      vertex 33.20583599469208 63.68988792601161 0.5900000000000034
      vertex 33.20583599469208 63.68988792601161 2.3999999999999986
    endloop
  endfacet
  facet normal -0.14673047445537024 -0.9891765099647797 8.847978356952351e-20
    outer loop
      vertex 33.20583599469208 63.68988792601161 0.5900000000000034
      vertex 33.40968967623387 63.65964908884678 0.5900000000000034
      vertex 33.40968967623387 63.65964908884678 2.3999999999999986
    endloop
  endfacet
  facet normal -0.24298017990326828 -0.9700312531945429 1.2038677886324648e-18
    outer loop
      vertex 33.40968967623387 63.65964908884678 0.5900000000000034
      vertex 33.60959782223437 63.60957470503763 0.5900000000000034
      vertex 33.60959782223437 63.60957470503763 2.3999999999999986
    endloop
  endfacet
  facet normal -0.3368898533921973 -0.941544065183029 3.181679050512853e-19
    outer loop
      vertex 33.60959782223437 63.60957470503763 0.5900000000000034
      vertex 33.803635207966686 63.5401470182737 0.5900000000000034
      vertex 33.803635207966686 63.5401470182737 2.3999999999999986
    endloop
  endfacet
  facet normal -0.4275550934302818 -0.9039892931234434 9.49232488137992e-19
    outer loop
      vertex 33.803635207966686 63.5401470182737 0.5900000000000034
      vertex 33.9899331473346 63.45203465513154 0.5900000000000034
      vertex 33.9899331473346 63.45203465513154 2.3999999999999986
    endloop
  endfacet
  facet normal -0.5141027441932225 -0.8577286100002716 3.0571680841991993e-18
    outer loop
      vertex 33.9899331473346 63.45203465513154 0.5900000000000034
      vertex 34.16669748934117 63.34608618583534 0.5900000000000034
      vertex 34.16669748934117 63.34608618583534 2.3999999999999986
    endloop
  endfacet
  facet normal 0 0 -1
    outer loop
      vertex 28.75 23.4 0.5900000000000034
      vertex 28.75 30.4 0.5900000000000034
      vertex 28.770464911643163 23.816572846400632 0.5900000000000034
    endloop
  endfacet
  facet normal 0 0 -1
    outer loop
      vertex 28.770464911643163 23.816572846400632 0.5900000000000034
      vertex 28.75 30.4 0.5900000000000034
      vertex 28.83166255828627 24.229133868568542 0.5900000000000034
    endloop
  endfacet
  facet normal 0 0 -1
    outer loop
      vertex 28.83166255828627 24.229133868568542 0.5900000000000034
      vertex 28.75 30.4 0.5900000000000034
      vertex 28.933003573138112 24.633709878331462 0.5900000000000034
    endloop
  endfacet
  facet normal 0.9891765099647817 0.14673047445535753 0
    outer loop
      vertex 28.83166255828627 22.570866131431455 0.5900000000000034
      vertex 28.83166255828627 22.570866131431455 0
      vertex 28.770464911643163 22.983427153599365 0.5900000000000034
    endloop
  endfacet
  facet normal 0.9891765099647817 0.14673047445535753 0
    outer loop
      vertex 28.770464911643163 22.983427153599365 0.5900000000000034
      vertex 28.83166255828627 22.570866131431455 0
      vertex 28.770464911643163 22.983427153599365 0
    endloop
  endfacet
  facet normal 1 0 0
    outer loop
      vertex 28.75 23.4 0.5900000000000034
      vertex 28.75 23.4 0
      vertex 28.75 30.4 0.5900000000000034
    endloop
  endfacet
  facet normal 1 0 0
    outer loop
      vertex 28.75 30.4 0.5900000000000034
      vertex 28.75 23.4 0
      vertex 28.75 30.4 0
    endloop
  endfacet
  facet normal 0 0 -1
    outer loop
      vertex 28.933003573138112 24.633709878331462 0.5900000000000034
      vertex 28.75 30.4 0.5900000000000034
      vertex 29.073511986827032 25.02640458755163 0.5900000000000034
    endloop
  endfacet
  facet normal 0 0 -1
    outer loop
      vertex 29.073511986827032 25.02640458755163 0.5900000000000034
      vertex 30.99042529496236 31.00959782223437 0.5900000000000034
      vertex 29.25183462651949 25.40343613151049 0.5900000000000034
    endloop
  endfacet
  facet normal 0 0 -1
    outer loop
      vertex 29.25183462651949 25.40343613151049 0.5900000000000034
      vertex 30.99042529496236 31.00959782223437 0.5900000000000034
      vertex 29.46625414771418 25.761173490333306 0.5900000000000034
    endloop
  endfacet
  facet normal 0 0 -1
    outer loop
      vertex 29.46625414771418 25.761173490333306 0.5900000000000034
      vertex 30.9 30.4 0.5900000000000034
      vertex 29.714705573208366 26.09617145769549 0.5900000000000034
    endloop
  endfacet
  facet normal 0 0 -1
    outer loop
      vertex 29.714705573208366 26.09617145769549 0.5900000000000034
      vertex 30.9 30.4 0.5900000000000034
      vertex 29.994796179957174 26.405203820042825 0.5900000000000034
    endloop
  endfacet
  facet normal 0 0 -1
    outer loop
      vertex 29.994796179957174 26.405203820042825 0.5900000000000034
      vertex 30.9 30.4 0.5900000000000034
      vertex 30.303828542304508 26.685294426791632 0.5900000000000034
    endloop
  endfacet
  facet normal 0 0 -1
    outer loop
      vertex 30.303828542304508 26.685294426791632 0.5900000000000034
      vertex 30.9 30.4 0.5900000000000034
      vertex 30.638826509666693 26.933745852285817 0.5900000000000034
    endloop
  endfacet
  facet normal 0 0 -1
    outer loop
      vertex 30.638826509666693 26.933745852285817 0.5900000000000034
      vertex 30.9 30.4 0.5900000000000034
      vertex 30.9 27.0902872180808 0.5900000000000034
    endloop
  endfacet
  facet normal 0 0 -1
    outer loop
      vertex 29.46625414771418 25.761173490333306 0.5900000000000034
      vertex 30.910112073988387 30.605835994692075 0.5900000000000034
      vertex 30.9 30.4 0.5900000000000034
    endloop
  endfacet
  facet normal 0 0 -1
    outer loop
      vertex 29.46625414771418 25.761173490333306 0.5900000000000034
      vertex 30.940350911153217 30.809689676233866 0.5900000000000034
      vertex 30.910112073988387 30.605835994692075 0.5900000000000034
    endloop
  endfacet
  facet normal 0 0 -1
    outer loop
      vertex 29.46625414771418 25.761173490333306 0.5900000000000034
      vertex 30.99042529496236 31.00959782223437 0.5900000000000034
      vertex 30.940350911153217 30.809689676233866 0.5900000000000034
    endloop
  endfacet
  facet normal 0.6715589548470292 0.7409511253549493 0
    outer loop
      vertex 30.303828542304508 20.114705573208365 0.5900000000000034
      vertex 30.303828542304508 20.114705573208365 0
      vertex 30.18987285868893 20.21798898444699 0
    endloop
  endfacet
  facet normal 0.5141027441932334 0.8577286100002651 0
    outer loop
      vertex 30.638826509666693 19.86625414771418 0.5900000000000034
      vertex 30.770742160732606 19.787186949273636 0
      vertex 30.638826509666693 19.86625414771418 0
    endloop
  endfacet
  facet normal 0 0 -1
    outer loop
      vertex 28.75 30.4 0.5900000000000034
      vertex 28.770464911643163 30.816572846400632 0.5900000000000034
      vertex 28.83166255828627 31.229133868568542 0.5900000000000034
    endloop
  endfacet
  facet normal 0 0 -1
    outer loop
      vertex 28.75 30.4 0.5900000000000034
      vertex 28.83166255828627 31.229133868568542 0.5900000000000034
      vertex 28.933003573138112 31.633709878331466 0.5900000000000034
    endloop
  endfacet
  facet normal 0.9987954562051724 -0.04906767432741787 0
    outer loop
      vertex 28.75 30.4 0.5900000000000034
      vertex 28.75 30.4 0
      vertex 28.770464911643163 30.816572846400632 0.5900000000000034
    endloop
  endfacet
  facet normal 0.9891765099647817 -0.14673047445535753 0
    outer loop
      vertex 28.770464911643163 30.816572846400632 0.5900000000000034
      vertex 28.770464911643163 30.816572846400632 0
      vertex 28.83166255828627 31.229133868568542 0.5900000000000034
    endloop
  endfacet
  facet normal 0.9700312531945433 -0.24298017990326679 0
    outer loop
      vertex 28.83166255828627 31.229133868568542 0.5900000000000034
      vertex 28.83166255828627 31.229133868568542 0
      vertex 28.933003573138112 31.633709878331466 0.5900000000000034
    endloop
  endfacet
  facet normal 0.9987954562051724 -0.04906767432741787 0
    outer loop
      vertex 28.770464911643163 30.816572846400632 0.5900000000000034
      vertex 28.75 30.4 0
      vertex 28.770464911643163 30.816572846400632 0
    endloop
  endfacet
  facet normal 0.9891765099647817 -0.14673047445535753 0
    outer loop
      vertex 28.83166255828627 31.229133868568542 0.5900000000000034
      vertex 28.770464911643163 30.816572846400632 0
      vertex 28.83166255828627 31.229133868568542 0
    endloop
  endfacet
  facet normal 0 0 -1
    outer loop
      vertex 29.073511986827032 25.02640458755163 0.5900000000000034
      vertex 28.75 30.4 0.5900000000000034
      vertex 30.303828542304508 33.68529442679163 0.5900000000000034
    endloop
  endfacet
  facet normal 0 0 -1
    outer loop
      vertex 28.75 30.4 0.5900000000000034
      vertex 28.933003573138112 31.633709878331466 0.5900000000000034
      vertex 29.25183462651949 32.40343613151049 0.5900000000000034
    endloop
  endfacet
  facet normal 0 0 -1
    outer loop
      vertex 29.073511986827032 25.02640458755163 0.5900000000000034
      vertex 30.303828542304508 33.68529442679163 0.5900000000000034
      vertex 30.99042529496236 31.00959782223437 0.5900000000000034
    endloop
  endfacet
  facet normal 0 0 -1
    outer loop
      vertex 28.933003573138112 31.633709878331466 0.5900000000000034
      vertex 29.073511986827032 32.02640458755163 0.5900000000000034
      vertex 29.25183462651949 32.40343613151049 0.5900000000000034
    endloop
  endfacet
  facet normal 0 0 -1
    outer loop
      vertex 28.75 30.4 0.5900000000000034
      vertex 29.25183462651949 32.40343613151049 0.5900000000000034
      vertex 30.303828542304508 33.68529442679163 0.5900000000000034
    endloop
  endfacet
  facet normal 0 0 -1
    outer loop
      vertex 29.25183462651949 32.40343613151049 0.5900000000000034
      vertex 29.46625414771418 32.761173490333306 0.5900000000000034
      vertex 29.714705573208366 33.09617145769549 0.5900000000000034
    endloop
  endfacet
  facet normal 0 0 -1
    outer loop
      vertex 29.25183462651949 32.40343613151049 0.5900000000000034
      vertex 29.714705573208366 33.09617145769549 0.5900000000000034
      vertex 30.303828542304508 33.68529442679163 0.5900000000000034
    endloop
  endfacet
  facet normal 0 0 -1
    outer loop
      vertex 30.99042529496236 31.00959782223437 0.5900000000000034
      vertex 30.303828542304508 33.68529442679163 0.5900000000000034
      vertex 31.059852981726298 31.203635207966688 0.5900000000000034
    endloop
  endfacet
  facet normal 0 0 -1
    outer loop
      vertex 31.059852981726298 31.203635207966688 0.5900000000000034
      vertex 30.303828542304508 33.68529442679163 0.5900000000000034
      vertex 31.147965344868453 31.389933147334595 0.5900000000000034
    endloop
  endfacet
  facet normal 0 0 -1
    outer loop
      vertex 31.147965344868453 31.389933147334595 0.5900000000000034
      vertex 30.303828542304508 33.68529442679163 0.5900000000000034
      vertex 31.253913814164655 31.566697489341163 0.5900000000000034
    endloop
  endfacet
  facet normal 0 0 -1
    outer loop
      vertex 29.714705573208366 33.09617145769549 0.5900000000000034
      vertex 29.994796179957174 33.40520382004283 0.5900000000000034
      vertex 30.303828542304508 33.68529442679163 0.5900000000000034
    endloop
  endfacet
  facet normal 0 0 -1
    outer loop
      vertex 30.303828542304508 33.68529442679163 0.5900000000000034
      vertex 30.638826509666693 33.93374585228582 0.5900000000000034
      vertex 30.99656386848951 34.14816537348051 0.5900000000000034
    endloop
  endfacet
  facet normal 0 0 -1
    outer loop
      vertex 30.303828542304508 33.68529442679163 0.5900000000000034
      vertex 30.99656386848951 34.14816537348051 0.5900000000000034
      vertex 31.373595412448367 34.32648801317296 0.5900000000000034
    endloop
  endfacet
  facet normal 0 0 -1
    outer loop
      vertex 31.253913814164655 31.566697489341163 0.5900000000000034
      vertex 30.303828542304508 33.68529442679163 0.5900000000000034
      vertex 31.376678047938253 31.732225896743653 0.5900000000000034
    endloop
  endfacet
  facet normal 0 0 -1
    outer loop
      vertex 31.376678047938253 31.732225896743653 0.5900000000000034
      vertex 30.303828542304508 33.68529442679163 0.5900000000000034
      vertex 31.51507575950825 31.88492424049175 0.5900000000000034
    endloop
  endfacet
  facet normal 0 0 -1
    outer loop
      vertex 31.51507575950825 31.88492424049175 0.5900000000000034
      vertex 30.303828542304508 33.68529442679163 0.5900000000000034
      vertex 31.667774103256345 32.02332195206175 0.5900000000000034
    endloop
  endfacet
  facet normal 0 0 -1
    outer loop
      vertex 31.667774103256345 32.02332195206175 0.5900000000000034
      vertex 30.303828542304508 33.68529442679163 0.5900000000000034
      vertex 31.833302510658836 32.146086185835344 0.5900000000000034
    endloop
  endfacet
  facet normal 0 0 -1
    outer loop
      vertex 31.833302510658836 32.146086185835344 0.5900000000000034
      vertex 30.303828542304508 33.68529442679163 0.5900000000000034
      vertex 32.0100668526654 32.252034655131546 0.5900000000000034
    endloop
  endfacet
  facet normal 0 0 -1
    outer loop
      vertex 32.0100668526654 32.252034655131546 0.5900000000000034
      vertex 30.303828542304508 33.68529442679163 0.5900000000000034
      vertex 32.196364792033314 32.3401470182737 0.5900000000000034
    endloop
  endfacet
  facet normal 0 0 -1
    outer loop
      vertex 32.196364792033314 32.3401470182737 0.5900000000000034
      vertex 30.303828542304508 33.68529442679163 0.5900000000000034
      vertex 32.39040217776563 32.40957470503764 0.5900000000000034
    endloop
  endfacet
  facet normal 0 0 -1
    outer loop
      vertex 32.39040217776563 32.40957470503764 0.5900000000000034
      vertex 30.303828542304508 33.68529442679163 0.5900000000000034
      vertex 32.59031032376613 32.45964908884678 0.5900000000000034
    endloop
  endfacet
  facet normal 0 0 -1
    outer loop
      vertex 30.303828542304508 33.68529442679163 0.5900000000000034
      vertex 32.79416400530792 32.48988792601161 0.5900000000000034
      vertex 32.59031032376613 32.45964908884678 0.5900000000000034
    endloop
  endfacet
  facet normal 0 0 -1
    outer loop
      vertex 30.303828542304508 33.68529442679163 0.5900000000000034
      vertex 35.00343613151049 34.14816537348051 0.5900000000000034
      vertex 32.79416400530792 32.48988792601161 0.5900000000000034
    endloop
  endfacet
  facet normal 0 0 -1
    outer loop
      vertex 30.303828542304508 33.68529442679163 0.5900000000000034
      vertex 31.373595412448367 34.32648801317296 0.5900000000000034
      vertex 32.58342715359937 34.62953508835683 0.5900000000000034
    endloop
  endfacet
  facet normal 0 0 -1
    outer loop
      vertex 31.373595412448367 34.32648801317296 0.5900000000000034
      vertex 31.766290121668536 34.46699642686188 0.5900000000000034
      vertex 32.58342715359937 34.62953508835683 0.5900000000000034
    endloop
  endfacet
  facet normal 0 0 -1
    outer loop
      vertex 31.766290121668536 34.46699642686188 0.5900000000000034
      vertex 32.17086613143145 34.56833744171373 0.5900000000000034
      vertex 32.58342715359937 34.62953508835683 0.5900000000000034
    endloop
  endfacet
  facet normal 0 0 -1
    outer loop
      vertex 30.303828542304508 33.68529442679163 0.5900000000000034
      vertex 32.58342715359937 34.62953508835683 0.5900000000000034
      vertex 35.00343613151049 34.14816537348051 0.5900000000000034
    endloop
  endfacet
  facet normal 0.9415440651830198 -0.33688985339222294 0
    outer loop
      vertex 28.933003573138112 31.633709878331466 0.5900000000000034
      vertex 28.933003573138112 31.633709878331466 0
      vertex 29.073511986827032 32.02640458755163 0.5900000000000034
    endloop
  endfacet
  facet normal 0.9039892931234454 -0.42755509343027753 0
    outer loop
      vertex 29.073511986827032 32.02640458755163 0.5900000000000034
      vertex 29.073511986827032 32.02640458755163 0
      vertex 29.25183462651949 32.40343613151049 0.5900000000000034
    endloop
  endfacet
  facet normal 0.85772861000027 -0.5141027441932253 0
    outer loop
      vertex 29.25183462651949 32.40343613151049 0.5900000000000034
      vertex 29.25183462651949 32.40343613151049 0
      vertex 29.46625414771418 32.761173490333306 0.5900000000000034
    endloop
  endfacet
  facet normal 0.8032075314806457 -0.5956993044924322 0
    outer loop
      vertex 29.46625414771418 32.761173490333306 0.5900000000000034
      vertex 29.46625414771418 32.761173490333306 0
      vertex 29.714705573208366 33.09617145769549 0.5900000000000034
    endloop
  endfacet
  facet normal 0.7409511253549614 -0.6715589548470157 0
    outer loop
      vertex 29.714705573208366 33.09617145769549 0.5900000000000034
      vertex 29.714705573208366 33.09617145769549 0
      vertex 29.994796179957174 33.40520382004283 0.5900000000000034
    endloop
  endfacet
  facet normal 0.6715589548470106 -0.7409511253549662 0
    outer loop
      vertex 29.994796179957174 33.40520382004283 0.5900000000000034
      vertex 29.994796179957174 33.40520382004283 0
      vertex 30.303828542304508 33.68529442679163 0.5900000000000034
    endloop
  endfacet
  facet normal 0.5956993044924378 -0.8032075314806416 0
    outer loop
      vertex 30.303828542304508 33.68529442679163 0.5900000000000034
      vertex 30.303828542304508 33.68529442679163 0
      vertex 30.638826509666693 33.93374585228582 0.5900000000000034
    endloop
  endfacet
  facet normal 0.5141027441932253 -0.85772861000027 0
    outer loop
      vertex 30.638826509666693 33.93374585228582 0.5900000000000034
      vertex 30.638826509666693 33.93374585228582 0
      vertex 30.99656386848951 34.14816537348051 0.5900000000000034
    endloop
  endfacet
  facet normal 0.9700312531945433 -0.24298017990326679 0
    outer loop
      vertex 28.933003573138112 31.633709878331466 0.5900000000000034
      vertex 28.83166255828627 31.229133868568542 0
      vertex 28.933003573138112 31.633709878331466 0
    endloop
  endfacet
  facet normal 0.9415440651830198 -0.33688985339222294 0
    outer loop
      vertex 29.073511986827032 32.02640458755163 0.5900000000000034
      vertex 28.933003573138112 31.633709878331466 0
      vertex 29.073511986827032 32.02640458755163 0
    endloop
  endfacet
  facet normal 0.9039892931234454 -0.42755509343027753 0
    outer loop
      vertex 29.25183462651949 32.40343613151049 0.5900000000000034
      vertex 29.073511986827032 32.02640458755163 0
      vertex 29.25183462651949 32.40343613151049 0
    endloop
  endfacet
  facet normal 0.85772861000027 -0.5141027441932253 0
    outer loop
      vertex 29.46625414771418 32.761173490333306 0.5900000000000034
      vertex 29.25183462651949 32.40343613151049 0
      vertex 29.46625414771418 32.761173490333306 0
    endloop
  endfacet
  facet normal 0.8032075314806457 -0.5956993044924322 0
    outer loop
      vertex 29.714705573208366 33.09617145769549 0.5900000000000034
      vertex 29.46625414771418 32.761173490333306 0
      vertex 29.714705573208366 33.09617145769549 0
    endloop
  endfacet
  facet normal 0.7409511253549614 -0.6715589548470157 0
    outer loop
      vertex 29.994796179957174 33.40520382004283 0.5900000000000034
      vertex 29.714705573208366 33.09617145769549 0
      vertex 29.994796179957174 33.40520382004283 0
    endloop
  endfacet
  facet normal 0.6715589548470106 -0.7409511253549662 0
    outer loop
      vertex 30.303828542304508 33.68529442679163 0.5900000000000034
      vertex 29.994796179957174 33.40520382004283 0
      vertex 30.303828542304508 33.68529442679163 0
    endloop
  endfacet
  facet normal 0.5956993044924378 -0.8032075314806416 0
    outer loop
      vertex 30.638826509666693 33.93374585228582 0.5900000000000034
      vertex 30.303828542304508 33.68529442679163 0
      vertex 30.638826509666693 33.93374585228582 0
    endloop
  endfacet
  facet normal 0.5141027441932253 -0.85772861000027 0
    outer loop
      vertex 30.99656386848951 34.14816537348051 0.5900000000000034
      vertex 30.638826509666693 33.93374585228582 0
      vertex 30.99656386848951 34.14816537348051 0
    endloop
  endfacet
  facet normal 0.42755509343027054 -0.9039892931234488 0
    outer loop
      vertex 30.99656386848951 34.14816537348051 0.5900000000000034
      vertex 30.99656386848951 34.14816537348051 0
      vertex 31.373595412448367 34.32648801317296 0.5900000000000034
    endloop
  endfacet
  facet normal 0.3368898533922202 -0.9415440651830207 0
    outer loop
      vertex 31.373595412448367 34.32648801317296 0.5900000000000034
      vertex 31.373595412448367 34.32648801317296 0
      vertex 31.766290121668536 34.46699642686188 0.5900000000000034
    endloop
  endfacet
  facet normal 0.2429801799032788 -0.9700312531945403 0
    outer loop
      vertex 31.766290121668536 34.46699642686188 0.5900000000000034
      vertex 31.766290121668536 34.46699642686188 0
      vertex 32.17086613143145 34.56833744171373 0.5900000000000034
    endloop
  endfacet
  facet normal 0.14673047445534795 -0.9891765099647829 0
    outer loop
      vertex 32.17086613143145 34.56833744171373 0.5900000000000034
      vertex 32.17086613143145 34.56833744171373 0
      vertex 32.58342715359937 34.62953508835683 0.5900000000000034
    endloop
  endfacet
  facet normal 0.04906767432742637 -0.9987954562051721 0
    outer loop
      vertex 32.58342715359937 34.62953508835683 0.5900000000000034
      vertex 32.58342715359937 34.62953508835683 0
      vertex 33 34.65 0.5900000000000034
    endloop
  endfacet
  facet normal 0.42755509343027054 -0.9039892931234488 0
    outer loop
      vertex 31.373595412448367 34.32648801317296 0.5900000000000034
      vertex 30.99656386848951 34.14816537348051 0
      vertex 31.373595412448367 34.32648801317296 0
    endloop
  endfacet
  facet normal 0.3368898533922202 -0.9415440651830207 0
    outer loop
      vertex 31.766290121668536 34.46699642686188 0.5900000000000034
      vertex 31.373595412448367 34.32648801317296 0
      vertex 31.766290121668536 34.46699642686188 0
    endloop
  endfacet
  facet normal 0.2429801799032788 -0.9700312531945403 0
    outer loop
      vertex 32.17086613143145 34.56833744171373 0.5900000000000034
      vertex 31.766290121668536 34.46699642686188 0
      vertex 32.17086613143145 34.56833744171373 0
    endloop
  endfacet
  facet normal 0.14673047445534795 -0.9891765099647829 0
    outer loop
      vertex 32.58342715359937 34.62953508835683 0.5900000000000034
      vertex 32.17086613143145 34.56833744171373 0
      vertex 32.58342715359937 34.62953508835683 0
    endloop
  endfacet
  facet normal 0.04906767432742637 -0.9987954562051721 0
    outer loop
      vertex 33 34.65 0.5900000000000034
      vertex 32.58342715359937 34.62953508835683 0
      vertex 33 34.65 0
    endloop
  endfacet
  facet normal 0 0 -1
    outer loop
      vertex 36.92648801317297 25.02640458755163 0.5900000000000034
      vertex 37.25 30.4 0.5900000000000034
      vertex 37.06699642686189 24.633709878331462 0.5900000000000034
    endloop
  endfacet
  facet normal 0 0 -1
    outer loop
      vertex 35.1 27.0902872180808 0.5900000000000034
      vertex 37.25 30.4 0.5900000000000034
      vertex 35.36117349033331 26.933745852285817 0.5900000000000034
    endloop
  endfacet
  facet normal 0 0 -1
    outer loop
      vertex 35.36117349033331 26.933745852285817 0.5900000000000034
      vertex 37.25 30.4 0.5900000000000034
      vertex 35.69617145769549 26.685294426791632 0.5900000000000034
    endloop
  endfacet
  facet normal 0 0 -1
    outer loop
      vertex 35.69617145769549 26.685294426791632 0.5900000000000034
      vertex 37.25 30.4 0.5900000000000034
      vertex 36.00520382004283 26.405203820042825 0.5900000000000034
    endloop
  endfacet
  facet normal 0 0 -1
    outer loop
      vertex 36.28529442679163 26.09617145769549 0.5900000000000034
      vertex 36.00520382004283 26.405203820042825 0.5900000000000034
      vertex 37.25 30.4 0.5900000000000034
    endloop
  endfacet
  facet normal 0 0 -1
    outer loop
      vertex 36.28529442679163 26.09617145769549 0.5900000000000034
      vertex 37.25 30.4 0.5900000000000034
      vertex 36.53374585228582 25.761173490333306 0.5900000000000034
    endloop
  endfacet
  facet normal 0 0 -1
    outer loop
      vertex 36.53374585228582 25.761173490333306 0.5900000000000034
      vertex 37.25 30.4 0.5900000000000034
      vertex 36.74816537348051 25.40343613151049 0.5900000000000034
    endloop
  endfacet
  facet normal 0 0 -1
    outer loop
      vertex 36.92648801317297 25.02640458755163 0.5900000000000034
      vertex 36.74816537348051 25.40343613151049 0.5900000000000034
      vertex 37.25 30.4 0.5900000000000034
    endloop
  endfacet
  facet normal -0.6715589548470157 0.7409511253549614 -7.901743334809343e-18
    outer loop
      vertex 35.69617145769549 20.114705573208365 0.5900000000000034
      vertex 36.00520382004283 20.394796179957172 0.5900000000000034
      vertex 36.00520382004283 20.394796179957172 0
    endloop
  endfacet
  facet normal -0.6715589548470157 0.7409511253549614 0
    outer loop
      vertex 35.69617145769549 20.114705573208365 0.5900000000000034
      vertex 36.00520382004283 20.394796179957172 0
      vertex 35.69617145769549 20.114705573208365 0
    endloop
  endfacet
  facet normal 0 0 -1
    outer loop
      vertex 37.25 23.4 0.5900000000000034
      vertex 37.22953508835684 23.816572846400632 0.5900000000000034
      vertex 37.25 30.4 0.5900000000000034
    endloop
  endfacet
  facet normal 0 0 -1
    outer loop
      vertex 37.22953508835684 23.816572846400632 0.5900000000000034
      vertex 37.16833744171373 24.229133868568542 0.5900000000000034
      vertex 37.25 30.4 0.5900000000000034
    endloop
  endfacet
  facet normal 0 0 -1
    outer loop
      vertex 37.06699642686189 24.633709878331462 0.5900000000000034
      vertex 37.25 30.4 0.5900000000000034
      vertex 37.16833744171373 24.229133868568542 0.5900000000000034
    endloop
  endfacet
  facet normal -0.9891765099647805 0.14673047445536586 4.737956098590125e-18
    outer loop
      vertex 37.16833744171373 22.570866131431455 0.5900000000000034
      vertex 37.22953508835684 22.983427153599365 0.5900000000000034
      vertex 37.22953508835684 22.983427153599365 0
    endloop
  endfacet
  facet normal -0.9891765099647805 0.14673047445536586 0
    outer loop
      vertex 37.16833744171373 22.570866131431455 0.5900000000000034
      vertex 37.22953508835684 22.983427153599365 0
      vertex 37.16833744171373 22.570866131431455 0
    endloop
  endfacet
  facet normal -1 0 0
    outer loop
      vertex 37.25 23.4 0.5900000000000034
      vertex 37.25 30.4 0.5900000000000034
      vertex 37.25 30.4 0
    endloop
  endfacet
  facet normal -1 0 0
    outer loop
      vertex 37.25 23.4 0.5900000000000034
      vertex 37.25 30.4 0
      vertex 37.25 23.4 0
    endloop
  endfacet
  facet normal 0 0 -1
    outer loop
      vertex 32.79416400530792 32.48988792601161 0.5900000000000034
      vertex 35.00343613151049 34.14816537348051 0.5900000000000034
      vertex 33 32.5 0.5900000000000034
    endloop
  endfacet
  facet normal 0 0 -1
    outer loop
      vertex 33 32.5 0.5900000000000034
      vertex 35.00343613151049 34.14816537348051 0.5900000000000034
      vertex 33.20583599469208 32.48988792601161 0.5900000000000034
    endloop
  endfacet
  facet normal 0 0 -1
    outer loop
      vertex 33.20583599469208 32.48988792601161 0.5900000000000034
      vertex 35.00343613151049 34.14816537348051 0.5900000000000034
      vertex 33.40968967623387 32.45964908884678 0.5900000000000034
    endloop
  endfacet
  facet normal 0 0 -1
    outer loop
      vertex 33.60959782223437 32.40957470503764 0.5900000000000034
      vertex 33.40968967623387 32.45964908884678 0.5900000000000034
      vertex 35.00343613151049 34.14816537348051 0.5900000000000034
    endloop
  endfacet
  facet normal 0 0 -1
    outer loop
      vertex 33.9899331473346 32.252034655131546 0.5900000000000034
      vertex 35.00343613151049 34.14816537348051 0.5900000000000034
      vertex 34.16669748934117 32.146086185835344 0.5900000000000034
    endloop
  endfacet
  facet normal 0 0 -1
    outer loop
      vertex 34.16669748934117 32.146086185835344 0.5900000000000034
      vertex 35.00343613151049 34.14816537348051 0.5900000000000034
      vertex 34.33222589674366 32.02332195206175 0.5900000000000034
    endloop
  endfacet
  facet normal 0 0 -1
    outer loop
      vertex 34.48492424049175 31.88492424049175 0.5900000000000034
      vertex 35.00343613151049 34.14816537348051 0.5900000000000034
      vertex 34.62332195206175 31.732225896743653 0.5900000000000034
    endloop
  endfacet
  facet normal 0 0 -1
    outer loop
      vertex 34.33222589674366 32.02332195206175 0.5900000000000034
      vertex 35.00343613151049 34.14816537348051 0.5900000000000034
      vertex 34.48492424049175 31.88492424049175 0.5900000000000034
    endloop
  endfacet
  facet normal 0 0 -1
    outer loop
      vertex 33.60959782223437 32.40957470503764 0.5900000000000034
      vertex 35.00343613151049 34.14816537348051 0.5900000000000034
      vertex 33.803635207966686 32.3401470182737 0.5900000000000034
    endloop
  endfacet
  facet normal 0 0 -1
    outer loop
      vertex 33.803635207966686 32.3401470182737 0.5900000000000034
      vertex 35.00343613151049 34.14816537348051 0.5900000000000034
      vertex 33.9899331473346 32.252034655131546 0.5900000000000034
    endloop
  endfacet
  facet normal 0 0 -1
    outer loop
      vertex 35.1 27.0902872180808 0.5900000000000034
      vertex 35.1 30.4 0.5900000000000034
      vertex 37.25 30.4 0.5900000000000034
    endloop
  endfacet
  facet normal 0 0 -1
    outer loop
      vertex 35.1 30.4 0.5900000000000034
      vertex 35.08988792601161 30.605835994692075 0.5900000000000034
      vertex 37.25 30.4 0.5900000000000034
    endloop
  endfacet
  facet normal 0 0 -1
    outer loop
      vertex 34.62332195206175 31.732225896743653 0.5900000000000034
      vertex 37.25 30.4 0.5900000000000034
      vertex 34.746086185835345 31.566697489341163 0.5900000000000034
    endloop
  endfacet
  facet normal 0 0 -1
    outer loop
      vertex 35.05964908884678 30.809689676233866 0.5900000000000034
      vertex 37.25 30.4 0.5900000000000034
      vertex 35.08988792601161 30.605835994692075 0.5900000000000034
    endloop
  endfacet
  facet normal 0 0 -1
    outer loop
      vertex 35.05964908884678 30.809689676233866 0.5900000000000034
      vertex 35.009574705037636 31.00959782223437 0.5900000000000034
      vertex 37.25 30.4 0.5900000000000034
    endloop
  endfacet
  facet normal 0 0 -1
    outer loop
      vertex 34.940147018273706 31.203635207966688 0.5900000000000034
      vertex 34.85203465513155 31.389933147334595 0.5900000000000034
      vertex 37.25 30.4 0.5900000000000034
    endloop
  endfacet
  facet normal 0 0 -1
    outer loop
      vertex 35.009574705037636 31.00959782223437 0.5900000000000034
      vertex 34.940147018273706 31.203635207966688 0.5900000000000034
      vertex 37.25 30.4 0.5900000000000034
    endloop
  endfacet
  facet normal 0 0 -1
    outer loop
      vertex 34.746086185835345 31.566697489341163 0.5900000000000034
      vertex 37.25 30.4 0.5900000000000034
      vertex 34.85203465513155 31.389933147334595 0.5900000000000034
    endloop
  endfacet
  facet normal 0 0 -1
    outer loop
      vertex 36.74816537348051 32.40343613151049 0.5900000000000034
      vertex 37.06699642686189 31.633709878331466 0.5900000000000034
      vertex 37.25 30.4 0.5900000000000034
    endloop
  endfacet
  facet normal 0 0 -1
    outer loop
      vertex 34.62332195206175 31.732225896743653 0.5900000000000034
      vertex 35.00343613151049 34.14816537348051 0.5900000000000034
      vertex 37.25 30.4 0.5900000000000034
    endloop
  endfacet
  facet normal 0 0 -1
    outer loop
      vertex 35.00343613151049 34.14816537348051 0.5900000000000034
      vertex 35.69617145769549 33.68529442679163 0.5900000000000034
      vertex 36.00520382004283 33.40520382004283 0.5900000000000034
    endloop
  endfacet
  facet normal 0 0 -1
    outer loop
      vertex 35.00343613151049 34.14816537348051 0.5900000000000034
      vertex 35.36117349033331 33.93374585228582 0.5900000000000034
      vertex 35.69617145769549 33.68529442679163 0.5900000000000034
    endloop
  endfacet
  facet normal 0 0 -1
    outer loop
      vertex 36.74816537348051 32.40343613151049 0.5900000000000034
      vertex 35.00343613151049 34.14816537348051 0.5900000000000034
      vertex 36.00520382004283 33.40520382004283 0.5900000000000034
    endloop
  endfacet
  facet normal 0 0 -1
    outer loop
      vertex 36.74816537348051 32.40343613151049 0.5900000000000034
      vertex 37.25 30.4 0.5900000000000034
      vertex 35.00343613151049 34.14816537348051 0.5900000000000034
    endloop
  endfacet
  facet normal 0 0 -1
    outer loop
      vertex 36.74816537348051 32.40343613151049 0.5900000000000034
      vertex 36.28529442679163 33.09617145769549 0.5900000000000034
      vertex 36.53374585228582 32.761173490333306 0.5900000000000034
    endloop
  endfacet
  facet normal 0 0 -1
    outer loop
      vertex 36.74816537348051 32.40343613151049 0.5900000000000034
      vertex 36.92648801317297 32.02640458755163 0.5900000000000034
      vertex 37.06699642686189 31.633709878331466 0.5900000000000034
    endloop
  endfacet
  facet normal 0 0 -1
    outer loop
      vertex 36.74816537348051 32.40343613151049 0.5900000000000034
      vertex 36.00520382004283 33.40520382004283 0.5900000000000034
      vertex 36.28529442679163 33.09617145769549 0.5900000000000034
    endloop
  endfacet
  facet normal 0 0 -1
    outer loop
      vertex 32.58342715359937 34.62953508835683 0.5900000000000034
      vertex 33 34.65 0.5900000000000034
      vertex 33.41657284640063 34.62953508835683 0.5900000000000034
    endloop
  endfacet
  facet normal 0 0 -1
    outer loop
      vertex 32.58342715359937 34.62953508835683 0.5900000000000034
      vertex 33.41657284640063 34.62953508835683 0.5900000000000034
      vertex 33.82913386856855 34.56833744171373 0.5900000000000034
    endloop
  endfacet
  facet normal 0 0 -1
    outer loop
      vertex 32.58342715359937 34.62953508835683 0.5900000000000034
      vertex 33.82913386856855 34.56833744171373 0.5900000000000034
      vertex 35.00343613151049 34.14816537348051 0.5900000000000034
    endloop
  endfacet
  facet normal 0 0 -1
    outer loop
      vertex 34.23370987833147 34.46699642686188 0.5900000000000034
      vertex 35.00343613151049 34.14816537348051 0.5900000000000034
      vertex 33.82913386856855 34.56833744171373 0.5900000000000034
    endloop
  endfacet
  facet normal 0 0 -1
    outer loop
      vertex 34.23370987833147 34.46699642686188 0.5900000000000034
      vertex 34.62640458755163 34.32648801317296 0.5900000000000034
      vertex 35.00343613151049 34.14816537348051 0.5900000000000034
    endloop
  endfacet
  facet normal -0.9700312531945453 -0.24298017990325876 0
    outer loop
      vertex 37.06699642686189 31.633709878331466 0.5900000000000034
      vertex 37.06699642686189 31.633709878331466 0
      vertex 37.16833744171373 31.229133868568542 0.5900000000000034
    endloop
  endfacet
  facet normal -0.5141027441932253 -0.85772861000027 0
    outer loop
      vertex 35.00343613151049 34.14816537348051 0.5900000000000034
      vertex 35.00343613151049 34.14816537348051 0
      vertex 35.36117349033331 33.93374585228582 0.5900000000000034
    endloop
  endfacet
  facet normal -0.5956993044924378 -0.8032075314806416 0
    outer loop
      vertex 35.36117349033331 33.93374585228582 0.5900000000000034
      vertex 35.36117349033331 33.93374585228582 0
      vertex 35.69617145769549 33.68529442679163 0.5900000000000034
    endloop
  endfacet
  facet normal -0.6715589548470063 -0.74095112535497 2.0566727339417214e-17
    outer loop
      vertex 36.00520382004283 33.40520382004283 0.5900000000000034
      vertex 35.69617145769549 33.68529442679163 0.5900000000000034
      vertex 35.69617145769549 33.68529442679163 0
    endloop
  endfacet
  facet normal -0.85772861000027 -0.5141027441932253 -1.0568083156646448e-17
    outer loop
      vertex 36.74816537348051 32.40343613151049 0.5900000000000034
      vertex 36.53374585228582 32.761173490333306 0.5900000000000034
      vertex 36.53374585228582 32.761173490333306 0
    endloop
  endfacet
  facet normal -0.9039892931234422 -0.42755509343028447 0
    outer loop
      vertex 36.74816537348051 32.40343613151049 0.5900000000000034
      vertex 36.74816537348051 32.40343613151049 0
      vertex 36.92648801317297 32.02640458755163 0.5900000000000034
    endloop
  endfacet
  facet normal -0.9415440651830198 -0.33688985339222294 -1.234814477468214e-17
    outer loop
      vertex 37.06699642686189 31.633709878331466 0.5900000000000034
      vertex 36.92648801317297 32.02640458755163 0.5900000000000034
      vertex 36.92648801317297 32.02640458755163 0
    endloop
  endfacet
  facet normal -0.74095112535497 -0.6715589548470063 0
    outer loop
      vertex 36.00520382004283 33.40520382004283 0.5900000000000034
      vertex 36.00520382004283 33.40520382004283 0
      vertex 36.28529442679163 33.09617145769549 0.5900000000000034
    endloop
  endfacet
  facet normal -0.8032075314806416 -0.5956993044924378 0
    outer loop
      vertex 36.28529442679163 33.09617145769549 0.5900000000000034
      vertex 36.28529442679163 33.09617145769549 0
      vertex 36.53374585228582 32.761173490333306 0.5900000000000034
    endloop
  endfacet
  facet normal -0.5141027441932253 -0.85772861000027 0
    outer loop
      vertex 35.36117349033331 33.93374585228582 0.5900000000000034
      vertex 35.00343613151049 34.14816537348051 0
      vertex 35.36117349033331 33.93374585228582 0
    endloop
  endfacet
  facet normal -0.6715589548470063 -0.74095112535497 0
    outer loop
      vertex 36.00520382004283 33.40520382004283 0.5900000000000034
      vertex 35.69617145769549 33.68529442679163 0
      vertex 36.00520382004283 33.40520382004283 0
    endloop
  endfacet
  facet normal -0.5956993044924378 -0.8032075314806416 0
    outer loop
      vertex 35.69617145769549 33.68529442679163 0.5900000000000034
      vertex 35.36117349033331 33.93374585228582 0
      vertex 35.69617145769549 33.68529442679163 0
    endloop
  endfacet
  facet normal -0.8032075314806416 -0.5956993044924378 0
    outer loop
      vertex 36.53374585228582 32.761173490333306 0.5900000000000034
      vertex 36.28529442679163 33.09617145769549 0
      vertex 36.53374585228582 32.761173490333306 0
    endloop
  endfacet
  facet normal -0.9039892931234422 -0.42755509343028447 0
    outer loop
      vertex 36.92648801317297 32.02640458755163 0.5900000000000034
      vertex 36.74816537348051 32.40343613151049 0
      vertex 36.92648801317297 32.02640458755163 0
    endloop
  endfacet
  facet normal -0.9415440651830198 -0.33688985339222294 0
    outer loop
      vertex 37.06699642686189 31.633709878331466 0.5900000000000034
      vertex 36.92648801317297 32.02640458755163 0
      vertex 37.06699642686189 31.633709878331466 0
    endloop
  endfacet
  facet normal -0.85772861000027 -0.5141027441932253 0
    outer loop
      vertex 36.74816537348051 32.40343613151049 0.5900000000000034
      vertex 36.53374585228582 32.761173490333306 0
      vertex 36.74816537348051 32.40343613151049 0
    endloop
  endfacet
  facet normal -0.74095112535497 -0.6715589548470063 0
    outer loop
      vertex 36.28529442679163 33.09617145769549 0.5900000000000034
      vertex 36.00520382004283 33.40520382004283 0
      vertex 36.28529442679163 33.09617145769549 0
    endloop
  endfacet
  facet normal -0.04906767432742637 -0.9987954562051721 0
    outer loop
      vertex 33 34.65 0.5900000000000034
      vertex 33 34.65 0
      vertex 33.41657284640063 34.62953508835683 0.5900000000000034
    endloop
  endfacet
  facet normal -0.14673047445534795 -0.9891765099647829 0
    outer loop
      vertex 33.41657284640063 34.62953508835683 0.5900000000000034
      vertex 33.41657284640063 34.62953508835683 0
      vertex 33.82913386856855 34.56833744171373 0.5900000000000034
    endloop
  endfacet
  facet normal -0.24298017990327678 -0.9700312531945408 5.447799394825108e-18
    outer loop
      vertex 34.23370987833147 34.46699642686188 0.5900000000000034
      vertex 33.82913386856855 34.56833744171373 0.5900000000000034
      vertex 33.82913386856855 34.56833744171373 0
    endloop
  endfacet
  facet normal -0.33688985339222294 -0.9415440651830198 0
    outer loop
      vertex 34.23370987833147 34.46699642686188 0.5900000000000034
      vertex 34.23370987833147 34.46699642686188 0
      vertex 34.62640458755163 34.32648801317296 0.5900000000000034
    endloop
  endfacet
  facet normal -0.42755509343027054 -0.9039892931234488 0
    outer loop
      vertex 34.62640458755163 34.32648801317296 0.5900000000000034
      vertex 34.62640458755163 34.32648801317296 0
      vertex 35.00343613151049 34.14816537348051 0.5900000000000034
    endloop
  endfacet
  facet normal -0.04906767432742637 -0.9987954562051721 0
    outer loop
      vertex 33.41657284640063 34.62953508835683 0.5900000000000034
      vertex 33 34.65 0
      vertex 33.41657284640063 34.62953508835683 0
    endloop
  endfacet
  facet normal -0.14673047445534795 -0.9891765099647829 0
    outer loop
      vertex 33.82913386856855 34.56833744171373 0.5900000000000034
      vertex 33.41657284640063 34.62953508835683 0
      vertex 33.82913386856855 34.56833744171373 0
    endloop
  endfacet
  facet normal -0.24298017990327678 -0.9700312531945408 0
    outer loop
      vertex 34.23370987833147 34.46699642686188 0.5900000000000034
      vertex 33.82913386856855 34.56833744171373 0
      vertex 34.23370987833147 34.46699642686188 0
    endloop
  endfacet
  facet normal -0.33688985339222294 -0.9415440651830198 0
    outer loop
      vertex 34.62640458755163 34.32648801317296 0.5900000000000034
      vertex 34.23370987833147 34.46699642686188 0
      vertex 34.62640458755163 34.32648801317296 0
    endloop
  endfacet
  facet normal -0.42755509343027054 -0.9039892931234488 0
    outer loop
      vertex 35.00343613151049 34.14816537348051 0.5900000000000034
      vertex 34.62640458755163 34.32648801317296 0
      vertex 35.00343613151049 34.14816537348051 0
    endloop
  endfacet
  facet normal 0 0 -1
    outer loop
      vertex 37.25 30.4 0.5900000000000034
      vertex 37.16833744171373 31.229133868568542 0.5900000000000034
      vertex 37.22953508835684 30.816572846400632 0.5900000000000034
    endloop
  endfacet
  facet normal 0 0 -1
    outer loop
      vertex 37.06699642686189 31.633709878331466 0.5900000000000034
      vertex 37.16833744171373 31.229133868568542 0.5900000000000034
      vertex 37.25 30.4 0.5900000000000034
    endloop
  endfacet
  facet normal -0.9987954562051728 -0.04906767432740937 3.5328798947627656e-19
    outer loop
      vertex 37.25 30.4 0.5900000000000034
      vertex 37.22953508835684 30.816572846400632 0.5900000000000034
      vertex 37.22953508835684 30.816572846400632 0
    endloop
  endfacet
  facet normal -0.9891765099647805 -0.14673047445536586 -4.737956098590125e-18
    outer loop
      vertex 37.22953508835684 30.816572846400632 0.5900000000000034
      vertex 37.16833744171373 31.229133868568542 0.5900000000000034
      vertex 37.16833744171373 31.229133868568542 0
    endloop
  endfacet
  facet normal -0.9987954562051728 -0.04906767432740937 0
    outer loop
      vertex 37.25 30.4 0.5900000000000034
      vertex 37.22953508835684 30.816572846400632 0
      vertex 37.25 30.4 0
    endloop
  endfacet
  facet normal -0.9891765099647805 -0.14673047445536586 0
    outer loop
      vertex 37.22953508835684 30.816572846400632 0.5900000000000034
      vertex 37.16833744171373 31.229133868568542 0
      vertex 37.22953508835684 30.816572846400632 0
    endloop
  endfacet
  facet normal -0.9700312531945453 -0.24298017990325876 0
    outer loop
      vertex 37.16833744171373 31.229133868568542 0.5900000000000034
      vertex 37.06699642686189 31.633709878331466 0
      vertex 37.16833744171373 31.229133868568542 0
    endloop
  endfacet
  facet normal 0 0 -1
    outer loop
      vertex 28.75 54.599999999999994 0.5900000000000034
      vertex 28.75 61.599999999999994 0.5900000000000034
      vertex 28.770464911643163 55.01657284640063 0.5900000000000034
    endloop
  endfacet
  facet normal 0 0 -1
    outer loop
      vertex 28.770464911643163 55.01657284640063 0.5900000000000034
      vertex 28.75 61.599999999999994 0.5900000000000034
      vertex 28.83166255828627 55.42913386856854 0.5900000000000034
    endloop
  endfacet
  facet normal 0 0 -1
    outer loop
      vertex 28.83166255828627 55.42913386856854 0.5900000000000034
      vertex 28.75 61.599999999999994 0.5900000000000034
      vertex 28.933003573138112 55.83370987833146 0.5900000000000034
    endloop
  endfacet
  facet normal 0.9891765099647818 0.1467304744553563 0
    outer loop
      vertex 28.83166255828627 53.77086613143145 0.5900000000000034
      vertex 28.83166255828627 53.77086613143145 0
      vertex 28.770464911643163 54.18342715359936 0.5900000000000034
    endloop
  endfacet
  facet normal 1 0 0
    outer loop
      vertex 28.75 54.599999999999994 0.5900000000000034
      vertex 28.75 54.599999999999994 0
      vertex 28.75 61.599999999999994 0.5900000000000034
    endloop
  endfacet
  facet normal 0.9891765099647818 0.1467304744553563 0
    outer loop
      vertex 28.770464911643163 54.18342715359936 0.5900000000000034
      vertex 28.83166255828627 53.77086613143145 0
      vertex 28.770464911643163 54.18342715359936 0
    endloop
  endfacet
  facet normal 0 0 -1
    outer loop
      vertex 28.933003573138112 55.83370987833146 0.5900000000000034
      vertex 28.75 61.599999999999994 0.5900000000000034
      vertex 29.073511986827032 56.22640458755163 0.5900000000000034
    endloop
  endfacet
  facet normal 0 0 -1
    outer loop
      vertex 29.073511986827032 56.22640458755163 0.5900000000000034
      vertex 30.99042529496236 62.209597822234365 0.5900000000000034
      vertex 29.25183462651949 56.603436131510485 0.5900000000000034
    endloop
  endfacet
  facet normal 0.5141027441932164 0.8577286100002752 0
    outer loop
      vertex 30.638826509666693 51.066254147714176 0.5900000000000034
      vertex 30.770742160732606 50.987186949273635 0
      vertex 30.638826509666693 51.066254147714176 0
    endloop
  endfacet
  facet normal 0.6715589548470166 0.7409511253549608 0
    outer loop
      vertex 30.303828542304508 51.314705573208364 0.5900000000000034
      vertex 30.303828542304508 51.314705573208364 0
      vertex 30.18987285868893 51.417988984446986 0
    endloop
  endfacet
  facet normal 0 0 -1
    outer loop
      vertex 28.75 61.599999999999994 0.5900000000000034
      vertex 28.770464911643163 62.01657284640063 0.5900000000000034
      vertex 28.83166255828627 62.42913386856854 0.5900000000000034
    endloop
  endfacet
  facet normal 0 0 -1
    outer loop
      vertex 28.75 61.599999999999994 0.5900000000000034
      vertex 28.83166255828627 62.42913386856854 0.5900000000000034
      vertex 28.933003573138112 62.83370987833146 0.5900000000000034
    endloop
  endfacet
  facet normal 0.9987954562051724 -0.04906767432741787 0
    outer loop
      vertex 28.75 61.599999999999994 0.5900000000000034
      vertex 28.75 61.599999999999994 0
      vertex 28.770464911643163 62.01657284640063 0.5900000000000034
    endloop
  endfacet
  facet normal 0.9891765099647818 -0.1467304744553563 0
    outer loop
      vertex 28.770464911643163 62.01657284640063 0.5900000000000034
      vertex 28.770464911643163 62.01657284640063 0
      vertex 28.83166255828627 62.42913386856854 0.5900000000000034
    endloop
  endfacet
  facet normal 0.9700312531945428 -0.24298017990326876 0
    outer loop
      vertex 28.83166255828627 62.42913386856854 0.5900000000000034
      vertex 28.83166255828627 62.42913386856854 0
      vertex 28.933003573138112 62.83370987833146 0.5900000000000034
    endloop
  endfacet
  facet normal 1 0 0
    outer loop
      vertex 28.75 61.599999999999994 0.5900000000000034
      vertex 28.75 54.599999999999994 0
      vertex 28.75 61.599999999999994 0
    endloop
  endfacet
  facet normal 0.9987954562051724 -0.04906767432741787 0
    outer loop
      vertex 28.770464911643163 62.01657284640063 0.5900000000000034
      vertex 28.75 61.599999999999994 0
      vertex 28.770464911643163 62.01657284640063 0
    endloop
  endfacet
  facet normal 0.9891765099647818 -0.1467304744553563 0
    outer loop
      vertex 28.83166255828627 62.42913386856854 0.5900000000000034
      vertex 28.770464911643163 62.01657284640063 0
      vertex 28.83166255828627 62.42913386856854 0
    endloop
  endfacet
  facet normal 0 0 -1
    outer loop
      vertex 29.25183462651949 56.603436131510485 0.5900000000000034
      vertex 30.99042529496236 62.209597822234365 0.5900000000000034
      vertex 29.46625414771418 56.9611734903333 0.5900000000000034
    endloop
  endfacet
  facet normal 0 0 -1
    outer loop
      vertex 29.073511986827032 56.22640458755163 0.5900000000000034
      vertex 28.75 61.599999999999994 0.5900000000000034
      vertex 30.303828542304508 64.88529442679163 0.5900000000000034
    endloop
  endfacet
  facet normal 0 0 -1
    outer loop
      vertex 29.46625414771418 56.9611734903333 0.5900000000000034
      vertex 30.9 61.599999999999994 0.5900000000000034
      vertex 29.714705573208366 57.296171457695486 0.5900000000000034
    endloop
  endfacet
  facet normal 0 0 -1
    outer loop
      vertex 29.714705573208366 57.296171457695486 0.5900000000000034
      vertex 30.9 61.599999999999994 0.5900000000000034
      vertex 29.994796179957174 57.605203820042824 0.5900000000000034
    endloop
  endfacet
  facet normal 0 0 -1
    outer loop
      vertex 29.994796179957174 57.605203820042824 0.5900000000000034
      vertex 30.9 61.599999999999994 0.5900000000000034
      vertex 30.303828542304508 57.885294426791624 0.5900000000000034
    endloop
  endfacet
  facet normal 0 0 -1
    outer loop
      vertex 30.303828542304508 57.885294426791624 0.5900000000000034
      vertex 30.9 61.599999999999994 0.5900000000000034
      vertex 30.638826509666693 58.13374585228581 0.5900000000000034
    endloop
  endfacet
  facet normal 0 0 -1
    outer loop
      vertex 30.638826509666693 58.13374585228581 0.5900000000000034
      vertex 30.9 61.599999999999994 0.5900000000000034
      vertex 30.9 58.2902872180808 0.5900000000000034
    endloop
  endfacet
  facet normal 0 0 -1
    outer loop
      vertex 29.46625414771418 56.9611734903333 0.5900000000000034
      vertex 30.910112073988387 61.805835994692075 0.5900000000000034
      vertex 30.9 61.599999999999994 0.5900000000000034
    endloop
  endfacet
  facet normal 0 0 -1
    outer loop
      vertex 29.46625414771418 56.9611734903333 0.5900000000000034
      vertex 30.940350911153217 62.00968967623386 0.5900000000000034
      vertex 30.910112073988387 61.805835994692075 0.5900000000000034
    endloop
  endfacet
  facet normal 0 0 -1
    outer loop
      vertex 29.46625414771418 56.9611734903333 0.5900000000000034
      vertex 30.99042529496236 62.209597822234365 0.5900000000000034
      vertex 30.940350911153217 62.00968967623386 0.5900000000000034
    endloop
  endfacet
  facet normal 0 0 -1
    outer loop
      vertex 28.75 61.599999999999994 0.5900000000000034
      vertex 28.933003573138112 62.83370987833146 0.5900000000000034
      vertex 29.25183462651949 63.603436131510485 0.5900000000000034
    endloop
  endfacet
  facet normal 0 0 -1
    outer loop
      vertex 28.933003573138112 62.83370987833146 0.5900000000000034
      vertex 29.073511986827032 63.22640458755163 0.5900000000000034
      vertex 29.25183462651949 63.603436131510485 0.5900000000000034
    endloop
  endfacet
  facet normal 0 0 -1
    outer loop
      vertex 28.75 61.599999999999994 0.5900000000000034
      vertex 29.25183462651949 63.603436131510485 0.5900000000000034
      vertex 30.303828542304508 64.88529442679163 0.5900000000000034
    endloop
  endfacet
  facet normal 0 0 -1
    outer loop
      vertex 29.073511986827032 56.22640458755163 0.5900000000000034
      vertex 30.303828542304508 64.88529442679163 0.5900000000000034
      vertex 30.99042529496236 62.209597822234365 0.5900000000000034
    endloop
  endfacet
  facet normal 0 0 -1
    outer loop
      vertex 30.303828542304508 64.88529442679163 0.5900000000000034
      vertex 31.059852981726298 62.40363520796668 0.5900000000000034
      vertex 30.99042529496236 62.209597822234365 0.5900000000000034
    endloop
  endfacet
  facet normal 0 0 -1
    outer loop
      vertex 30.303828542304508 64.88529442679163 0.5900000000000034
      vertex 31.147965344868453 62.58993314733459 0.5900000000000034
      vertex 31.059852981726298 62.40363520796668 0.5900000000000034
    endloop
  endfacet
  facet normal 0 0 -1
    outer loop
      vertex 29.25183462651949 63.603436131510485 0.5900000000000034
      vertex 29.46625414771418 63.9611734903333 0.5900000000000034
      vertex 29.714705573208366 64.2961714576955 0.5900000000000034
    endloop
  endfacet
  facet normal 0 0 -1
    outer loop
      vertex 29.25183462651949 63.603436131510485 0.5900000000000034
      vertex 29.714705573208366 64.2961714576955 0.5900000000000034
      vertex 30.303828542304508 64.88529442679163 0.5900000000000034
    endloop
  endfacet
  facet normal 0 0 -1
    outer loop
      vertex 30.303828542304508 64.88529442679163 0.5900000000000034
      vertex 31.253913814164655 62.766697489341155 0.5900000000000034
      vertex 31.147965344868453 62.58993314733459 0.5900000000000034
    endloop
  endfacet
  facet normal 0 0 -1
    outer loop
      vertex 29.714705573208366 64.2961714576955 0.5900000000000034
      vertex 29.994796179957174 64.60520382004282 0.5900000000000034
      vertex 30.303828542304508 64.88529442679163 0.5900000000000034
    endloop
  endfacet
  facet normal 0 0 -1
    outer loop
      vertex 30.303828542304508 64.88529442679163 0.5900000000000034
      vertex 30.638826509666693 65.13374585228581 0.5900000000000034
      vertex 30.99656386848951 65.3481653734805 0.5900000000000034
    endloop
  endfacet
  facet normal 0 0 -1
    outer loop
      vertex 30.303828542304508 64.88529442679163 0.5900000000000034
      vertex 30.99656386848951 65.3481653734805 0.5900000000000034
      vertex 31.373595412448367 65.52648801317297 0.5900000000000034
    endloop
  endfacet
  facet normal 0 0 -1
    outer loop
      vertex 30.303828542304508 64.88529442679163 0.5900000000000034
      vertex 31.376678047938253 62.932225896743645 0.5900000000000034
      vertex 31.253913814164655 62.766697489341155 0.5900000000000034
    endloop
  endfacet
  facet normal 0 0 -1
    outer loop
      vertex 30.303828542304508 64.88529442679163 0.5900000000000034
      vertex 31.51507575950825 63.084924240491745 0.5900000000000034
      vertex 31.376678047938253 62.932225896743645 0.5900000000000034
    endloop
  endfacet
  facet normal 0 0 -1
    outer loop
      vertex 30.303828542304508 64.88529442679163 0.5900000000000034
      vertex 31.667774103256345 63.22332195206174 0.5900000000000034
      vertex 31.51507575950825 63.084924240491745 0.5900000000000034
    endloop
  endfacet
  facet normal 0 0 -1
    outer loop
      vertex 30.303828542304508 64.88529442679163 0.5900000000000034
      vertex 31.833302510658836 63.34608618583534 0.5900000000000034
      vertex 31.667774103256345 63.22332195206174 0.5900000000000034
    endloop
  endfacet
  facet normal 0 0 -1
    outer loop
      vertex 30.303828542304508 64.88529442679163 0.5900000000000034
      vertex 32.0100668526654 63.45203465513154 0.5900000000000034
      vertex 31.833302510658836 63.34608618583534 0.5900000000000034
    endloop
  endfacet
  facet normal 0 0 -1
    outer loop
      vertex 30.303828542304508 64.88529442679163 0.5900000000000034
      vertex 32.196364792033314 63.5401470182737 0.5900000000000034
      vertex 32.0100668526654 63.45203465513154 0.5900000000000034
    endloop
  endfacet
  facet normal 0 0 -1
    outer loop
      vertex 30.303828542304508 64.88529442679163 0.5900000000000034
      vertex 32.39040217776563 63.60957470503763 0.5900000000000034
      vertex 32.196364792033314 63.5401470182737 0.5900000000000034
    endloop
  endfacet
  facet normal 0 0 -1
    outer loop
      vertex 30.303828542304508 64.88529442679163 0.5900000000000034
      vertex 32.59031032376613 63.65964908884678 0.5900000000000034
      vertex 32.39040217776563 63.60957470503763 0.5900000000000034
    endloop
  endfacet
  facet normal 0 0 -1
    outer loop
      vertex 30.303828542304508 64.88529442679163 0.5900000000000034
      vertex 32.79416400530792 63.68988792601161 0.5900000000000034
      vertex 32.59031032376613 63.65964908884678 0.5900000000000034
    endloop
  endfacet
  facet normal 0 0 -1
    outer loop
      vertex 30.303828542304508 64.88529442679163 0.5900000000000034
      vertex 31.373595412448367 65.52648801317297 0.5900000000000034
      vertex 32.58342715359937 65.82953508835683 0.5900000000000034
    endloop
  endfacet
  facet normal 0 0 -1
    outer loop
      vertex 31.373595412448367 65.52648801317297 0.5900000000000034
      vertex 31.766290121668536 65.66699642686189 0.5900000000000034
      vertex 32.58342715359937 65.82953508835683 0.5900000000000034
    endloop
  endfacet
  facet normal 0 0 -1
    outer loop
      vertex 31.766290121668536 65.66699642686189 0.5900000000000034
      vertex 32.17086613143145 65.76833744171373 0.5900000000000034
      vertex 32.58342715359937 65.82953508835683 0.5900000000000034
    endloop
  endfacet
  facet normal 0 0 -1
    outer loop
      vertex 30.303828542304508 64.88529442679163 0.5900000000000034
      vertex 35.00343613151049 65.3481653734805 0.5900000000000034
      vertex 32.79416400530792 63.68988792601161 0.5900000000000034
    endloop
  endfacet
  facet normal 0 0 -1
    outer loop
      vertex 30.303828542304508 64.88529442679163 0.5900000000000034
      vertex 32.58342715359937 65.82953508835683 0.5900000000000034
      vertex 35.00343613151049 65.3481653734805 0.5900000000000034
    endloop
  endfacet
  facet normal 0.9415440651830198 -0.33688985339222294 0
    outer loop
      vertex 28.933003573138112 62.83370987833146 0.5900000000000034
      vertex 28.933003573138112 62.83370987833146 0
      vertex 29.073511986827032 63.22640458755163 0.5900000000000034
    endloop
  endfacet
  facet normal 0.9039892931234454 -0.42755509343027753 0
    outer loop
      vertex 29.073511986827032 63.22640458755163 0.5900000000000034
      vertex 29.073511986827032 63.22640458755163 0
      vertex 29.25183462651949 63.603436131510485 0.5900000000000034
    endloop
  endfacet
  facet normal 0.9700312531945428 -0.24298017990326876 0
    outer loop
      vertex 28.933003573138112 62.83370987833146 0.5900000000000034
      vertex 28.83166255828627 62.42913386856854 0
      vertex 28.933003573138112 62.83370987833146 0
    endloop
  endfacet
  facet normal 0.9415440651830198 -0.33688985339222294 0
    outer loop
      vertex 29.073511986827032 63.22640458755163 0.5900000000000034
      vertex 28.933003573138112 62.83370987833146 0
      vertex 29.073511986827032 63.22640458755163 0
    endloop
  endfacet
  facet normal 0.85772861000027 -0.5141027441932253 0
    outer loop
      vertex 29.25183462651949 63.603436131510485 0.5900000000000034
      vertex 29.25183462651949 63.603436131510485 0
      vertex 29.46625414771418 63.9611734903333 0.5900000000000034
    endloop
  endfacet
  facet normal 0.8032075314806517 -0.5956993044924241 0
    outer loop
      vertex 29.46625414771418 63.9611734903333 0.5900000000000034
      vertex 29.46625414771418 63.9611734903333 0
      vertex 29.714705573208366 64.2961714576955 0.5900000000000034
    endloop
  endfacet
  facet normal 0.7409511253549461 -0.6715589548470327 0
    outer loop
      vertex 29.714705573208366 64.2961714576955 0.5900000000000034
      vertex 29.714705573208366 64.2961714576955 0
      vertex 29.994796179957174 64.60520382004282 0.5900000000000034
    endloop
  endfacet
  facet normal 0.6715589548470293 -0.7409511253549492 0
    outer loop
      vertex 29.994796179957174 64.60520382004282 0.5900000000000034
      vertex 29.994796179957174 64.60520382004282 0
      vertex 30.303828542304508 64.88529442679163 0.5900000000000034
    endloop
  endfacet
  facet normal 0.5956993044924268 -0.8032075314806498 0
    outer loop
      vertex 30.303828542304508 64.88529442679163 0.5900000000000034
      vertex 30.303828542304508 64.88529442679163 0
      vertex 30.638826509666693 65.13374585228581 0.5900000000000034
    endloop
  endfacet
  facet normal 0.5141027441932128 -0.8577286100002774 0
    outer loop
      vertex 30.638826509666693 65.13374585228581 0.5900000000000034
      vertex 30.638826509666693 65.13374585228581 0
      vertex 30.99656386848951 65.3481653734805 0.5900000000000034
    endloop
  endfacet
  facet normal 0.9039892931234454 -0.42755509343027753 0
    outer loop
      vertex 29.25183462651949 63.603436131510485 0.5900000000000034
      vertex 29.073511986827032 63.22640458755163 0
      vertex 29.25183462651949 63.603436131510485 0
    endloop
  endfacet
  facet normal 0.85772861000027 -0.5141027441932253 0
    outer loop
      vertex 29.46625414771418 63.9611734903333 0.5900000000000034
      vertex 29.25183462651949 63.603436131510485 0
      vertex 29.46625414771418 63.9611734903333 0
    endloop
  endfacet
  facet normal 0.8032075314806517 -0.5956993044924241 0
    outer loop
      vertex 29.714705573208366 64.2961714576955 0.5900000000000034
      vertex 29.46625414771418 63.9611734903333 0
      vertex 29.714705573208366 64.2961714576955 0
    endloop
  endfacet
  facet normal 0.7409511253549461 -0.6715589548470327 0
    outer loop
      vertex 29.994796179957174 64.60520382004282 0.5900000000000034
      vertex 29.714705573208366 64.2961714576955 0
      vertex 29.994796179957174 64.60520382004282 0
    endloop
  endfacet
  facet normal 0.6715589548470293 -0.7409511253549492 0
    outer loop
      vertex 30.303828542304508 64.88529442679163 0.5900000000000034
      vertex 29.994796179957174 64.60520382004282 0
      vertex 30.303828542304508 64.88529442679163 0
    endloop
  endfacet
  facet normal 0.5956993044924268 -0.8032075314806498 0
    outer loop
      vertex 30.638826509666693 65.13374585228581 0.5900000000000034
      vertex 30.303828542304508 64.88529442679163 0
      vertex 30.638826509666693 65.13374585228581 0
    endloop
  endfacet
  facet normal 0.5141027441932128 -0.8577286100002774 0
    outer loop
      vertex 30.99656386848951 65.3481653734805 0.5900000000000034
      vertex 30.638826509666693 65.13374585228581 0
      vertex 30.99656386848951 65.3481653734805 0
    endloop
  endfacet
  facet normal 0.4275550934302984 -0.9039892931234356 0
    outer loop
      vertex 30.99656386848951 65.3481653734805 0.5900000000000034
      vertex 30.99656386848951 65.3481653734805 0
      vertex 31.373595412448367 65.52648801317297 0.5900000000000034
    endloop
  endfacet
  facet normal 0.3368898533922202 -0.9415440651830207 0
    outer loop
      vertex 31.373595412448367 65.52648801317297 0.5900000000000034
      vertex 31.373595412448367 65.52648801317297 0
      vertex 31.766290121668536 65.66699642686189 0.5900000000000034
    endloop
  endfacet
  facet normal 0.24298017990326276 -0.9700312531945442 0
    outer loop
      vertex 31.766290121668536 65.66699642686189 0.5900000000000034
      vertex 31.766290121668536 65.66699642686189 0
      vertex 32.17086613143145 65.76833744171373 0.5900000000000034
    endloop
  endfacet
  facet normal 0.14673047445536463 -0.9891765099647806 0
    outer loop
      vertex 32.17086613143145 65.76833744171373 0.5900000000000034
      vertex 32.17086613143145 65.76833744171373 0
      vertex 32.58342715359937 65.82953508835683 0.5900000000000034
    endloop
  endfacet
  facet normal 0.04906767432740937 -0.9987954562051728 0
    outer loop
      vertex 32.58342715359937 65.82953508835683 0.5900000000000034
      vertex 32.58342715359937 65.82953508835683 0
      vertex 33 65.85 0.5900000000000034
    endloop
  endfacet
  facet normal 0.4275550934302984 -0.9039892931234356 0
    outer loop
      vertex 31.373595412448367 65.52648801317297 0.5900000000000034
      vertex 30.99656386848951 65.3481653734805 0
      vertex 31.373595412448367 65.52648801317297 0
    endloop
  endfacet
  facet normal 0.3368898533922202 -0.9415440651830207 0
    outer loop
      vertex 31.766290121668536 65.66699642686189 0.5900000000000034
      vertex 31.373595412448367 65.52648801317297 0
      vertex 31.766290121668536 65.66699642686189 0
    endloop
  endfacet
  facet normal 0.24298017990326276 -0.9700312531945442 0
    outer loop
      vertex 32.17086613143145 65.76833744171373 0.5900000000000034
      vertex 31.766290121668536 65.66699642686189 0
      vertex 32.17086613143145 65.76833744171373 0
    endloop
  endfacet
  facet normal 0.14673047445536463 -0.9891765099647806 0
    outer loop
      vertex 32.58342715359937 65.82953508835683 0.5900000000000034
      vertex 32.17086613143145 65.76833744171373 0
      vertex 32.58342715359937 65.82953508835683 0
    endloop
  endfacet
  facet normal 0.04906767432740937 -0.9987954562051728 0
    outer loop
      vertex 33 65.85 0.5900000000000034
      vertex 32.58342715359937 65.82953508835683 0
      vertex 33 65.85 0
    endloop
  endfacet
  facet normal 0 0 -1
    outer loop
      vertex 37.06699642686189 55.83370987833146 0.5900000000000034
      vertex 36.92648801317297 56.22640458755163 0.5900000000000034
      vertex 37.25 61.599999999999994 0.5900000000000034
    endloop
  endfacet
  facet normal 0 0 -1
    outer loop
      vertex 36.53374585228582 56.9611734903333 0.5900000000000034
      vertex 37.25 61.599999999999994 0.5900000000000034
      vertex 36.74816537348051 56.603436131510485 0.5900000000000034
    endloop
  endfacet
  facet normal 0 0 -1
    outer loop
      vertex 36.92648801317297 56.22640458755163 0.5900000000000034
      vertex 36.74816537348051 56.603436131510485 0.5900000000000034
      vertex 37.25 61.599999999999994 0.5900000000000034
    endloop
  endfacet
  facet normal -0.6715589548470063 0.74095112535497 -2.0566727339417214e-17
    outer loop
      vertex 35.69617145769549 51.314705573208364 0.5900000000000034
      vertex 36.00520382004283 51.594796179957164 0.5900000000000034
      vertex 36.00520382004283 51.594796179957164 0
    endloop
  endfacet
  facet normal -0.6715589548470063 0.74095112535497 0
    outer loop
      vertex 35.69617145769549 51.314705573208364 0.5900000000000034
      vertex 36.00520382004283 51.594796179957164 0
      vertex 35.69617145769549 51.314705573208364 0
    endloop
  endfacet
  facet normal 0 0 -1
    outer loop
      vertex 37.25 54.599999999999994 0.5900000000000034
      vertex 37.22953508835684 55.01657284640063 0.5900000000000034
      vertex 37.25 61.599999999999994 0.5900000000000034
    endloop
  endfacet
  facet normal 0 0 -1
    outer loop
      vertex 37.22953508835684 55.01657284640063 0.5900000000000034
      vertex 37.16833744171373 55.42913386856854 0.5900000000000034
      vertex 37.25 61.599999999999994 0.5900000000000034
    endloop
  endfacet
  facet normal 0 0 -1
    outer loop
      vertex 37.06699642686189 55.83370987833146 0.5900000000000034
      vertex 37.25 61.599999999999994 0.5900000000000034
      vertex 37.16833744171373 55.42913386856854 0.5900000000000034
    endloop
  endfacet
  facet normal -0.9891765099647806 0.14673047445536463 3.433111354828476e-20
    outer loop
      vertex 37.16833744171373 53.77086613143145 0.5900000000000034
      vertex 37.22953508835684 54.18342715359936 0.5900000000000034
      vertex 37.22953508835684 54.18342715359936 0
    endloop
  endfacet
  facet normal -0.9891765099647806 0.14673047445536463 0
    outer loop
      vertex 37.16833744171373 53.77086613143145 0.5900000000000034
      vertex 37.22953508835684 54.18342715359936 0
      vertex 37.16833744171373 53.77086613143145 0
    endloop
  endfacet
  facet normal -1 0 0
    outer loop
      vertex 37.25 54.599999999999994 0.5900000000000034
      vertex 37.25 61.599999999999994 0
      vertex 37.25 54.599999999999994 0
    endloop
  endfacet
  facet normal 0 0 -1
    outer loop
      vertex 35.1 58.2902872180808 0.5900000000000034
      vertex 37.25 61.599999999999994 0.5900000000000034
      vertex 35.36117349033331 58.13374585228581 0.5900000000000034
    endloop
  endfacet
  facet normal 0 0 -1
    outer loop
      vertex 35.1 58.2902872180808 0.5900000000000034
      vertex 35.1 61.599999999999994 0.5900000000000034
      vertex 37.25 61.599999999999994 0.5900000000000034
    endloop
  endfacet
  facet normal 0 0 -1
    outer loop
      vertex 35.69617145769549 57.885294426791624 0.5900000000000034
      vertex 37.25 61.599999999999994 0.5900000000000034
      vertex 36.00520382004283 57.605203820042824 0.5900000000000034
    endloop
  endfacet
  facet normal 0 0 -1
    outer loop
      vertex 36.28529442679163 57.296171457695486 0.5900000000000034
      vertex 36.00520382004283 57.605203820042824 0.5900000000000034
      vertex 37.25 61.599999999999994 0.5900000000000034
    endloop
  endfacet
  facet normal 0 0 -1
    outer loop
      vertex 35.36117349033331 58.13374585228581 0.5900000000000034
      vertex 37.25 61.599999999999994 0.5900000000000034
      vertex 35.69617145769549 57.885294426791624 0.5900000000000034
    endloop
  endfacet
  facet normal 0 0 -1
    outer loop
      vertex 36.28529442679163 57.296171457695486 0.5900000000000034
      vertex 37.25 61.599999999999994 0.5900000000000034
      vertex 36.53374585228582 56.9611734903333 0.5900000000000034
    endloop
  endfacet
  facet normal 0 0 -1
    outer loop
      vertex 35.1 61.599999999999994 0.5900000000000034
      vertex 35.08988792601161 61.805835994692075 0.5900000000000034
      vertex 37.25 61.599999999999994 0.5900000000000034
    endloop
  endfacet
  facet normal 0 0 -1
    outer loop
      vertex 35.08988792601161 61.805835994692075 0.5900000000000034
      vertex 35.05964908884678 62.00968967623386 0.5900000000000034
      vertex 37.25 61.599999999999994 0.5900000000000034
    endloop
  endfacet
  facet normal 0 0 -1
    outer loop
      vertex 35.05964908884678 62.00968967623386 0.5900000000000034
      vertex 35.009574705037636 62.209597822234365 0.5900000000000034
      vertex 37.25 61.599999999999994 0.5900000000000034
    endloop
  endfacet
  facet normal 0 0 -1
    outer loop
      vertex 34.940147018273706 62.40363520796668 0.5900000000000034
      vertex 37.25 61.599999999999994 0.5900000000000034
      vertex 35.009574705037636 62.209597822234365 0.5900000000000034
    endloop
  endfacet
  facet normal 0 0 -1
    outer loop
      vertex 34.62332195206175 62.932225896743645 0.5900000000000034
      vertex 37.25 61.599999999999994 0.5900000000000034
      vertex 34.746086185835345 62.766697489341155 0.5900000000000034
    endloop
  endfacet
  facet normal 0 0 -1
    outer loop
      vertex 34.85203465513155 62.58993314733459 0.5900000000000034
      vertex 37.25 61.599999999999994 0.5900000000000034
      vertex 34.940147018273706 62.40363520796668 0.5900000000000034
    endloop
  endfacet
  facet normal 0 0 -1
    outer loop
      vertex 34.85203465513155 62.58993314733459 0.5900000000000034
      vertex 34.746086185835345 62.766697489341155 0.5900000000000034
      vertex 37.25 61.599999999999994 0.5900000000000034
    endloop
  endfacet
  facet normal 0 0 -1
    outer loop
      vertex 34.62332195206175 62.932225896743645 0.5900000000000034
      vertex 35.00343613151049 65.3481653734805 0.5900000000000034
      vertex 37.25 61.599999999999994 0.5900000000000034
    endloop
  endfacet
  facet normal 0 0 -1
    outer loop
      vertex 37.25 61.599999999999994 0.5900000000000034
      vertex 36.74816537348051 63.603436131510485 0.5900000000000034
      vertex 37.06699642686189 62.83370987833146 0.5900000000000034
    endloop
  endfacet
  facet normal 0 0 -1
    outer loop
      vertex 36.74816537348051 63.603436131510485 0.5900000000000034
      vertex 36.92648801317297 63.22640458755163 0.5900000000000034
      vertex 37.06699642686189 62.83370987833146 0.5900000000000034
    endloop
  endfacet
  facet normal 0 0 -1
    outer loop
      vertex 32.79416400530792 63.68988792601161 0.5900000000000034
      vertex 35.00343613151049 65.3481653734805 0.5900000000000034
      vertex 33 63.699999999999996 0.5900000000000034
    endloop
  endfacet
  facet normal 0 0 -1
    outer loop
      vertex 33 63.699999999999996 0.5900000000000034
      vertex 35.00343613151049 65.3481653734805 0.5900000000000034
      vertex 33.20583599469208 63.68988792601161 0.5900000000000034
    endloop
  endfacet
  facet normal 0 0 -1
    outer loop
      vertex 33.20583599469208 63.68988792601161 0.5900000000000034
      vertex 35.00343613151049 65.3481653734805 0.5900000000000034
      vertex 33.40968967623387 63.65964908884678 0.5900000000000034
    endloop
  endfacet
  facet normal 0 0 -1
    outer loop
      vertex 33.40968967623387 63.65964908884678 0.5900000000000034
      vertex 35.00343613151049 65.3481653734805 0.5900000000000034
      vertex 33.60959782223437 63.60957470503763 0.5900000000000034
    endloop
  endfacet
  facet normal 0 0 -1
    outer loop
      vertex 32.58342715359937 65.82953508835683 0.5900000000000034
      vertex 33.41657284640063 65.82953508835683 0.5900000000000034
      vertex 33.82913386856855 65.76833744171373 0.5900000000000034
    endloop
  endfacet
  facet normal 0 0 -1
    outer loop
      vertex 32.58342715359937 65.82953508835683 0.5900000000000034
      vertex 33.82913386856855 65.76833744171373 0.5900000000000034
      vertex 35.00343613151049 65.3481653734805 0.5900000000000034
    endloop
  endfacet
  facet normal 0 0 -1
    outer loop
      vertex 34.33222589674366 63.22332195206174 0.5900000000000034
      vertex 34.16669748934117 63.34608618583534 0.5900000000000034
      vertex 35.00343613151049 65.3481653734805 0.5900000000000034
    endloop
  endfacet
  facet normal 0 0 -1
    outer loop
      vertex 33.60959782223437 63.60957470503763 0.5900000000000034
      vertex 35.00343613151049 65.3481653734805 0.5900000000000034
      vertex 33.803635207966686 63.5401470182737 0.5900000000000034
    endloop
  endfacet
  facet normal 0 0 -1
    outer loop
      vertex 33.803635207966686 63.5401470182737 0.5900000000000034
      vertex 35.00343613151049 65.3481653734805 0.5900000000000034
      vertex 33.9899331473346 63.45203465513154 0.5900000000000034
    endloop
  endfacet
  facet normal 0 0 -1
    outer loop
      vertex 33.9899331473346 63.45203465513154 0.5900000000000034
      vertex 35.00343613151049 65.3481653734805 0.5900000000000034
      vertex 34.16669748934117 63.34608618583534 0.5900000000000034
    endloop
  endfacet
  facet normal 0 0 -1
    outer loop
      vertex 34.33222589674366 63.22332195206174 0.5900000000000034
      vertex 35.00343613151049 65.3481653734805 0.5900000000000034
      vertex 34.48492424049175 63.084924240491745 0.5900000000000034
    endloop
  endfacet
  facet normal 0 0 -1
    outer loop
      vertex 34.48492424049175 63.084924240491745 0.5900000000000034
      vertex 35.00343613151049 65.3481653734805 0.5900000000000034
      vertex 34.62332195206175 62.932225896743645 0.5900000000000034
    endloop
  endfacet
  facet normal 0 0 -1
    outer loop
      vertex 33.82913386856855 65.76833744171373 0.5900000000000034
      vertex 34.23370987833147 65.66699642686189 0.5900000000000034
      vertex 35.00343613151049 65.3481653734805 0.5900000000000034
    endloop
  endfacet
  facet normal 0 0 -1
    outer loop
      vertex 34.23370987833147 65.66699642686189 0.5900000000000034
      vertex 34.62640458755163 65.52648801317297 0.5900000000000034
      vertex 35.00343613151049 65.3481653734805 0.5900000000000034
    endloop
  endfacet
  facet normal 0 0 -1
    outer loop
      vertex 32.58342715359937 65.82953508835683 0.5900000000000034
      vertex 33 65.85 0.5900000000000034
      vertex 33.41657284640063 65.82953508835683 0.5900000000000034
    endloop
  endfacet
  facet normal 0 0 -1
    outer loop
      vertex 35.00343613151049 65.3481653734805 0.5900000000000034
      vertex 36.00520382004283 64.60520382004282 0.5900000000000034
      vertex 36.74816537348051 63.603436131510485 0.5900000000000034
    endloop
  endfacet
  facet normal 0 0 -1
    outer loop
      vertex 35.00343613151049 65.3481653734805 0.5900000000000034
      vertex 35.36117349033331 65.13374585228581 0.5900000000000034
      vertex 35.69617145769549 64.88529442679163 0.5900000000000034
    endloop
  endfacet
  facet normal 0 0 -1
    outer loop
      vertex 35.00343613151049 65.3481653734805 0.5900000000000034
      vertex 35.69617145769549 64.88529442679163 0.5900000000000034
      vertex 36.00520382004283 64.60520382004282 0.5900000000000034
    endloop
  endfacet
  facet normal 0 0 -1
    outer loop
      vertex 35.00343613151049 65.3481653734805 0.5900000000000034
      vertex 36.74816537348051 63.603436131510485 0.5900000000000034
      vertex 37.25 61.599999999999994 0.5900000000000034
    endloop
  endfacet
  facet normal 0 0 -1
    outer loop
      vertex 36.28529442679163 64.2961714576955 0.5900000000000034
      vertex 36.53374585228582 63.9611734903333 0.5900000000000034
      vertex 36.74816537348051 63.603436131510485 0.5900000000000034
    endloop
  endfacet
  facet normal 0 0 -1
    outer loop
      vertex 36.00520382004283 64.60520382004282 0.5900000000000034
      vertex 36.28529442679163 64.2961714576955 0.5900000000000034
      vertex 36.74816537348051 63.603436131510485 0.5900000000000034
    endloop
  endfacet
  facet normal -0.9700312531945448 -0.24298017990326076 0
    outer loop
      vertex 37.06699642686189 62.83370987833146 0.5900000000000034
      vertex 37.06699642686189 62.83370987833146 0
      vertex 37.16833744171373 62.42913386856854 0.5900000000000034
    endloop
  endfacet
  facet normal -0.9415440651830198 -0.33688985339222294 0
    outer loop
      vertex 36.92648801317297 63.22640458755163 0.5900000000000034
      vertex 36.92648801317297 63.22640458755163 0
      vertex 37.06699642686189 62.83370987833146 0.5900000000000034
    endloop
  endfacet
  facet normal -0.9039892931234422 -0.42755509343028447 0
    outer loop
      vertex 36.92648801317297 63.22640458755163 0.5900000000000034
      vertex 36.74816537348051 63.603436131510485 0
      vertex 36.92648801317297 63.22640458755163 0
    endloop
  endfacet
  facet normal -0.9415440651830198 -0.33688985339222294 0
    outer loop
      vertex 37.06699642686189 62.83370987833146 0.5900000000000034
      vertex 36.92648801317297 63.22640458755163 0
      vertex 37.06699642686189 62.83370987833146 0
    endloop
  endfacet
  facet normal -0.14673047445536463 -0.9891765099647806 0
    outer loop
      vertex 33.41657284640063 65.82953508835683 0.5900000000000034
      vertex 33.41657284640063 65.82953508835683 0
      vertex 33.82913386856855 65.76833744171373 0.5900000000000034
    endloop
  endfacet
  facet normal -0.24298017990326076 -0.9700312531945448 0
    outer loop
      vertex 33.82913386856855 65.76833744171373 0.5900000000000034
      vertex 33.82913386856855 65.76833744171373 0
      vertex 34.23370987833147 65.66699642686189 0.5900000000000034
    endloop
  endfacet
  facet normal -0.33688985339222294 -0.9415440651830198 0
    outer loop
      vertex 34.23370987833147 65.66699642686189 0.5900000000000034
      vertex 34.23370987833147 65.66699642686189 0
      vertex 34.62640458755163 65.52648801317297 0.5900000000000034
    endloop
  endfacet
  facet normal -0.4275550934302984 -0.9039892931234356 0
    outer loop
      vertex 34.62640458755163 65.52648801317297 0.5900000000000034
      vertex 34.62640458755163 65.52648801317297 0
      vertex 35.00343613151049 65.3481653734805 0.5900000000000034
    endloop
  endfacet
  facet normal -0.04906767432740937 -0.9987954562051728 0
    outer loop
      vertex 33 65.85 0.5900000000000034
      vertex 33 65.85 0
      vertex 33.41657284640063 65.82953508835683 0.5900000000000034
    endloop
  endfacet
  facet normal -0.14673047445536463 -0.9891765099647806 0
    outer loop
      vertex 33.82913386856855 65.76833744171373 0.5900000000000034
      vertex 33.41657284640063 65.82953508835683 0
      vertex 33.82913386856855 65.76833744171373 0
    endloop
  endfacet
  facet normal -0.24298017990326076 -0.9700312531945448 0
    outer loop
      vertex 34.23370987833147 65.66699642686189 0.5900000000000034
      vertex 33.82913386856855 65.76833744171373 0
      vertex 34.23370987833147 65.66699642686189 0
    endloop
  endfacet
  facet normal -0.33688985339222294 -0.9415440651830198 0
    outer loop
      vertex 34.62640458755163 65.52648801317297 0.5900000000000034
      vertex 34.23370987833147 65.66699642686189 0
      vertex 34.62640458755163 65.52648801317297 0
    endloop
  endfacet
  facet normal -0.4275550934302984 -0.9039892931234356 0
    outer loop
      vertex 35.00343613151049 65.3481653734805 0.5900000000000034
      vertex 34.62640458755163 65.52648801317297 0
      vertex 35.00343613151049 65.3481653734805 0
    endloop
  endfacet
  facet normal -0.04906767432740937 -0.9987954562051728 0
    outer loop
      vertex 33.41657284640063 65.82953508835683 0.5900000000000034
      vertex 33 65.85 0
      vertex 33.41657284640063 65.82953508835683 0
    endloop
  endfacet
  facet normal -0.5956993044924268 -0.8032075314806498 0
    outer loop
      vertex 35.36117349033331 65.13374585228581 0.5900000000000034
      vertex 35.36117349033331 65.13374585228581 0
      vertex 35.69617145769549 64.88529442679163 0.5900000000000034
    endloop
  endfacet
  facet normal -0.5141027441932128 -0.8577286100002774 0
    outer loop
      vertex 35.00343613151049 65.3481653734805 0.5900000000000034
      vertex 35.00343613151049 65.3481653734805 0
      vertex 35.36117349033331 65.13374585228581 0.5900000000000034
    endloop
  endfacet
  facet normal -0.6715589548470251 -0.740951125354953 -4.7632406697982366e-18
    outer loop
      vertex 36.00520382004283 64.60520382004282 0.5900000000000034
      vertex 35.69617145769549 64.88529442679163 0.5900000000000034
      vertex 35.69617145769549 64.88529442679163 0
    endloop
  endfacet
  facet normal -0.85772861000027 -0.5141027441932253 0
    outer loop
      vertex 36.53374585228582 63.9611734903333 0.5900000000000034
      vertex 36.53374585228582 63.9611734903333 0
      vertex 36.74816537348051 63.603436131510485 0.5900000000000034
    endloop
  endfacet
  facet normal -0.7409511253549547 -0.6715589548470233 0
    outer loop
      vertex 36.00520382004283 64.60520382004282 0.5900000000000034
      vertex 36.00520382004283 64.60520382004282 0
      vertex 36.28529442679163 64.2961714576955 0.5900000000000034
    endloop
  endfacet
  facet normal -0.8032075314806476 -0.5956993044924297 0
    outer loop
      vertex 36.28529442679163 64.2961714576955 0.5900000000000034
      vertex 36.28529442679163 64.2961714576955 0
      vertex 36.53374585228582 63.9611734903333 0.5900000000000034
    endloop
  endfacet
  facet normal -0.9039892931234422 -0.42755509343028447 0
    outer loop
      vertex 36.74816537348051 63.603436131510485 0.5900000000000034
      vertex 36.74816537348051 63.603436131510485 0
      vertex 36.92648801317297 63.22640458755163 0.5900000000000034
    endloop
  endfacet
  facet normal -0.5141027441932128 -0.8577286100002774 0
    outer loop
      vertex 35.36117349033331 65.13374585228581 0.5900000000000034
      vertex 35.00343613151049 65.3481653734805 0
      vertex 35.36117349033331 65.13374585228581 0
    endloop
  endfacet
  facet normal -0.5956993044924268 -0.8032075314806498 0
    outer loop
      vertex 35.69617145769549 64.88529442679163 0.5900000000000034
      vertex 35.36117349033331 65.13374585228581 0
      vertex 35.69617145769549 64.88529442679163 0
    endloop
  endfacet
  facet normal -0.6715589548470251 -0.740951125354953 0
    outer loop
      vertex 36.00520382004283 64.60520382004282 0.5900000000000034
      vertex 35.69617145769549 64.88529442679163 0
      vertex 36.00520382004283 64.60520382004282 0
    endloop
  endfacet
  facet normal -0.7409511253549547 -0.6715589548470233 0
    outer loop
      vertex 36.28529442679163 64.2961714576955 0.5900000000000034
      vertex 36.00520382004283 64.60520382004282 0
      vertex 36.28529442679163 64.2961714576955 0
    endloop
  endfacet
  facet normal -0.8032075314806476 -0.5956993044924297 0
    outer loop
      vertex 36.53374585228582 63.9611734903333 0.5900000000000034
      vertex 36.28529442679163 64.2961714576955 0
      vertex 36.53374585228582 63.9611734903333 0
    endloop
  endfacet
  facet normal -0.85772861000027 -0.5141027441932253 0
    outer loop
      vertex 36.74816537348051 63.603436131510485 0.5900000000000034
      vertex 36.53374585228582 63.9611734903333 0
      vertex 36.74816537348051 63.603436131510485 0
    endloop
  endfacet
  facet normal 0 0 -1
    outer loop
      vertex 37.25 61.599999999999994 0.5900000000000034
      vertex 37.16833744171373 62.42913386856854 0.5900000000000034
      vertex 37.22953508835684 62.01657284640063 0.5900000000000034
    endloop
  endfacet
  facet normal 0 0 -1
    outer loop
      vertex 37.25 61.599999999999994 0.5900000000000034
      vertex 37.06699642686189 62.83370987833146 0.5900000000000034
      vertex 37.16833744171373 62.42913386856854 0.5900000000000034
    endloop
  endfacet
  facet normal -1 0 0
    outer loop
      vertex 37.25 54.599999999999994 0.5900000000000034
      vertex 37.25 61.599999999999994 0.5900000000000034
      vertex 37.25 61.599999999999994 0
    endloop
  endfacet
  facet normal -0.9987954562051728 -0.04906767432740937 3.5328798947627656e-19
    outer loop
      vertex 37.25 61.599999999999994 0.5900000000000034
      vertex 37.22953508835684 62.01657284640063 0.5900000000000034
      vertex 37.22953508835684 62.01657284640063 0
    endloop
  endfacet
  facet normal -0.9891765099647806 -0.14673047445536463 -3.433111354828476e-20
    outer loop
      vertex 37.22953508835684 62.01657284640063 0.5900000000000034
      vertex 37.16833744171373 62.42913386856854 0.5900000000000034
      vertex 37.16833744171373 62.42913386856854 0
    endloop
  endfacet
  facet normal -0.9987954562051728 -0.04906767432740937 0
    outer loop
      vertex 37.25 61.599999999999994 0.5900000000000034
      vertex 37.22953508835684 62.01657284640063 0
      vertex 37.25 61.599999999999994 0
    endloop
  endfacet
  facet normal -0.9891765099647806 -0.14673047445536463 0
    outer loop
      vertex 37.22953508835684 62.01657284640063 0.5900000000000034
      vertex 37.16833744171373 62.42913386856854 0
      vertex 37.22953508835684 62.01657284640063 0
    endloop
  endfacet
  facet normal -0.9700312531945448 -0.24298017990326076 0
    outer loop
      vertex 37.16833744171373 62.42913386856854 0.5900000000000034
      vertex 37.06699642686189 62.83370987833146 0
      vertex 37.16833744171373 62.42913386856854 0
    endloop
  endfacet
  facet normal 0.3368898533922202 0.9415440651830208 -3.9574242334900814e-18
    outer loop
      vertex 31.373595412448367 19.47351198682703 1.5900000000000034
      vertex 31.766290121668536 19.33300357313811 1.5900000000000034
      vertex 31.766290121668536 19.33300357313811 0
    endloop
  endfacet
  facet normal 0.24298017990327075 0.9700312531945423 2.3303586807334277e-18
    outer loop
      vertex 31.766290121668536 19.33300357313811 1.5900000000000034
      vertex 32.17086613143145 19.231662558286267 1.5900000000000034
      vertex 32.17086613143145 19.231662558286267 0
    endloop
  endfacet
  facet normal 0.1467304744553563 0.9891765099647817 2.4068852927221403e-18
    outer loop
      vertex 32.17086613143145 19.231662558286267 1.5900000000000034
      vertex 32.58342715359937 19.170464911643162 1.5900000000000034
      vertex 32.58342715359937 19.170464911643162 0
    endloop
  endfacet
  facet normal 0.04906767432741786 0.9987954562051723 -2.3824109431906293e-19
    outer loop
      vertex 32.58342715359937 19.170464911643162 1.5900000000000034
      vertex 33 19.15 1.5900000000000034
      vertex 33 19.15 0
    endloop
  endfacet
  facet normal 0.3368898533922202 0.9415440651830208 0
    outer loop
      vertex 31.373595412448367 19.47351198682703 1.5900000000000034
      vertex 31.766290121668536 19.33300357313811 0
      vertex 31.373595412448367 19.47351198682703 0
    endloop
  endfacet
  facet normal 0.24298017990327075 0.9700312531945423 0
    outer loop
      vertex 31.766290121668536 19.33300357313811 1.5900000000000034
      vertex 32.17086613143145 19.231662558286267 0
      vertex 31.766290121668536 19.33300357313811 0
    endloop
  endfacet
  facet normal 0.1467304744553563 0.9891765099647817 0
    outer loop
      vertex 32.17086613143145 19.231662558286267 1.5900000000000034
      vertex 32.58342715359937 19.170464911643162 0
      vertex 32.17086613143145 19.231662558286267 0
    endloop
  endfacet
  facet normal 0.04906767432741786 0.9987954562051723 0
    outer loop
      vertex 32.58342715359937 19.170464911643162 1.5900000000000034
      vertex 33 19.15 0
      vertex 32.58342715359937 19.170464911643162 0
    endloop
  endfacet
  facet normal 0 0 -1
    outer loop
      vertex 28.933003573138112 22.166290121668535 1.5900000000000034
      vertex 28.83166255828627 22.570866131431455 1.5900000000000034
      vertex 28.83166255828627 24.229133868568542 1.5900000000000034
    endloop
  endfacet
  facet normal 0 0 -1
    outer loop
      vertex 28.83166255828627 22.570866131431455 1.5900000000000034
      vertex 28.770464911643163 22.983427153599365 1.5900000000000034
      vertex 28.770464911643163 23.816572846400632 1.5900000000000034
    endloop
  endfacet
  facet normal 0 0 -1
    outer loop
      vertex 28.770464911643163 22.983427153599365 1.5900000000000034
      vertex 28.75 23.4 1.5900000000000034
      vertex 28.770464911643163 23.816572846400632 1.5900000000000034
    endloop
  endfacet
  facet normal 0 0 -1
    outer loop
      vertex 28.83166255828627 22.570866131431455 1.5900000000000034
      vertex 28.770464911643163 23.816572846400632 1.5900000000000034
      vertex 28.83166255828627 24.229133868568542 1.5900000000000034
    endloop
  endfacet
  facet normal 0.9891765099647817 0.14673047445535756 1.0518088742232759e-18
    outer loop
      vertex 28.83166255828627 22.570866131431455 1.5900000000000034
      vertex 28.770464911643163 22.983427153599365 0.5900000000000034
      vertex 28.770464911643163 22.983427153599365 1.5900000000000034
    endloop
  endfacet
  facet normal 0.9987954562051725 0.04906767432741787 0
    outer loop
      vertex 28.770464911643163 22.983427153599365 1.5900000000000034
      vertex 28.770464911643163 22.983427153599365 0.5900000000000034
      vertex 28.75 23.4 1.5900000000000034
    endloop
  endfacet
  facet normal 0.9987954562051725 -0.04906767432741787 3.788033399673109e-19
    outer loop
      vertex 28.75 23.4 1.5900000000000034
      vertex 28.770464911643163 23.816572846400632 0.5900000000000034
      vertex 28.770464911643163 23.816572846400632 1.5900000000000034
    endloop
  endfacet
  facet normal 0.9891765099647817 -0.14673047445535756 -1.0518088742232759e-18
    outer loop
      vertex 28.770464911643163 23.816572846400632 1.5900000000000034
      vertex 28.83166255828627 24.229133868568542 0.5900000000000034
      vertex 28.83166255828627 24.229133868568542 1.5900000000000034
    endloop
  endfacet
  facet normal 0.9891765099647817 0.14673047445535756 0
    outer loop
      vertex 28.83166255828627 22.570866131431455 1.5900000000000034
      vertex 28.83166255828627 22.570866131431455 0.5900000000000034
      vertex 28.770464911643163 22.983427153599365 0.5900000000000034
    endloop
  endfacet
  facet normal 0.9987954562051725 -0.04906767432741787 0
    outer loop
      vertex 28.75 23.4 1.5900000000000034
      vertex 28.75 23.4 0.5900000000000034
      vertex 28.770464911643163 23.816572846400632 0.5900000000000034
    endloop
  endfacet
  facet normal 0.9891765099647817 -0.14673047445535756 0
    outer loop
      vertex 28.770464911643163 23.816572846400632 1.5900000000000034
      vertex 28.770464911643163 23.816572846400632 0.5900000000000034
      vertex 28.83166255828627 24.229133868568542 0.5900000000000034
    endloop
  endfacet
  facet normal 0.9700312531945428 -0.24298017990326878 0
    outer loop
      vertex 28.83166255828627 24.229133868568542 1.5900000000000034
      vertex 28.83166255828627 24.229133868568542 0.5900000000000034
      vertex 28.933003573138112 24.633709878331462 0.5900000000000034
    endloop
  endfacet
  facet normal 0 0 -1
    outer loop
      vertex 29.073511986827032 21.773595412448365 1.5900000000000034
      vertex 28.933003573138112 22.166290121668535 1.5900000000000034
      vertex 28.933003573138112 24.633709878331462 1.5900000000000034
    endloop
  endfacet
  facet normal 0 0 -1
    outer loop
      vertex 29.073511986827032 21.773595412448365 1.5900000000000034
      vertex 29.073511986827032 25.02640458755163 1.5900000000000034
      vertex 29.25183462651949 21.39656386848951 1.5900000000000034
    endloop
  endfacet
  facet normal 0 0 -1
    outer loop
      vertex 29.25183462651949 21.39656386848951 1.5900000000000034
      vertex 29.25183462651949 25.40343613151049 1.5900000000000034
      vertex 29.46625414771418 21.03882650966669 1.5900000000000034
    endloop
  endfacet
  facet normal 0 0 -1
    outer loop
      vertex 29.714705573208366 20.703828542304507 1.5900000000000034
      vertex 29.46625414771418 21.03882650966669 1.5900000000000034
      vertex 29.46625414771418 25.761173490333306 1.5900000000000034
    endloop
  endfacet
  facet normal 0 0 -1
    outer loop
      vertex 29.714705573208366 20.703828542304507 1.5900000000000034
      vertex 29.714705573208366 26.09617145769549 1.5900000000000034
      vertex 29.994796179957174 20.394796179957172 1.5900000000000034
    endloop
  endfacet
  facet normal 0 0 -1
    outer loop
      vertex 28.933003573138112 22.166290121668535 1.5900000000000034
      vertex 28.83166255828627 24.229133868568542 1.5900000000000034
      vertex 28.933003573138112 24.633709878331462 1.5900000000000034
    endloop
  endfacet
  facet normal 0 0 -1
    outer loop
      vertex 29.073511986827032 21.773595412448365 1.5900000000000034
      vertex 28.933003573138112 24.633709878331462 1.5900000000000034
      vertex 29.073511986827032 25.02640458755163 1.5900000000000034
    endloop
  endfacet
  facet normal 0 0 -1
    outer loop
      vertex 29.25183462651949 21.39656386848951 1.5900000000000034
      vertex 29.073511986827032 25.02640458755163 1.5900000000000034
      vertex 29.25183462651949 25.40343613151049 1.5900000000000034
    endloop
  endfacet
  facet normal 0 0 -1
    outer loop
      vertex 29.46625414771418 21.03882650966669 1.5900000000000034
      vertex 29.25183462651949 25.40343613151049 1.5900000000000034
      vertex 29.46625414771418 25.761173490333306 1.5900000000000034
    endloop
  endfacet
  facet normal 0 0 -1
    outer loop
      vertex 29.714705573208366 20.703828542304507 1.5900000000000034
      vertex 29.46625414771418 25.761173490333306 1.5900000000000034
      vertex 29.714705573208366 26.09617145769549 1.5900000000000034
    endloop
  endfacet
  facet normal 0 0 -1
    outer loop
      vertex 29.994796179957174 20.394796179957172 1.5900000000000034
      vertex 29.714705573208366 26.09617145769549 1.5900000000000034
      vertex 29.994796179957174 26.405203820042825 1.5900000000000034
    endloop
  endfacet
  facet normal 0 0 -1
    outer loop
      vertex 29.994796179957174 20.394796179957172 1.5900000000000034
      vertex 29.994796179957174 26.405203820042825 1.5900000000000034
      vertex 30.303828542304508 20.114705573208365 1.5900000000000034
    endloop
  endfacet
  facet normal 0 0 -1
    outer loop
      vertex 30.638826509666693 19.86625414771418 1.5900000000000034
      vertex 30.303828542304508 20.114705573208365 1.5900000000000034
      vertex 30.303828542304508 26.685294426791632 1.5900000000000034
    endloop
  endfacet
  facet normal 0 0 -1
    outer loop
      vertex 30.638826509666693 19.86625414771418 1.5900000000000034
      vertex 30.638826509666693 26.933745852285817 1.5900000000000034
      vertex 30.99656386848951 19.651834626519488 1.5900000000000034
    endloop
  endfacet
  facet normal 0 0 -1
    outer loop
      vertex 30.99656386848951 19.651834626519488 1.5900000000000034
      vertex 30.638826509666693 26.933745852285817 1.5900000000000034
      vertex 30.910112073988387 23.194164005307922 1.5900000000000034
    endloop
  endfacet
  facet normal 0.5956993044924324 0.8032075314806457 1.2009407830852794e-17
    outer loop
      vertex 30.638826509666693 19.86625414771418 1.5900000000000034
      vertex 30.303828542304508 20.114705573208365 0.5900000000000034
      vertex 30.303828542304508 20.114705573208365 1.5900000000000034
    endloop
  endfacet
  facet normal 0.5141027441932253 0.8577286100002698 0
    outer loop
      vertex 30.638826509666693 19.86625414771418 1.5900000000000034
      vertex 30.99656386848951 19.651834626519488 1.5900000000000034
      vertex 30.638826509666693 19.86625414771418 0.5900000000000034
    endloop
  endfacet
  facet normal 0 0 -1
    outer loop
      vertex 30.99656386848951 19.651834626519488 1.5900000000000034
      vertex 31.253913814164655 22.233302510658834 1.5900000000000034
      vertex 31.373595412448367 19.47351198682703 1.5900000000000034
    endloop
  endfacet
  facet normal 0 0 -1
    outer loop
      vertex 31.373595412448367 19.47351198682703 1.5900000000000034
      vertex 31.667774103256345 21.77667804793825 1.5900000000000034
      vertex 31.766290121668536 19.33300357313811 1.5900000000000034
    endloop
  endfacet
  facet normal 0 0 -1
    outer loop
      vertex 31.373595412448367 19.47351198682703 1.5900000000000034
      vertex 31.376678047938253 22.067774103256344 1.5900000000000034
      vertex 31.51507575950825 21.915075759508248 1.5900000000000034
    endloop
  endfacet
  facet normal 0 0 -1
    outer loop
      vertex 31.373595412448367 19.47351198682703 1.5900000000000034
      vertex 31.253913814164655 22.233302510658834 1.5900000000000034
      vertex 31.376678047938253 22.067774103256344 1.5900000000000034
    endloop
  endfacet
  facet normal 0 0 -1
    outer loop
      vertex 30.99656386848951 19.651834626519488 1.5900000000000034
      vertex 31.147965344868453 22.410066852665402 1.5900000000000034
      vertex 31.253913814164655 22.233302510658834 1.5900000000000034
    endloop
  endfacet
  facet normal 0 0 -1
    outer loop
      vertex 30.99656386848951 19.651834626519488 1.5900000000000034
      vertex 31.059852981726298 22.59636479203331 1.5900000000000034
      vertex 31.147965344868453 22.410066852665402 1.5900000000000034
    endloop
  endfacet
  facet normal 0 0 -1
    outer loop
      vertex 30.99656386848951 19.651834626519488 1.5900000000000034
      vertex 30.99042529496236 22.79040217776563 1.5900000000000034
      vertex 31.059852981726298 22.59636479203331 1.5900000000000034
    endloop
  endfacet
  facet normal 0 0 -1
    outer loop
      vertex 30.99656386848951 19.651834626519488 1.5900000000000034
      vertex 30.940350911153217 22.990310323766128 1.5900000000000034
      vertex 30.99042529496236 22.79040217776563 1.5900000000000034
    endloop
  endfacet
  facet normal 0 0 -1
    outer loop
      vertex 31.373595412448367 19.47351198682703 1.5900000000000034
      vertex 31.51507575950825 21.915075759508248 1.5900000000000034
      vertex 31.667774103256345 21.77667804793825 1.5900000000000034
    endloop
  endfacet
  facet normal 0 0 -1
    outer loop
      vertex 31.766290121668536 19.33300357313811 1.5900000000000034
      vertex 31.667774103256345 21.77667804793825 1.5900000000000034
      vertex 31.833302510658836 21.653913814164653 1.5900000000000034
    endloop
  endfacet
  facet normal 0 0 -1
    outer loop
      vertex 31.766290121668536 19.33300357313811 1.5900000000000034
      vertex 31.833302510658836 21.653913814164653 1.5900000000000034
      vertex 32.0100668526654 21.54796534486845 1.5900000000000034
    endloop
  endfacet
  facet normal 0 0 -1
    outer loop
      vertex 31.766290121668536 19.33300357313811 1.5900000000000034
      vertex 32.196364792033314 21.459852981726296 1.5900000000000034
      vertex 32.17086613143145 19.231662558286267 1.5900000000000034
    endloop
  endfacet
  facet normal 0 0 -1
    outer loop
      vertex 32.17086613143145 19.231662558286267 1.5900000000000034
      vertex 32.59031032376613 21.340350911153216 1.5900000000000034
      vertex 32.58342715359937 19.170464911643162 1.5900000000000034
    endloop
  endfacet
  facet normal 0 0 -1
    outer loop
      vertex 32.17086613143145 19.231662558286267 1.5900000000000034
      vertex 32.196364792033314 21.459852981726296 1.5900000000000034
      vertex 32.39040217776563 21.39042529496236 1.5900000000000034
    endloop
  endfacet
  facet normal 0 0 -1
    outer loop
      vertex 32.17086613143145 19.231662558286267 1.5900000000000034
      vertex 32.39040217776563 21.39042529496236 1.5900000000000034
      vertex 32.59031032376613 21.340350911153216 1.5900000000000034
    endloop
  endfacet
  facet normal 0 0 -1
    outer loop
      vertex 32.58342715359937 19.170464911643162 1.5900000000000034
      vertex 33 21.299999999999997 1.5900000000000034
      vertex 33 19.15 1.5900000000000034
    endloop
  endfacet
  facet normal 0 0 -1
    outer loop
      vertex 32.58342715359937 19.170464911643162 1.5900000000000034
      vertex 32.59031032376613 21.340350911153216 1.5900000000000034
      vertex 32.79416400530792 21.310112073988385 1.5900000000000034
    endloop
  endfacet
  facet normal 0 0 -1
    outer loop
      vertex 32.58342715359937 19.170464911643162 1.5900000000000034
      vertex 32.79416400530792 21.310112073988385 1.5900000000000034
      vertex 33 21.299999999999997 1.5900000000000034
    endloop
  endfacet
  facet normal 0 0 -1
    outer loop
      vertex 31.766290121668536 19.33300357313811 1.5900000000000034
      vertex 32.0100668526654 21.54796534486845 1.5900000000000034
      vertex 32.196364792033314 21.459852981726296 1.5900000000000034
    endloop
  endfacet
  facet normal 0 0 -1
    outer loop
      vertex 30.99656386848951 19.651834626519488 1.5900000000000034
      vertex 30.910112073988387 23.194164005307922 1.5900000000000034
      vertex 30.940350911153217 22.990310323766128 1.5900000000000034
    endloop
  endfacet
  facet normal 0 0 -1
    outer loop
      vertex 30.303828542304508 20.114705573208365 1.5900000000000034
      vertex 29.994796179957174 26.405203820042825 1.5900000000000034
      vertex 30.303828542304508 26.685294426791632 1.5900000000000034
    endloop
  endfacet
  facet normal 0 0 -1
    outer loop
      vertex 30.638826509666693 19.86625414771418 1.5900000000000034
      vertex 30.303828542304508 26.685294426791632 1.5900000000000034
      vertex 30.638826509666693 26.933745852285817 1.5900000000000034
    endloop
  endfacet
  facet normal 0 0 -1
    outer loop
      vertex 30.910112073988387 23.194164005307922 1.5900000000000034
      vertex 30.638826509666693 26.933745852285817 1.5900000000000034
      vertex 30.9 23.4 1.5900000000000034
    endloop
  endfacet
  facet normal 0 0 -1
    outer loop
      vertex 30.9 23.4 1.5900000000000034
      vertex 30.638826509666693 26.933745852285817 1.5900000000000034
      vertex 30.9 27.0902872180808 1.5900000000000034
    endloop
  endfacet
  facet normal 0.9700312531945428 -0.24298017990326878 -5.591916297002182e-18
    outer loop
      vertex 28.83166255828627 24.229133868568542 1.5900000000000034
      vertex 28.933003573138112 24.633709878331462 0.5900000000000034
      vertex 28.933003573138112 24.633709878331462 1.5900000000000034
    endloop
  endfacet
  facet normal 0.9415440651830207 -0.3368898533922202 6.292304531249243e-18
    outer loop
      vertex 28.933003573138112 24.633709878331462 1.5900000000000034
      vertex 29.073511986827032 25.02640458755163 0.5900000000000034
      vertex 29.073511986827032 25.02640458755163 1.5900000000000034
    endloop
  endfacet
  facet normal 0.9039892931234456 -0.4275550934302775 -1.4369755609965708e-17
    outer loop
      vertex 29.073511986827032 25.02640458755163 1.5900000000000034
      vertex 29.25183462651949 25.40343613151049 0.5900000000000034
      vertex 29.25183462651949 25.40343613151049 1.5900000000000034
    endloop
  endfacet
  facet normal 0.8577286100002698 -0.5141027441932253 6.23516906242144e-18
    outer loop
      vertex 29.25183462651949 25.40343613151049 1.5900000000000034
      vertex 29.46625414771418 25.761173490333306 0.5900000000000034
      vertex 29.46625414771418 25.761173490333306 1.5900000000000034
    endloop
  endfacet
  facet normal 0.8032075314806457 -0.5956993044924324 -1.2009407830852794e-17
    outer loop
      vertex 29.46625414771418 25.761173490333306 1.5900000000000034
      vertex 29.714705573208366 26.09617145769549 0.5900000000000034
      vertex 29.714705573208366 26.09617145769549 1.5900000000000034
    endloop
  endfacet
  facet normal 0.7409511253549578 -0.67155895484702 5.213868989391342e-18
    outer loop
      vertex 29.714705573208366 26.09617145769549 1.5900000000000034
      vertex 29.994796179957174 26.405203820042825 0.5900000000000034
      vertex 29.994796179957174 26.405203820042825 1.5900000000000034
    endloop
  endfacet
  facet normal 0.67155895484702 -0.7409511253549578 5.213868989391342e-18
    outer loop
      vertex 29.994796179957174 26.405203820042825 1.5900000000000034
      vertex 30.303828542304508 26.685294426791632 0.5900000000000034
      vertex 30.303828542304508 26.685294426791632 1.5900000000000034
    endloop
  endfacet
  facet normal 0.5956993044924324 -0.8032075314806457 -1.2009407830852794e-17
    outer loop
      vertex 30.303828542304508 26.685294426791632 1.5900000000000034
      vertex 30.638826509666693 26.933745852285817 0.5900000000000034
      vertex 30.638826509666693 26.933745852285817 1.5900000000000034
    endloop
  endfacet
  facet normal 0.5141027441932221 -0.8577286100002718 7.392602562406744e-18
    outer loop
      vertex 30.638826509666693 26.933745852285817 1.5900000000000034
      vertex 30.9 27.0902872180808 0.5900000000000034
      vertex 30.9 27.0902872180808 1.5900000000000034
    endloop
  endfacet
  facet normal 0.7409511253549577 0.67155895484702 -3.2791628864096416e-18
    outer loop
      vertex 29.714705573208366 20.703828542304507 1.5900000000000034
      vertex 29.994796179957174 20.394796179957172 1.5900000000000034
      vertex 29.994796179957174 20.394796179957172 0
    endloop
  endfacet
  facet normal 0.9415440651830208 0.3368898533922202 0
    outer loop
      vertex 29.073511986827032 21.773595412448365 1.5900000000000034
      vertex 29.073511986827032 21.773595412448365 0
      vertex 28.933003573138112 22.166290121668535 1.5900000000000034
    endloop
  endfacet
  facet normal 0.9039892931234456 0.42755509343027753 9.037582144632502e-18
    outer loop
      vertex 29.073511986827032 21.773595412448365 1.5900000000000034
      vertex 29.25183462651949 21.39656386848951 1.5900000000000034
      vertex 29.25183462651949 21.39656386848951 0
    endloop
  endfacet
  facet normal 0.8032075314806458 0.5956993044924324 0
    outer loop
      vertex 29.714705573208366 20.703828542304507 1.5900000000000034
      vertex 29.714705573208366 20.703828542304507 0
      vertex 29.46625414771418 21.03882650966669 1.5900000000000034
    endloop
  endfacet
  facet normal 0.8577286100002699 0.5141027441932253 -3.921489976365677e-18
    outer loop
      vertex 29.25183462651949 21.39656386848951 1.5900000000000034
      vertex 29.46625414771418 21.03882650966669 1.5900000000000034
      vertex 29.46625414771418 21.03882650966669 0
    endloop
  endfacet
  facet normal 0.67155895484702 0.7409511253549577 1.2023562761828884e-15
    outer loop
      vertex 29.994796179957174 20.394796179957172 1.5900000000000034
      vertex 30.303828542304508 20.114705573208365 1.5900000000000034
      vertex 30.18987285868893 20.21798898444699 0
    endloop
  endfacet
  facet normal 0.9700312531945429 0.2429801799032688 0
    outer loop
      vertex 28.933003573138112 22.166290121668535 1.5900000000000034
      vertex 28.933003573138112 22.166290121668535 0
      vertex 28.83166255828627 22.570866131431455 1.5900000000000034
    endloop
  endfacet
  facet normal 0.5956993044924324 0.8032075314806457 0
    outer loop
      vertex 30.638826509666693 19.86625414771418 1.5900000000000034
      vertex 30.638826509666693 19.86625414771418 0.5900000000000034
      vertex 30.303828542304508 20.114705573208365 0.5900000000000034
    endloop
  endfacet
  facet normal 0.42755509343027753 0.9039892931234456 9.037582144632502e-18
    outer loop
      vertex 30.99656386848951 19.651834626519488 1.5900000000000034
      vertex 31.373595412448367 19.47351198682703 1.5900000000000034
      vertex 31.373595412448367 19.47351198682703 0
    endloop
  endfacet
  facet normal 0.9415440651830207 -0.3368898533922202 0
    outer loop
      vertex 28.933003573138112 24.633709878331462 1.5900000000000034
      vertex 28.933003573138112 24.633709878331462 0.5900000000000034
      vertex 29.073511986827032 25.02640458755163 0.5900000000000034
    endloop
  endfacet
  facet normal 0.9039892931234456 -0.4275550934302775 0
    outer loop
      vertex 29.073511986827032 25.02640458755163 1.5900000000000034
      vertex 29.073511986827032 25.02640458755163 0.5900000000000034
      vertex 29.25183462651949 25.40343613151049 0.5900000000000034
    endloop
  endfacet
  facet normal 0.8577286100002698 -0.5141027441932253 0
    outer loop
      vertex 29.25183462651949 25.40343613151049 1.5900000000000034
      vertex 29.25183462651949 25.40343613151049 0.5900000000000034
      vertex 29.46625414771418 25.761173490333306 0.5900000000000034
    endloop
  endfacet
  facet normal 0.8032075314806457 -0.5956993044924324 0
    outer loop
      vertex 29.46625414771418 25.761173490333306 1.5900000000000034
      vertex 29.46625414771418 25.761173490333306 0.5900000000000034
      vertex 29.714705573208366 26.09617145769549 0.5900000000000034
    endloop
  endfacet
  facet normal 0.7409511253549578 -0.67155895484702 0
    outer loop
      vertex 29.714705573208366 26.09617145769549 1.5900000000000034
      vertex 29.714705573208366 26.09617145769549 0.5900000000000034
      vertex 29.994796179957174 26.405203820042825 0.5900000000000034
    endloop
  endfacet
  facet normal 0.67155895484702 -0.7409511253549578 0
    outer loop
      vertex 29.994796179957174 26.405203820042825 1.5900000000000034
      vertex 29.994796179957174 26.405203820042825 0.5900000000000034
      vertex 30.303828542304508 26.685294426791632 0.5900000000000034
    endloop
  endfacet
  facet normal 0.5956993044924324 -0.8032075314806457 0
    outer loop
      vertex 30.303828542304508 26.685294426791632 1.5900000000000034
      vertex 30.303828542304508 26.685294426791632 0.5900000000000034
      vertex 30.638826509666693 26.933745852285817 0.5900000000000034
    endloop
  endfacet
  facet normal 0.5141027441932221 -0.8577286100002718 0
    outer loop
      vertex 30.638826509666693 26.933745852285817 1.5900000000000034
      vertex 30.638826509666693 26.933745852285817 0.5900000000000034
      vertex 30.9 27.0902872180808 0.5900000000000034
    endloop
  endfacet
  facet normal 0.9700312531945428 0.24298017990326878 0
    outer loop
      vertex 28.83166255828627 22.570866131431455 1.5900000000000034
      vertex 28.933003573138112 22.166290121668535 0
      vertex 28.83166255828627 22.570866131431455 0.5900000000000034
    endloop
  endfacet
  facet normal 0.9987954562051724 0.049067674327417876 -6.4203955926662495e-19
    outer loop
      vertex 28.75 23.4 1.5900000000000034
      vertex 28.770464911643163 22.983427153599365 0.5900000000000034
      vertex 28.770464911643163 22.983427153599365 0
    endloop
  endfacet
  facet normal 0.9987954562051725 0.04906767432741787 0
    outer loop
      vertex 28.75 23.4 1.5900000000000034
      vertex 28.770464911643163 22.983427153599365 0
      vertex 28.75 23.4 0.5900000000000034
    endloop
  endfacet
  facet normal 0.9700312531945428 0.24298017990326876 0
    outer loop
      vertex 28.83166255828627 22.570866131431455 0.5900000000000034
      vertex 28.933003573138112 22.166290121668535 0
      vertex 28.83166255828627 22.570866131431455 0
    endloop
  endfacet
  facet normal 0.9987954562051724 0.04906767432741787 0
    outer loop
      vertex 28.75 23.4 0.5900000000000034
      vertex 28.770464911643163 22.983427153599365 0
      vertex 28.75 23.4 0
    endloop
  endfacet
  facet normal 0.6715589548470292 0.7409511253549493 0
    outer loop
      vertex 30.303828542304508 20.114705573208365 1.5900000000000034
      vertex 30.303828542304508 20.114705573208365 0.5900000000000034
      vertex 30.18987285868893 20.21798898444699 0
    endloop
  endfacet
  facet normal 0.5141027441932253 0.8577286100002699 0
    outer loop
      vertex 30.99656386848951 19.651834626519488 1.5900000000000034
      vertex 30.99656386848951 19.651834626519488 0
      vertex 30.638826509666693 19.86625414771418 0.5900000000000034
    endloop
  endfacet
  facet normal 0.7409511253549577 0.67155895484702 0
    outer loop
      vertex 29.714705573208366 20.703828542304507 1.5900000000000034
      vertex 29.994796179957174 20.394796179957172 0
      vertex 29.714705573208366 20.703828542304507 0
    endloop
  endfacet
  facet normal 0.8577286100002699 0.5141027441932253 0
    outer loop
      vertex 29.25183462651949 21.39656386848951 1.5900000000000034
      vertex 29.46625414771418 21.03882650966669 0
      vertex 29.25183462651949 21.39656386848951 0
    endloop
  endfacet
  facet normal 0.9039892931234456 0.42755509343027753 0
    outer loop
      vertex 29.073511986827032 21.773595412448365 1.5900000000000034
      vertex 29.25183462651949 21.39656386848951 0
      vertex 29.073511986827032 21.773595412448365 0
    endloop
  endfacet
  facet normal 0.8032075314806458 0.5956993044924324 0
    outer loop
      vertex 29.46625414771418 21.03882650966669 1.5900000000000034
      vertex 29.714705573208366 20.703828542304507 0
      vertex 29.46625414771418 21.03882650966669 0
    endloop
  endfacet
  facet normal 0.6715589548470146 0.7409511253549625 0
    outer loop
      vertex 29.994796179957174 20.394796179957172 1.5900000000000034
      vertex 30.18987285868893 20.21798898444699 0
      vertex 29.994796179957174 20.394796179957172 0
    endloop
  endfacet
  facet normal 0.9415440651830208 0.3368898533922202 0
    outer loop
      vertex 28.933003573138112 22.166290121668535 1.5900000000000034
      vertex 29.073511986827032 21.773595412448365 0
      vertex 28.933003573138112 22.166290121668535 0
    endloop
  endfacet
  facet normal 0.42755509343027753 0.9039892931234456 0
    outer loop
      vertex 30.99656386848951 19.651834626519488 1.5900000000000034
      vertex 31.373595412448367 19.47351198682703 0
      vertex 30.99656386848951 19.651834626519488 0
    endloop
  endfacet
  facet normal 0.5956993044924322 0.8032075314806457 0
    outer loop
      vertex 30.638826509666693 19.86625414771418 0.5900000000000034
      vertex 30.638826509666693 19.86625414771418 0
      vertex 30.303828542304508 20.114705573208365 0.5900000000000034
    endloop
  endfacet
  facet normal 0.5956993044924322 0.8032075314806457 0
    outer loop
      vertex 30.303828542304508 20.114705573208365 0.5900000000000034
      vertex 30.638826509666693 19.86625414771418 0
      vertex 30.303828542304508 20.114705573208365 0
    endloop
  endfacet
  facet normal 0.5141027441932208 0.8577286100002728 -3.856411110211425e-15
    outer loop
      vertex 30.638826509666693 19.86625414771418 0.5900000000000034
      vertex 30.99656386848951 19.651834626519488 0
      vertex 30.770742160732606 19.787186949273636 0
    endloop
  endfacet
  facet normal -0.04906767432741786 0.9987954562051723 2.3824109431906293e-19
    outer loop
      vertex 33 19.15 1.5900000000000034
      vertex 33.41657284640063 19.170464911643162 1.5900000000000034
      vertex 33.41657284640063 19.170464911643162 0
    endloop
  endfacet
  facet normal -0.1467304744553563 0.9891765099647817 -2.4068852927221403e-18
    outer loop
      vertex 33.41657284640063 19.170464911643162 1.5900000000000034
      vertex 33.82913386856855 19.231662558286267 1.5900000000000034
      vertex 33.82913386856855 19.231662558286267 0
    endloop
  endfacet
  facet normal -0.2429801799032688 0.9700312531945429 -3.516928488680611e-18
    outer loop
      vertex 33.82913386856855 19.231662558286267 1.5900000000000034
      vertex 34.23370987833147 19.33300357313811 1.5900000000000034
      vertex 34.23370987833147 19.33300357313811 0
    endloop
  endfacet
  facet normal -0.33688985339222294 0.9415440651830198 4.582015985573892e-18
    outer loop
      vertex 34.23370987833147 19.33300357313811 1.5900000000000034
      vertex 34.62640458755163 19.47351198682703 1.5900000000000034
      vertex 34.62640458755163 19.47351198682703 0
    endloop
  endfacet
  facet normal -0.04906767432741786 0.9987954562051723 0
    outer loop
      vertex 33 19.15 1.5900000000000034
      vertex 33.41657284640063 19.170464911643162 0
      vertex 33 19.15 0
    endloop
  endfacet
  facet normal -0.1467304744553563 0.9891765099647817 0
    outer loop
      vertex 33.41657284640063 19.170464911643162 1.5900000000000034
      vertex 33.82913386856855 19.231662558286267 0
      vertex 33.41657284640063 19.170464911643162 0
    endloop
  endfacet
  facet normal -0.2429801799032688 0.9700312531945429 0
    outer loop
      vertex 33.82913386856855 19.231662558286267 1.5900000000000034
      vertex 34.23370987833147 19.33300357313811 0
      vertex 33.82913386856855 19.231662558286267 0
    endloop
  endfacet
  facet normal -0.33688985339222294 0.9415440651830198 0
    outer loop
      vertex 34.23370987833147 19.33300357313811 1.5900000000000034
      vertex 34.62640458755163 19.47351198682703 0
      vertex 34.23370987833147 19.33300357313811 0
    endloop
  endfacet
  facet normal 0 0 -1
    outer loop
      vertex 33 19.15 1.5900000000000034
      vertex 33.20583599469208 21.310112073988385 1.5900000000000034
      vertex 33.41657284640063 19.170464911643162 1.5900000000000034
    endloop
  endfacet
  facet normal 0 0 -1
    outer loop
      vertex 33 19.15 1.5900000000000034
      vertex 33 21.299999999999997 1.5900000000000034
      vertex 33.20583599469208 21.310112073988385 1.5900000000000034
    endloop
  endfacet
  facet normal 0 0 -1
    outer loop
      vertex 33.41657284640063 19.170464911643162 1.5900000000000034
      vertex 33.20583599469208 21.310112073988385 1.5900000000000034
      vertex 33.40968967623387 21.340350911153216 1.5900000000000034
    endloop
  endfacet
  facet normal 0 0 -1
    outer loop
      vertex 33.41657284640063 19.170464911643162 1.5900000000000034
      vertex 33.40968967623387 21.340350911153216 1.5900000000000034
      vertex 33.60959782223437 21.39042529496236 1.5900000000000034
    endloop
  endfacet
  facet normal 0 0 -1
    outer loop
      vertex 33.41657284640063 19.170464911643162 1.5900000000000034
      vertex 33.60959782223437 21.39042529496236 1.5900000000000034
      vertex 33.82913386856855 19.231662558286267 1.5900000000000034
    endloop
  endfacet
  facet normal 0 0 -1
    outer loop
      vertex 33.82913386856855 19.231662558286267 1.5900000000000034
      vertex 33.9899331473346 21.54796534486845 1.5900000000000034
      vertex 34.23370987833147 19.33300357313811 1.5900000000000034
    endloop
  endfacet
  facet normal 0 0 -1
    outer loop
      vertex 33.82913386856855 19.231662558286267 1.5900000000000034
      vertex 33.60959782223437 21.39042529496236 1.5900000000000034
      vertex 33.803635207966686 21.459852981726296 1.5900000000000034
    endloop
  endfacet
  facet normal 0 0 -1
    outer loop
      vertex 33.82913386856855 19.231662558286267 1.5900000000000034
      vertex 33.803635207966686 21.459852981726296 1.5900000000000034
      vertex 33.9899331473346 21.54796534486845 1.5900000000000034
    endloop
  endfacet
  facet normal 0 0 -1
    outer loop
      vertex 34.23370987833147 19.33300357313811 1.5900000000000034
      vertex 34.33222589674366 21.77667804793825 1.5900000000000034
      vertex 34.62640458755163 19.47351198682703 1.5900000000000034
    endloop
  endfacet
  facet normal 0 0 -1
    outer loop
      vertex 34.62640458755163 19.47351198682703 1.5900000000000034
      vertex 34.746086185835345 22.233302510658834 1.5900000000000034
      vertex 35.00343613151049 19.651834626519488 1.5900000000000034
    endloop
  endfacet
  facet normal 0 0 -1
    outer loop
      vertex 34.23370987833147 19.33300357313811 1.5900000000000034
      vertex 33.9899331473346 21.54796534486845 1.5900000000000034
      vertex 34.16669748934117 21.653913814164653 1.5900000000000034
    endloop
  endfacet
  facet normal 0 0 -1
    outer loop
      vertex 34.23370987833147 19.33300357313811 1.5900000000000034
      vertex 34.16669748934117 21.653913814164653 1.5900000000000034
      vertex 34.33222589674366 21.77667804793825 1.5900000000000034
    endloop
  endfacet
  facet normal 0 0 -1
    outer loop
      vertex 34.62640458755163 19.47351198682703 1.5900000000000034
      vertex 34.33222589674366 21.77667804793825 1.5900000000000034
      vertex 34.48492424049175 21.915075759508248 1.5900000000000034
    endloop
  endfacet
  facet normal 0 0 -1
    outer loop
      vertex 34.62640458755163 19.47351198682703 1.5900000000000034
      vertex 34.48492424049175 21.915075759508248 1.5900000000000034
      vertex 34.62332195206175 22.067774103256344 1.5900000000000034
    endloop
  endfacet
  facet normal 0 0 -1
    outer loop
      vertex 34.62640458755163 19.47351198682703 1.5900000000000034
      vertex 34.62332195206175 22.067774103256344 1.5900000000000034
      vertex 34.746086185835345 22.233302510658834 1.5900000000000034
    endloop
  endfacet
  facet normal 0 0 -1
    outer loop
      vertex 35.00343613151049 19.651834626519488 1.5900000000000034
      vertex 34.746086185835345 22.233302510658834 1.5900000000000034
      vertex 34.85203465513155 22.410066852665402 1.5900000000000034
    endloop
  endfacet
  facet normal 0 0 -1
    outer loop
      vertex 35.00343613151049 19.651834626519488 1.5900000000000034
      vertex 34.85203465513155 22.410066852665402 1.5900000000000034
      vertex 34.940147018273706 22.59636479203331 1.5900000000000034
    endloop
  endfacet
  facet normal 0 0 -1
    outer loop
      vertex 35.00343613151049 19.651834626519488 1.5900000000000034
      vertex 34.940147018273706 22.59636479203331 1.5900000000000034
      vertex 35.009574705037636 22.79040217776563 1.5900000000000034
    endloop
  endfacet
  facet normal 0 0 -1
    outer loop
      vertex 35.00343613151049 19.651834626519488 1.5900000000000034
      vertex 35.009574705037636 22.79040217776563 1.5900000000000034
      vertex 35.36117349033331 19.86625414771418 1.5900000000000034
    endloop
  endfacet
  facet normal 0 0 -1
    outer loop
      vertex 35.36117349033331 19.86625414771418 1.5900000000000034
      vertex 35.009574705037636 22.79040217776563 1.5900000000000034
      vertex 35.05964908884678 22.990310323766128 1.5900000000000034
    endloop
  endfacet
  facet normal 0 0 -1
    outer loop
      vertex 35.36117349033331 19.86625414771418 1.5900000000000034
      vertex 35.05964908884678 22.990310323766128 1.5900000000000034
      vertex 35.08988792601161 23.194164005307922 1.5900000000000034
    endloop
  endfacet
  facet normal 0 0 -1
    outer loop
      vertex 35.36117349033331 19.86625414771418 1.5900000000000034
      vertex 35.08988792601161 23.194164005307922 1.5900000000000034
      vertex 35.1 23.4 1.5900000000000034
    endloop
  endfacet
  facet normal 0 0 -1
    outer loop
      vertex 35.36117349033331 19.86625414771418 1.5900000000000034
      vertex 35.36117349033331 26.933745852285817 1.5900000000000034
      vertex 35.69617145769549 20.114705573208365 1.5900000000000034
    endloop
  endfacet
  facet normal 0 0 -1
    outer loop
      vertex 35.69617145769549 20.114705573208365 1.5900000000000034
      vertex 35.69617145769549 26.685294426791632 1.5900000000000034
      vertex 36.00520382004283 20.394796179957172 1.5900000000000034
    endloop
  endfacet
  facet normal 0 0 -1
    outer loop
      vertex 35.36117349033331 19.86625414771418 1.5900000000000034
      vertex 35.1 23.4 1.5900000000000034
      vertex 35.1 27.0902872180808 1.5900000000000034
    endloop
  endfacet
  facet normal 0 0 -1
    outer loop
      vertex 36.00520382004283 20.394796179957172 1.5900000000000034
      vertex 36.00520382004283 26.405203820042825 1.5900000000000034
      vertex 36.28529442679163 20.703828542304507 1.5900000000000034
    endloop
  endfacet
  facet normal 0 0 -1
    outer loop
      vertex 36.28529442679163 20.703828542304507 1.5900000000000034
      vertex 36.28529442679163 26.09617145769549 1.5900000000000034
      vertex 36.53374585228582 21.03882650966669 1.5900000000000034
    endloop
  endfacet
  facet normal 0 0 -1
    outer loop
      vertex 36.53374585228582 21.03882650966669 1.5900000000000034
      vertex 36.53374585228582 25.761173490333306 1.5900000000000034
      vertex 36.74816537348051 21.39656386848951 1.5900000000000034
    endloop
  endfacet
  facet normal 0 0 -1
    outer loop
      vertex 36.74816537348051 21.39656386848951 1.5900000000000034
      vertex 36.74816537348051 25.40343613151049 1.5900000000000034
      vertex 36.92648801317297 21.773595412448365 1.5900000000000034
    endloop
  endfacet
  facet normal 0 0 -1
    outer loop
      vertex 36.92648801317297 21.773595412448365 1.5900000000000034
      vertex 36.92648801317297 25.02640458755163 1.5900000000000034
      vertex 37.06699642686189 22.166290121668535 1.5900000000000034
    endloop
  endfacet
  facet normal 0 0 -1
    outer loop
      vertex 37.06699642686189 22.166290121668535 1.5900000000000034
      vertex 37.06699642686189 24.633709878331462 1.5900000000000034
      vertex 37.16833744171373 22.570866131431455 1.5900000000000034
    endloop
  endfacet
  facet normal 0 0 -1
    outer loop
      vertex 36.53374585228582 21.03882650966669 1.5900000000000034
      vertex 36.28529442679163 26.09617145769549 1.5900000000000034
      vertex 36.53374585228582 25.761173490333306 1.5900000000000034
    endloop
  endfacet
  facet normal 0 0 -1
    outer loop
      vertex 36.92648801317297 21.773595412448365 1.5900000000000034
      vertex 36.74816537348051 25.40343613151049 1.5900000000000034
      vertex 36.92648801317297 25.02640458755163 1.5900000000000034
    endloop
  endfacet
  facet normal 0 0 -1
    outer loop
      vertex 36.53374585228582 25.761173490333306 1.5900000000000034
      vertex 36.74816537348051 25.40343613151049 1.5900000000000034
      vertex 36.74816537348051 21.39656386848951 1.5900000000000034
    endloop
  endfacet
  facet normal 0 0 -1
    outer loop
      vertex 37.06699642686189 22.166290121668535 1.5900000000000034
      vertex 36.92648801317297 25.02640458755163 1.5900000000000034
      vertex 37.06699642686189 24.633709878331462 1.5900000000000034
    endloop
  endfacet
  facet normal -0.5956993044924324 0.8032075314806457 0
    outer loop
      vertex 35.69617145769549 20.114705573208365 1.5900000000000034
      vertex 35.69617145769549 20.114705573208365 0.5900000000000034
      vertex 35.36117349033331 19.86625414771418 1.5900000000000034
    endloop
  endfacet
  facet normal -0.6715589548470157 0.7409511253549615 0
    outer loop
      vertex 35.69617145769549 20.114705573208365 1.5900000000000034
      vertex 36.00520382004283 20.394796179957172 1.5900000000000034
      vertex 35.69617145769549 20.114705573208365 0.5900000000000034
    endloop
  endfacet
  facet normal 0 0 -1
    outer loop
      vertex 35.36117349033331 19.86625414771418 1.5900000000000034
      vertex 35.1 27.0902872180808 1.5900000000000034
      vertex 35.36117349033331 26.933745852285817 1.5900000000000034
    endloop
  endfacet
  facet normal 0 0 -1
    outer loop
      vertex 35.69617145769549 20.114705573208365 1.5900000000000034
      vertex 35.36117349033331 26.933745852285817 1.5900000000000034
      vertex 35.69617145769549 26.685294426791632 1.5900000000000034
    endloop
  endfacet
  facet normal 0 0 -1
    outer loop
      vertex 36.00520382004283 20.394796179957172 1.5900000000000034
      vertex 35.69617145769549 26.685294426791632 1.5900000000000034
      vertex 36.00520382004283 26.405203820042825 1.5900000000000034
    endloop
  endfacet
  facet normal 0 0 -1
    outer loop
      vertex 36.28529442679163 20.703828542304507 1.5900000000000034
      vertex 36.00520382004283 26.405203820042825 1.5900000000000034
      vertex 36.28529442679163 26.09617145769549 1.5900000000000034
    endloop
  endfacet
  facet normal -0.5956993044924324 -0.8032075314806457 1.2009407830852794e-17
    outer loop
      vertex 35.36117349033331 26.933745852285817 1.5900000000000034
      vertex 35.69617145769549 26.685294426791632 0.5900000000000034
      vertex 35.69617145769549 26.685294426791632 1.5900000000000034
    endloop
  endfacet
  facet normal -0.6715589548470157 -0.7409511253549615 4.662028567537539e-18
    outer loop
      vertex 35.69617145769549 26.685294426791632 1.5900000000000034
      vertex 36.00520382004283 26.405203820042825 0.5900000000000034
      vertex 36.00520382004283 26.405203820042825 1.5900000000000034
    endloop
  endfacet
  facet normal -0.9415440651830207 -0.3368898533922202 -6.292304531249243e-18
    outer loop
      vertex 36.92648801317297 25.02640458755163 1.5900000000000034
      vertex 37.06699642686189 24.633709878331462 0.5900000000000034
      vertex 37.06699642686189 24.633709878331462 1.5900000000000034
    endloop
  endfacet
  facet normal -0.9039892931234422 -0.4275550934302844 0
    outer loop
      vertex 36.92648801317297 25.02640458755163 1.5900000000000034
      vertex 36.74816537348051 25.40343613151049 1.5900000000000034
      vertex 36.92648801317297 25.02640458755163 0.5900000000000034
    endloop
  endfacet
  facet normal -0.8577286100002698 -0.5141027441932253 -6.23516906242144e-18
    outer loop
      vertex 36.53374585228582 25.761173490333306 1.5900000000000034
      vertex 36.74816537348051 25.40343613151049 0.5900000000000034
      vertex 36.74816537348051 25.40343613151049 1.5900000000000034
    endloop
  endfacet
  facet normal -0.7409511253549662 -0.6715589548470107 0
    outer loop
      vertex 36.28529442679163 26.09617145769549 1.5900000000000034
      vertex 36.00520382004283 26.405203820042825 1.5900000000000034
      vertex 36.28529442679163 26.09617145769549 0.5900000000000034
    endloop
  endfacet
  facet normal -0.8032075314806416 -0.5956993044924378 -1.326156620591397e-17
    outer loop
      vertex 36.28529442679163 26.09617145769549 1.5900000000000034
      vertex 36.53374585228582 25.761173490333306 0.5900000000000034
      vertex 36.53374585228582 25.761173490333306 1.5900000000000034
    endloop
  endfacet
  facet normal -0.5141027441932221 -0.8577286100002718 0
    outer loop
      vertex 35.1 27.0902872180808 1.5900000000000034
      vertex 35.1 27.0902872180808 0.5900000000000034
      vertex 35.36117349033331 26.933745852285817 1.5900000000000034
    endloop
  endfacet
  facet normal -0.42755509343027753 0.9039892931234456 -9.037582144632502e-18
    outer loop
      vertex 34.62640458755163 19.47351198682703 1.5900000000000034
      vertex 35.00343613151049 19.651834626519488 1.5900000000000034
      vertex 35.00343613151049 19.651834626519488 0
    endloop
  endfacet
  facet normal -0.5141027441932253 0.8577286100002699 3.921489976365677e-18
    outer loop
      vertex 35.00343613151049 19.651834626519488 1.5900000000000034
      vertex 35.36117349033331 19.86625414771418 1.5900000000000034
      vertex 35.36117349033331 19.86625414771418 0
    endloop
  endfacet
  facet normal -0.7409511253549661 0.6715589548470106 -1.4204223731237415e-18
    outer loop
      vertex 36.00520382004283 20.394796179957172 1.5900000000000034
      vertex 36.28529442679163 20.703828542304507 1.5900000000000034
      vertex 36.28529442679163 20.703828542304507 0
    endloop
  endfacet
  facet normal -0.8032075314806416 0.5956993044924378 8.340607676675435e-18
    outer loop
      vertex 36.28529442679163 20.703828542304507 1.5900000000000034
      vertex 36.53374585228582 21.03882650966669 1.5900000000000034
      vertex 36.53374585228582 21.03882650966669 0
    endloop
  endfacet
  facet normal -0.8577286100002699 0.5141027441932253 3.921489976365677e-18
    outer loop
      vertex 36.53374585228582 21.03882650966669 1.5900000000000034
      vertex 36.74816537348051 21.39656386848951 1.5900000000000034
      vertex 36.74816537348051 21.39656386848951 0
    endloop
  endfacet
  facet normal -0.9039892931234422 0.4275550934302845 1.8460763993630935e-18
    outer loop
      vertex 36.74816537348051 21.39656386848951 1.5900000000000034
      vertex 36.92648801317297 21.773595412448365 1.5900000000000034
      vertex 36.92648801317297 21.773595412448365 0
    endloop
  endfacet
  facet normal -0.9415440651830208 0.3368898533922202 3.9574242334900814e-18
    outer loop
      vertex 36.92648801317297 21.773595412448365 1.5900000000000034
      vertex 37.06699642686189 22.166290121668535 1.5900000000000034
      vertex 37.06699642686189 22.166290121668535 0
    endloop
  endfacet
  facet normal -0.6715589548470157 0.7409511253549615 0
    outer loop
      vertex 36.00520382004283 20.394796179957172 1.5900000000000034
      vertex 36.00520382004283 20.394796179957172 0.5900000000000034
      vertex 35.69617145769549 20.114705573208365 0.5900000000000034
    endloop
  endfacet
  facet normal -0.6715589548470157 -0.7409511253549615 0
    outer loop
      vertex 35.69617145769549 26.685294426791632 1.5900000000000034
      vertex 35.69617145769549 26.685294426791632 0.5900000000000034
      vertex 36.00520382004283 26.405203820042825 0.5900000000000034
    endloop
  endfacet
  facet normal -0.9700312531945448 -0.24298017990326076 0
    outer loop
      vertex 37.06699642686189 24.633709878331462 1.5900000000000034
      vertex 37.06699642686189 24.633709878331462 0.5900000000000034
      vertex 37.16833744171373 24.229133868568542 0.5900000000000034
    endloop
  endfacet
  facet normal -0.9415440651830207 -0.3368898533922202 0
    outer loop
      vertex 36.92648801317297 25.02640458755163 1.5900000000000034
      vertex 36.92648801317297 25.02640458755163 0.5900000000000034
      vertex 37.06699642686189 24.633709878331462 0.5900000000000034
    endloop
  endfacet
  facet normal -0.9039892931234422 -0.4275550934302844 0
    outer loop
      vertex 36.74816537348051 25.40343613151049 1.5900000000000034
      vertex 36.74816537348051 25.40343613151049 0.5900000000000034
      vertex 36.92648801317297 25.02640458755163 0.5900000000000034
    endloop
  endfacet
  facet normal -0.8577286100002698 -0.5141027441932253 0
    outer loop
      vertex 36.53374585228582 25.761173490333306 1.5900000000000034
      vertex 36.53374585228582 25.761173490333306 0.5900000000000034
      vertex 36.74816537348051 25.40343613151049 0.5900000000000034
    endloop
  endfacet
  facet normal -0.8032075314806416 -0.5956993044924378 0
    outer loop
      vertex 36.28529442679163 26.09617145769549 1.5900000000000034
      vertex 36.28529442679163 26.09617145769549 0.5900000000000034
      vertex 36.53374585228582 25.761173490333306 0.5900000000000034
    endloop
  endfacet
  facet normal -0.7409511253549662 -0.6715589548470107 0
    outer loop
      vertex 36.00520382004283 26.405203820042825 1.5900000000000034
      vertex 36.00520382004283 26.405203820042825 0.5900000000000034
      vertex 36.28529442679163 26.09617145769549 0.5900000000000034
    endloop
  endfacet
  facet normal -0.5141027441932221 -0.8577286100002718 0
    outer loop
      vertex 35.36117349033331 26.933745852285817 1.5900000000000034
      vertex 35.1 27.0902872180808 0.5900000000000034
      vertex 35.36117349033331 26.933745852285817 0.5900000000000034
    endloop
  endfacet
  facet normal -0.5956993044924324 -0.8032075314806457 0
    outer loop
      vertex 35.36117349033331 26.933745852285817 1.5900000000000034
      vertex 35.36117349033331 26.933745852285817 0.5900000000000034
      vertex 35.69617145769549 26.685294426791632 0.5900000000000034
    endloop
  endfacet
  facet normal 0 0 -1
    outer loop
      vertex 37.16833744171373 22.570866131431455 1.5900000000000034
      vertex 37.16833744171373 24.229133868568542 1.5900000000000034
      vertex 37.22953508835684 22.983427153599365 1.5900000000000034
    endloop
  endfacet
  facet normal 0 0 -1
    outer loop
      vertex 37.22953508835684 22.983427153599365 1.5900000000000034
      vertex 37.22953508835684 23.816572846400632 1.5900000000000034
      vertex 37.25 23.4 1.5900000000000034
    endloop
  endfacet
  facet normal 0 0 -1
    outer loop
      vertex 37.22953508835684 22.983427153599365 1.5900000000000034
      vertex 37.16833744171373 24.229133868568542 1.5900000000000034
      vertex 37.22953508835684 23.816572846400632 1.5900000000000034
    endloop
  endfacet
  facet normal 0 0 -1
    outer loop
      vertex 37.16833744171373 22.570866131431455 1.5900000000000034
      vertex 37.06699642686189 24.633709878331462 1.5900000000000034
      vertex 37.16833744171373 24.229133868568542 1.5900000000000034
    endloop
  endfacet
  facet normal -0.9700312531945448 0.24298017990326076 -7.969630951057541e-18
    outer loop
      vertex 37.06699642686189 22.166290121668535 1.5900000000000034
      vertex 37.16833744171373 22.570866131431455 1.5900000000000034
      vertex 37.16833744171373 22.570866131431455 0.5900000000000034
    endloop
  endfacet
  facet normal -0.9891765099647803 0.14673047445536588 0
    outer loop
      vertex 37.16833744171373 22.570866131431455 1.5900000000000034
      vertex 37.22953508835684 22.983427153599365 1.5900000000000034
      vertex 37.16833744171373 22.570866131431455 0.5900000000000034
    endloop
  endfacet
  facet normal -0.9987954562051728 0.04906767432740937 -2.0843991379100436e-19
    outer loop
      vertex 37.22953508835684 22.983427153599365 1.5900000000000034
      vertex 37.25 23.4 1.5900000000000034
      vertex 37.25 23.4 0.5900000000000034
    endloop
  endfacet
  facet normal -0.9987954562051728 -0.04906767432740937 0
    outer loop
      vertex 37.25 23.4 1.5900000000000034
      vertex 37.22953508835684 23.816572846400632 1.5900000000000034
      vertex 37.25 23.4 0.5900000000000034
    endloop
  endfacet
  facet normal -0.9891765099647803 -0.14673047445536588 0
    outer loop
      vertex 37.22953508835684 23.816572846400632 1.5900000000000034
      vertex 37.16833744171373 24.229133868568542 1.5900000000000034
      vertex 37.22953508835684 23.816572846400632 0.5900000000000034
    endloop
  endfacet
  facet normal -0.9700312531945448 -0.24298017990326076 7.969630951057541e-18
    outer loop
      vertex 37.06699642686189 24.633709878331462 1.5900000000000034
      vertex 37.16833744171373 24.229133868568542 0.5900000000000034
      vertex 37.16833744171373 24.229133868568542 1.5900000000000034
    endloop
  endfacet
  facet normal -0.9891765099647803 0.14673047445536588 0
    outer loop
      vertex 37.22953508835684 22.983427153599365 1.5900000000000034
      vertex 37.22953508835684 22.983427153599365 0.5900000000000034
      vertex 37.16833744171373 22.570866131431455 0.5900000000000034
    endloop
  endfacet
  facet normal -0.9987954562051728 -0.04906767432740937 0
    outer loop
      vertex 37.22953508835684 23.816572846400632 1.5900000000000034
      vertex 37.22953508835684 23.816572846400632 0.5900000000000034
      vertex 37.25 23.4 0.5900000000000034
    endloop
  endfacet
  facet normal -0.9891765099647803 -0.14673047445536588 0
    outer loop
      vertex 37.16833744171373 24.229133868568542 1.5900000000000034
      vertex 37.16833744171373 24.229133868568542 0.5900000000000034
      vertex 37.22953508835684 23.816572846400632 0.5900000000000034
    endloop
  endfacet
  facet normal -0.42755509343027753 0.9039892931234456 0
    outer loop
      vertex 34.62640458755163 19.47351198682703 1.5900000000000034
      vertex 35.00343613151049 19.651834626519488 0
      vertex 34.62640458755163 19.47351198682703 0
    endloop
  endfacet
  facet normal -0.5956993044924322 0.8032075314806457 -2.0354928526869023e-17
    outer loop
      vertex 35.36117349033331 19.86625414771418 1.5900000000000034
      vertex 35.69617145769549 20.114705573208365 0.5900000000000034
      vertex 35.69617145769549 20.114705573208365 0
    endloop
  endfacet
  facet normal -0.7409511253549662 0.6715589548470107 0
    outer loop
      vertex 36.00520382004283 20.394796179957172 1.5900000000000034
      vertex 36.28529442679163 20.703828542304507 0
      vertex 36.00520382004283 20.394796179957172 0.5900000000000034
    endloop
  endfacet
  facet normal -0.5141027441932253 0.8577286100002699 0
    outer loop
      vertex 35.00343613151049 19.651834626519488 1.5900000000000034
      vertex 35.36117349033331 19.86625414771418 0
      vertex 35.00343613151049 19.651834626519488 0
    endloop
  endfacet
  facet normal -0.5956993044924324 0.8032075314806458 0
    outer loop
      vertex 35.36117349033331 19.86625414771418 1.5900000000000034
      vertex 35.69617145769549 20.114705573208365 0
      vertex 35.36117349033331 19.86625414771418 0
    endloop
  endfacet
  facet normal -0.8032075314806416 0.5956993044924378 0
    outer loop
      vertex 36.28529442679163 20.703828542304507 1.5900000000000034
      vertex 36.53374585228582 21.03882650966669 0
      vertex 36.28529442679163 20.703828542304507 0
    endloop
  endfacet
  facet normal -0.8577286100002699 0.5141027441932253 0
    outer loop
      vertex 36.53374585228582 21.03882650966669 1.5900000000000034
      vertex 36.74816537348051 21.39656386848951 0
      vertex 36.53374585228582 21.03882650966669 0
    endloop
  endfacet
  facet normal -0.9039892931234422 0.4275550934302845 0
    outer loop
      vertex 36.74816537348051 21.39656386848951 1.5900000000000034
      vertex 36.92648801317297 21.773595412448365 0
      vertex 36.74816537348051 21.39656386848951 0
    endloop
  endfacet
  facet normal -0.9415440651830208 0.3368898533922202 0
    outer loop
      vertex 36.92648801317297 21.773595412448365 1.5900000000000034
      vertex 37.06699642686189 22.166290121668535 0
      vertex 36.92648801317297 21.773595412448365 0
    endloop
  endfacet
  facet normal -0.9700312531945448 0.2429801799032608 0
    outer loop
      vertex 37.06699642686189 22.166290121668535 1.5900000000000034
      vertex 37.16833744171373 22.570866131431455 0
      vertex 37.06699642686189 22.166290121668535 0
    endloop
  endfacet
  facet normal -0.7409511253549662 0.6715589548470106 0
    outer loop
      vertex 36.00520382004283 20.394796179957172 0.5900000000000034
      vertex 36.28529442679163 20.703828542304507 0
      vertex 36.00520382004283 20.394796179957172 0
    endloop
  endfacet
  facet normal -0.9700312531945448 0.24298017990326082 -1.3507849069588976e-17
    outer loop
      vertex 37.06699642686189 22.166290121668535 1.5900000000000034
      vertex 37.16833744171373 22.570866131431455 0.5900000000000034
      vertex 37.16833744171373 22.570866131431455 0
    endloop
  endfacet
  facet normal -0.9987954562051728 0.04906767432740937 0
    outer loop
      vertex 37.22953508835684 22.983427153599365 1.5900000000000034
      vertex 37.25 23.4 0
      vertex 37.22953508835684 22.983427153599365 0.5900000000000034
    endloop
  endfacet
  facet normal -0.9987954562051728 0.04906767432740938 -3.5328798947627656e-19
    outer loop
      vertex 37.22953508835684 22.983427153599365 1.5900000000000034
      vertex 37.25 23.4 0.5900000000000034
      vertex 37.25 23.4 0
    endloop
  endfacet
  facet normal -0.9987954562051728 0.04906767432740937 0
    outer loop
      vertex 37.22953508835684 22.983427153599365 0.5900000000000034
      vertex 37.25 23.4 0
      vertex 37.22953508835684 22.983427153599365 0
    endloop
  endfacet
  facet normal 0 0 -1
    outer loop
      vertex 28.83166255828627 53.77086613143145 1.5900000000000034
      vertex 28.83166255828627 55.42913386856854 1.5900000000000034
      vertex 28.933003573138112 53.36629012166853 1.5900000000000034
    endloop
  endfacet
  facet normal 0 0 -1
    outer loop
      vertex 28.83166255828627 53.77086613143145 1.5900000000000034
      vertex 28.770464911643163 54.18342715359936 1.5900000000000034
      vertex 28.770464911643163 55.01657284640063 1.5900000000000034
    endloop
  endfacet
  facet normal 0 0 -1
    outer loop
      vertex 28.770464911643163 54.18342715359936 1.5900000000000034
      vertex 28.75 54.599999999999994 1.5900000000000034
      vertex 28.770464911643163 55.01657284640063 1.5900000000000034
    endloop
  endfacet
  facet normal 0 0 -1
    outer loop
      vertex 28.83166255828627 53.77086613143145 1.5900000000000034
      vertex 28.770464911643163 55.01657284640063 1.5900000000000034
      vertex 28.83166255828627 55.42913386856854 1.5900000000000034
    endloop
  endfacet
  facet normal 0.9891765099647818 0.1467304744553563 3.8269476154282115e-18
    outer loop
      vertex 28.83166255828627 53.77086613143145 1.5900000000000034
      vertex 28.770464911643163 54.18342715359936 0.5900000000000034
      vertex 28.770464911643163 54.18342715359936 1.5900000000000034
    endloop
  endfacet
  facet normal 0.9987954562051725 0.04906767432741787 0
    outer loop
      vertex 28.770464911643163 54.18342715359936 1.5900000000000034
      vertex 28.770464911643163 54.18342715359936 0.5900000000000034
      vertex 28.75 54.599999999999994 1.5900000000000034
    endloop
  endfacet
  facet normal 0.9987954562051725 -0.04906767432741787 3.788033399673109e-19
    outer loop
      vertex 28.75 54.599999999999994 1.5900000000000034
      vertex 28.770464911643163 55.01657284640063 0.5900000000000034
      vertex 28.770464911643163 55.01657284640063 1.5900000000000034
    endloop
  endfacet
  facet normal 0.9891765099647818 -0.1467304744553563 -3.8269476154282115e-18
    outer loop
      vertex 28.770464911643163 55.01657284640063 1.5900000000000034
      vertex 28.83166255828627 55.42913386856854 0.5900000000000034
      vertex 28.83166255828627 55.42913386856854 1.5900000000000034
    endloop
  endfacet
  facet normal 0.9891765099647818 0.1467304744553563 0
    outer loop
      vertex 28.83166255828627 53.77086613143145 1.5900000000000034
      vertex 28.83166255828627 53.77086613143145 0.5900000000000034
      vertex 28.770464911643163 54.18342715359936 0.5900000000000034
    endloop
  endfacet
  facet normal 0.9987954562051725 -0.04906767432741787 0
    outer loop
      vertex 28.75 54.599999999999994 1.5900000000000034
      vertex 28.75 54.599999999999994 0.5900000000000034
      vertex 28.770464911643163 55.01657284640063 0.5900000000000034
    endloop
  endfacet
  facet normal 0.9891765099647818 -0.1467304744553563 0
    outer loop
      vertex 28.770464911643163 55.01657284640063 1.5900000000000034
      vertex 28.770464911643163 55.01657284640063 0.5900000000000034
      vertex 28.83166255828627 55.42913386856854 0.5900000000000034
    endloop
  endfacet
  facet normal 0.9700312531945428 -0.24298017990326878 0
    outer loop
      vertex 28.83166255828627 55.42913386856854 1.5900000000000034
      vertex 28.83166255828627 55.42913386856854 0.5900000000000034
      vertex 28.933003573138112 55.83370987833146 0.5900000000000034
    endloop
  endfacet
  facet normal 0 0 -1
    outer loop
      vertex 29.714705573208366 51.9038285423045 1.5900000000000034
      vertex 29.714705573208366 57.296171457695486 1.5900000000000034
      vertex 29.994796179957174 51.594796179957164 1.5900000000000034
    endloop
  endfacet
  facet normal 0 0 -1
    outer loop
      vertex 29.994796179957174 51.594796179957164 1.5900000000000034
      vertex 29.994796179957174 57.605203820042824 1.5900000000000034
      vertex 30.303828542304508 51.314705573208364 1.5900000000000034
    endloop
  endfacet
  facet normal 0 0 -1
    outer loop
      vertex 30.638826509666693 51.066254147714176 1.5900000000000034
      vertex 30.303828542304508 51.314705573208364 1.5900000000000034
      vertex 30.303828542304508 57.885294426791624 1.5900000000000034
    endloop
  endfacet
  facet normal 0 0 -1
    outer loop
      vertex 30.638826509666693 51.066254147714176 1.5900000000000034
      vertex 30.638826509666693 58.13374585228581 1.5900000000000034
      vertex 30.99656386848951 50.851834626519484 1.5900000000000034
    endloop
  endfacet
  facet normal 0.5141027441932253 0.8577286100002698 0
    outer loop
      vertex 30.638826509666693 51.066254147714176 1.5900000000000034
      vertex 30.99656386848951 50.851834626519484 1.5900000000000034
      vertex 30.638826509666693 51.066254147714176 0.5900000000000034
    endloop
  endfacet
  facet normal 0.5956993044924378 0.8032075314806416 -1.326156620591397e-17
    outer loop
      vertex 30.638826509666693 51.066254147714176 1.5900000000000034
      vertex 30.303828542304508 51.314705573208364 0.5900000000000034
      vertex 30.303828542304508 51.314705573208364 1.5900000000000034
    endloop
  endfacet
  facet normal 0 0 -1
    outer loop
      vertex 32.17086613143145 50.43166255828626 1.5900000000000034
      vertex 32.59031032376613 52.54035091115321 1.5900000000000034
      vertex 32.58342715359937 50.370464911643154 1.5900000000000034
    endloop
  endfacet
  facet normal 0 0 -1
    outer loop
      vertex 32.58342715359937 50.370464911643154 1.5900000000000034
      vertex 33 52.49999999999999 1.5900000000000034
      vertex 33 50.349999999999994 1.5900000000000034
    endloop
  endfacet
  facet normal 0 0 -1
    outer loop
      vertex 30.99656386848951 50.851834626519484 1.5900000000000034
      vertex 31.253913814164655 53.43330251065883 1.5900000000000034
      vertex 31.373595412448367 50.67351198682702 1.5900000000000034
    endloop
  endfacet
  facet normal 0 0 -1
    outer loop
      vertex 31.373595412448367 50.67351198682702 1.5900000000000034
      vertex 31.376678047938253 53.267774103256336 1.5900000000000034
      vertex 31.51507575950825 53.115075759508244 1.5900000000000034
    endloop
  endfacet
  facet normal 0 0 -1
    outer loop
      vertex 31.373595412448367 50.67351198682702 1.5900000000000034
      vertex 31.667774103256345 52.97667804793824 1.5900000000000034
      vertex 31.766290121668536 50.5330035731381 1.5900000000000034
    endloop
  endfacet
  facet normal 0 0 -1
    outer loop
      vertex 31.373595412448367 50.67351198682702 1.5900000000000034
      vertex 31.51507575950825 53.115075759508244 1.5900000000000034
      vertex 31.667774103256345 52.97667804793824 1.5900000000000034
    endloop
  endfacet
  facet normal 0 0 -1
    outer loop
      vertex 31.766290121668536 50.5330035731381 1.5900000000000034
      vertex 31.833302510658836 52.85391381416465 1.5900000000000034
      vertex 32.0100668526654 52.74796534486845 1.5900000000000034
    endloop
  endfacet
  facet normal 0 0 -1
    outer loop
      vertex 31.667774103256345 52.97667804793824 1.5900000000000034
      vertex 31.833302510658836 52.85391381416465 1.5900000000000034
      vertex 31.766290121668536 50.5330035731381 1.5900000000000034
    endloop
  endfacet
  facet normal 0 0 -1
    outer loop
      vertex 30.99656386848951 50.851834626519484 1.5900000000000034
      vertex 31.147965344868453 53.6100668526654 1.5900000000000034
      vertex 31.253913814164655 53.43330251065883 1.5900000000000034
    endloop
  endfacet
  facet normal 0 0 -1
    outer loop
      vertex 30.99656386848951 50.851834626519484 1.5900000000000034
      vertex 30.940350911153217 54.19031032376613 1.5900000000000034
      vertex 30.99042529496236 53.990402177765624 1.5900000000000034
    endloop
  endfacet
  facet normal 0 0 -1
    outer loop
      vertex 30.99656386848951 50.851834626519484 1.5900000000000034
      vertex 30.99042529496236 53.990402177765624 1.5900000000000034
      vertex 31.059852981726298 53.79636479203331 1.5900000000000034
    endloop
  endfacet
  facet normal 0 0 -1
    outer loop
      vertex 30.99656386848951 50.851834626519484 1.5900000000000034
      vertex 31.059852981726298 53.79636479203331 1.5900000000000034
      vertex 31.147965344868453 53.6100668526654 1.5900000000000034
    endloop
  endfacet
  facet normal 0 0 -1
    outer loop
      vertex 31.373595412448367 50.67351198682702 1.5900000000000034
      vertex 31.253913814164655 53.43330251065883 1.5900000000000034
      vertex 31.376678047938253 53.267774103256336 1.5900000000000034
    endloop
  endfacet
  facet normal 0 0 -1
    outer loop
      vertex 30.99656386848951 50.851834626519484 1.5900000000000034
      vertex 30.910112073988387 54.394164005307914 1.5900000000000034
      vertex 30.940350911153217 54.19031032376613 1.5900000000000034
    endloop
  endfacet
  facet normal 0 0 -1
    outer loop
      vertex 31.766290121668536 50.5330035731381 1.5900000000000034
      vertex 32.196364792033314 52.65985298172629 1.5900000000000034
      vertex 32.17086613143145 50.43166255828626 1.5900000000000034
    endloop
  endfacet
  facet normal 0 0 -1
    outer loop
      vertex 31.766290121668536 50.5330035731381 1.5900000000000034
      vertex 32.0100668526654 52.74796534486845 1.5900000000000034
      vertex 32.196364792033314 52.65985298172629 1.5900000000000034
    endloop
  endfacet
  facet normal 0 0 -1
    outer loop
      vertex 32.17086613143145 50.43166255828626 1.5900000000000034
      vertex 32.196364792033314 52.65985298172629 1.5900000000000034
      vertex 32.39040217776563 52.59042529496236 1.5900000000000034
    endloop
  endfacet
  facet normal 0 0 -1
    outer loop
      vertex 32.17086613143145 50.43166255828626 1.5900000000000034
      vertex 32.39040217776563 52.59042529496236 1.5900000000000034
      vertex 32.59031032376613 52.54035091115321 1.5900000000000034
    endloop
  endfacet
  facet normal 0 0 -1
    outer loop
      vertex 32.58342715359937 50.370464911643154 1.5900000000000034
      vertex 32.79416400530792 52.51011207398838 1.5900000000000034
      vertex 33 52.49999999999999 1.5900000000000034
    endloop
  endfacet
  facet normal 0 0 -1
    outer loop
      vertex 32.58342715359937 50.370464911643154 1.5900000000000034
      vertex 32.59031032376613 52.54035091115321 1.5900000000000034
      vertex 32.79416400530792 52.51011207398838 1.5900000000000034
    endloop
  endfacet
  facet normal 0 0 -1
    outer loop
      vertex 29.073511986827032 52.97359541244836 1.5900000000000034
      vertex 28.933003573138112 53.36629012166853 1.5900000000000034
      vertex 28.933003573138112 55.83370987833146 1.5900000000000034
    endloop
  endfacet
  facet normal 0 0 -1
    outer loop
      vertex 29.46625414771418 52.23882650966669 1.5900000000000034
      vertex 29.25183462651949 52.596563868489504 1.5900000000000034
      vertex 29.25183462651949 56.603436131510485 1.5900000000000034
    endloop
  endfacet
  facet normal 0 0 -1
    outer loop
      vertex 29.073511986827032 52.97359541244836 1.5900000000000034
      vertex 29.073511986827032 56.22640458755163 1.5900000000000034
      vertex 29.25183462651949 52.596563868489504 1.5900000000000034
    endloop
  endfacet
  facet normal 0 0 -1
    outer loop
      vertex 29.46625414771418 52.23882650966669 1.5900000000000034
      vertex 29.46625414771418 56.9611734903333 1.5900000000000034
      vertex 29.714705573208366 51.9038285423045 1.5900000000000034
    endloop
  endfacet
  facet normal 0 0 -1
    outer loop
      vertex 28.933003573138112 53.36629012166853 1.5900000000000034
      vertex 28.83166255828627 55.42913386856854 1.5900000000000034
      vertex 28.933003573138112 55.83370987833146 1.5900000000000034
    endloop
  endfacet
  facet normal 0 0 -1
    outer loop
      vertex 29.073511986827032 52.97359541244836 1.5900000000000034
      vertex 28.933003573138112 55.83370987833146 1.5900000000000034
      vertex 29.073511986827032 56.22640458755163 1.5900000000000034
    endloop
  endfacet
  facet normal 0 0 -1
    outer loop
      vertex 29.25183462651949 52.596563868489504 1.5900000000000034
      vertex 29.073511986827032 56.22640458755163 1.5900000000000034
      vertex 29.25183462651949 56.603436131510485 1.5900000000000034
    endloop
  endfacet
  facet normal 0 0 -1
    outer loop
      vertex 29.46625414771418 52.23882650966669 1.5900000000000034
      vertex 29.25183462651949 56.603436131510485 1.5900000000000034
      vertex 29.46625414771418 56.9611734903333 1.5900000000000034
    endloop
  endfacet
  facet normal 0 0 -1
    outer loop
      vertex 29.714705573208366 51.9038285423045 1.5900000000000034
      vertex 29.46625414771418 56.9611734903333 1.5900000000000034
      vertex 29.714705573208366 57.296171457695486 1.5900000000000034
    endloop
  endfacet
  facet normal 0 0 -1
    outer loop
      vertex 29.994796179957174 51.594796179957164 1.5900000000000034
      vertex 29.714705573208366 57.296171457695486 1.5900000000000034
      vertex 29.994796179957174 57.605203820042824 1.5900000000000034
    endloop
  endfacet
  facet normal 0 0 -1
    outer loop
      vertex 30.99656386848951 50.851834626519484 1.5900000000000034
      vertex 30.638826509666693 58.13374585228581 1.5900000000000034
      vertex 30.910112073988387 54.394164005307914 1.5900000000000034
    endloop
  endfacet
  facet normal 0 0 -1
    outer loop
      vertex 30.303828542304508 51.314705573208364 1.5900000000000034
      vertex 29.994796179957174 57.605203820042824 1.5900000000000034
      vertex 30.303828542304508 57.885294426791624 1.5900000000000034
    endloop
  endfacet
  facet normal 0 0 -1
    outer loop
      vertex 30.638826509666693 51.066254147714176 1.5900000000000034
      vertex 30.303828542304508 57.885294426791624 1.5900000000000034
      vertex 30.638826509666693 58.13374585228581 1.5900000000000034
    endloop
  endfacet
  facet normal 0 0 -1
    outer loop
      vertex 30.910112073988387 54.394164005307914 1.5900000000000034
      vertex 30.638826509666693 58.13374585228581 1.5900000000000034
      vertex 30.9 54.599999999999994 1.5900000000000034
    endloop
  endfacet
  facet normal 0 0 -1
    outer loop
      vertex 30.9 54.599999999999994 1.5900000000000034
      vertex 30.638826509666693 58.13374585228581 1.5900000000000034
      vertex 30.9 58.2902872180808 1.5900000000000034
    endloop
  endfacet
  facet normal 0.9700312531945428 -0.24298017990326878 -5.591916297002182e-18
    outer loop
      vertex 28.83166255828627 55.42913386856854 1.5900000000000034
      vertex 28.933003573138112 55.83370987833146 0.5900000000000034
      vertex 28.933003573138112 55.83370987833146 1.5900000000000034
    endloop
  endfacet
  facet normal 0.9415440651830197 -0.33688985339222294 7.285405417062503e-18
    outer loop
      vertex 28.933003573138112 55.83370987833146 1.5900000000000034
      vertex 29.073511986827032 56.22640458755163 0.5900000000000034
      vertex 29.073511986827032 56.22640458755163 1.5900000000000034
    endloop
  endfacet
  facet normal 0.9039892931234456 -0.4275550934302775 -1.4369755609965708e-17
    outer loop
      vertex 29.073511986827032 56.22640458755163 1.5900000000000034
      vertex 29.25183462651949 56.603436131510485 0.5900000000000034
      vertex 29.25183462651949 56.603436131510485 1.5900000000000034
    endloop
  endfacet
  facet normal 0.8577286100002698 -0.5141027441932253 6.23516906242144e-18
    outer loop
      vertex 29.25183462651949 56.603436131510485 1.5900000000000034
      vertex 29.46625414771418 56.9611734903333 0.5900000000000034
      vertex 29.46625414771418 56.9611734903333 1.5900000000000034
    endloop
  endfacet
  facet normal 0.8032075314806457 -0.5956993044924324 -1.2009407830852794e-17
    outer loop
      vertex 29.46625414771418 56.9611734903333 1.5900000000000034
      vertex 29.714705573208366 57.296171457695486 0.5900000000000034
      vertex 29.714705573208366 57.296171457695486 1.5900000000000034
    endloop
  endfacet
  facet normal 0.7409511253549615 -0.6715589548470157 -4.662028567537539e-18
    outer loop
      vertex 29.714705573208366 57.296171457695486 1.5900000000000034
      vertex 29.994796179957174 57.605203820042824 0.5900000000000034
      vertex 29.994796179957174 57.605203820042824 1.5900000000000034
    endloop
  endfacet
  facet normal 0.6715589548470107 -0.7409511253549662 -2.258471573266754e-18
    outer loop
      vertex 29.994796179957174 57.605203820042824 1.5900000000000034
      vertex 30.303828542304508 57.885294426791624 0.5900000000000034
      vertex 30.303828542304508 57.885294426791624 1.5900000000000034
    endloop
  endfacet
  facet normal 0.5956993044924378 -0.8032075314806416 1.326156620591397e-17
    outer loop
      vertex 30.303828542304508 57.885294426791624 1.5900000000000034
      vertex 30.638826509666693 58.13374585228581 0.5900000000000034
      vertex 30.638826509666693 58.13374585228581 1.5900000000000034
    endloop
  endfacet
  facet normal 0.5141027441932307 -0.8577286100002667 1.0307384962643955e-18
    outer loop
      vertex 30.638826509666693 58.13374585228581 1.5900000000000034
      vertex 30.9 58.2902872180808 0.5900000000000034
      vertex 30.9 58.2902872180808 1.5900000000000034
    endloop
  endfacet
  facet normal 0.7409511253549615 0.6715589548470158 2.9320934387028484e-18
    outer loop
      vertex 29.714705573208366 51.9038285423045 1.5900000000000034
      vertex 29.994796179957174 51.594796179957164 1.5900000000000034
      vertex 29.994796179957174 51.594796179957164 0
    endloop
  endfacet
  facet normal 0.8032075314806458 0.5956993044924324 7.553086686070924e-18
    outer loop
      vertex 29.46625414771418 52.23882650966669 1.5900000000000034
      vertex 29.714705573208366 51.9038285423045 1.5900000000000034
      vertex 29.714705573208366 51.9038285423045 0
    endloop
  endfacet
  facet normal 0.8577286100002699 0.5141027441932253 0
    outer loop
      vertex 29.46625414771418 52.23882650966669 1.5900000000000034
      vertex 29.46625414771418 52.23882650966669 0
      vertex 29.25183462651949 52.596563868489504 1.5900000000000034
    endloop
  endfacet
  facet normal 0.9039892931234456 0.42755509343027753 9.037582144632502e-18
    outer loop
      vertex 29.073511986827032 52.97359541244836 1.5900000000000034
      vertex 29.25183462651949 52.596563868489504 1.5900000000000034
      vertex 29.25183462651949 52.596563868489504 0
    endloop
  endfacet
  facet normal 0.9415440651830198 0.33688985339222294 0
    outer loop
      vertex 29.073511986827032 52.97359541244836 1.5900000000000034
      vertex 29.073511986827032 52.97359541244836 0
      vertex 28.933003573138112 53.36629012166853 1.5900000000000034
    endloop
  endfacet
  facet normal 0.9700312531945429 0.2429801799032688 3.516928488680611e-18
    outer loop
      vertex 28.83166255828627 53.77086613143145 1.5900000000000034
      vertex 28.933003573138112 53.36629012166853 1.5900000000000034
      vertex 28.933003573138112 53.36629012166853 0
    endloop
  endfacet
  facet normal 0.6715589548470106 0.7409511253549661 7.757008456947444e-16
    outer loop
      vertex 29.994796179957174 51.594796179957164 1.5900000000000034
      vertex 30.303828542304508 51.314705573208364 1.5900000000000034
      vertex 30.18987285868893 51.417988984446986 0
    endloop
  endfacet
  facet normal 0.5956993044924378 0.8032075314806416 0
    outer loop
      vertex 30.638826509666693 51.066254147714176 1.5900000000000034
      vertex 30.638826509666693 51.066254147714176 0.5900000000000034
      vertex 30.303828542304508 51.314705573208364 0.5900000000000034
    endloop
  endfacet
  facet normal 0.4275550934302845 0.9039892931234422 -1.8460763993630935e-18
    outer loop
      vertex 30.99656386848951 50.851834626519484 1.5900000000000034
      vertex 31.373595412448367 50.67351198682702 1.5900000000000034
      vertex 31.373595412448367 50.67351198682702 0
    endloop
  endfacet
  facet normal 0.3368898533922202 0.9415440651830208 -3.9574242334900814e-18
    outer loop
      vertex 31.373595412448367 50.67351198682702 1.5900000000000034
      vertex 31.766290121668536 50.5330035731381 1.5900000000000034
      vertex 31.766290121668536 50.5330035731381 0
    endloop
  endfacet
  facet normal 0.24298017990326276 0.9700312531945442 3.825776702132866e-18
    outer loop
      vertex 31.766290121668536 50.5330035731381 1.5900000000000034
      vertex 32.17086613143145 50.43166255828626 1.5900000000000034
      vertex 32.17086613143145 50.43166255828626 0
    endloop
  endfacet
  facet normal 0.14673047445536463 0.9891765099647806 -1.2739218234898164e-20
    outer loop
      vertex 32.17086613143145 50.43166255828626 1.5900000000000034
      vertex 32.58342715359937 50.370464911643154 1.5900000000000034
      vertex 32.58342715359937 50.370464911643154 0
    endloop
  endfacet
  facet normal 0.04906767432740937 0.9987954562051728 1.3109428540314712e-19
    outer loop
      vertex 32.58342715359937 50.370464911643154 1.5900000000000034
      vertex 33 50.349999999999994 1.5900000000000034
      vertex 33 50.349999999999994 0
    endloop
  endfacet
  facet normal 0.9415440651830197 -0.33688985339222294 0
    outer loop
      vertex 28.933003573138112 55.83370987833146 1.5900000000000034
      vertex 28.933003573138112 55.83370987833146 0.5900000000000034
      vertex 29.073511986827032 56.22640458755163 0.5900000000000034
    endloop
  endfacet
  facet normal 0.9039892931234456 -0.4275550934302775 0
    outer loop
      vertex 29.073511986827032 56.22640458755163 1.5900000000000034
      vertex 29.073511986827032 56.22640458755163 0.5900000000000034
      vertex 29.25183462651949 56.603436131510485 0.5900000000000034
    endloop
  endfacet
  facet normal 0.8577286100002698 -0.5141027441932253 0
    outer loop
      vertex 29.25183462651949 56.603436131510485 1.5900000000000034
      vertex 29.25183462651949 56.603436131510485 0.5900000000000034
      vertex 29.46625414771418 56.9611734903333 0.5900000000000034
    endloop
  endfacet
  facet normal 0.8032075314806457 -0.5956993044924324 0
    outer loop
      vertex 29.46625414771418 56.9611734903333 1.5900000000000034
      vertex 29.46625414771418 56.9611734903333 0.5900000000000034
      vertex 29.714705573208366 57.296171457695486 0.5900000000000034
    endloop
  endfacet
  facet normal 0.7409511253549615 -0.6715589548470157 0
    outer loop
      vertex 29.714705573208366 57.296171457695486 1.5900000000000034
      vertex 29.714705573208366 57.296171457695486 0.5900000000000034
      vertex 29.994796179957174 57.605203820042824 0.5900000000000034
    endloop
  endfacet
  facet normal 0.6715589548470107 -0.7409511253549662 0
    outer loop
      vertex 29.994796179957174 57.605203820042824 1.5900000000000034
      vertex 29.994796179957174 57.605203820042824 0.5900000000000034
      vertex 30.303828542304508 57.885294426791624 0.5900000000000034
    endloop
  endfacet
  facet normal 0.5956993044924378 -0.8032075314806416 0
    outer loop
      vertex 30.303828542304508 57.885294426791624 1.5900000000000034
      vertex 30.303828542304508 57.885294426791624 0.5900000000000034
      vertex 30.638826509666693 58.13374585228581 0.5900000000000034
    endloop
  endfacet
  facet normal 0.5141027441932307 -0.8577286100002667 0
    outer loop
      vertex 30.638826509666693 58.13374585228581 1.5900000000000034
      vertex 30.638826509666693 58.13374585228581 0.5900000000000034
      vertex 30.9 58.2902872180808 0.5900000000000034
    endloop
  endfacet
  facet normal 0.9700312531945428 0.24298017990326878 0
    outer loop
      vertex 28.83166255828627 53.77086613143145 1.5900000000000034
      vertex 28.933003573138112 53.36629012166853 0
      vertex 28.83166255828627 53.77086613143145 0.5900000000000034
    endloop
  endfacet
  facet normal 0.9987954562051724 0.049067674327417876 -6.4203955926662495e-19
    outer loop
      vertex 28.75 54.599999999999994 1.5900000000000034
      vertex 28.770464911643163 54.18342715359936 0.5900000000000034
      vertex 28.770464911643163 54.18342715359936 0
    endloop
  endfacet
  facet normal 0.9987954562051725 0.04906767432741787 0
    outer loop
      vertex 28.75 54.599999999999994 1.5900000000000034
      vertex 28.770464911643163 54.18342715359936 0
      vertex 28.75 54.599999999999994 0.5900000000000034
    endloop
  endfacet
  facet normal 0.9700312531945428 0.24298017990326876 0
    outer loop
      vertex 28.83166255828627 53.77086613143145 0.5900000000000034
      vertex 28.933003573138112 53.36629012166853 0
      vertex 28.83166255828627 53.77086613143145 0
    endloop
  endfacet
  facet normal 0.9987954562051724 0.04906767432741787 0
    outer loop
      vertex 28.75 54.599999999999994 0.5900000000000034
      vertex 28.770464911643163 54.18342715359936 0
      vertex 28.75 54.599999999999994 0
    endloop
  endfacet
  facet normal 0.5141027441932253 0.8577286100002699 0
    outer loop
      vertex 30.99656386848951 50.851834626519484 1.5900000000000034
      vertex 30.99656386848951 50.851834626519484 0
      vertex 30.638826509666693 51.066254147714176 0.5900000000000034
    endloop
  endfacet
  facet normal 0.6715589548470166 0.7409511253549608 0
    outer loop
      vertex 30.303828542304508 51.314705573208364 1.5900000000000034
      vertex 30.303828542304508 51.314705573208364 0.5900000000000034
      vertex 30.18987285868893 51.417988984446986 0
    endloop
  endfacet
  facet normal 0.8032075314806458 0.5956993044924324 0
    outer loop
      vertex 29.46625414771418 52.23882650966669 1.5900000000000034
      vertex 29.714705573208366 51.9038285423045 0
      vertex 29.46625414771418 52.23882650966669 0
    endloop
  endfacet
  facet normal 0.7409511253549615 0.6715589548470158 0
    outer loop
      vertex 29.714705573208366 51.9038285423045 1.5900000000000034
      vertex 29.994796179957174 51.594796179957164 0
      vertex 29.714705573208366 51.9038285423045 0
    endloop
  endfacet
  facet normal 0.8577286100002699 0.5141027441932253 0
    outer loop
      vertex 29.25183462651949 52.596563868489504 1.5900000000000034
      vertex 29.46625414771418 52.23882650966669 0
      vertex 29.25183462651949 52.596563868489504 0
    endloop
  endfacet
  facet normal 0.9039892931234456 0.42755509343027753 0
    outer loop
      vertex 29.073511986827032 52.97359541244836 1.5900000000000034
      vertex 29.25183462651949 52.596563868489504 0
      vertex 29.073511986827032 52.97359541244836 0
    endloop
  endfacet
  facet normal 0.9415440651830198 0.33688985339222294 0
    outer loop
      vertex 28.933003573138112 53.36629012166853 1.5900000000000034
      vertex 29.073511986827032 52.97359541244836 0
      vertex 28.933003573138112 53.36629012166853 0
    endloop
  endfacet
  facet normal 0.6715589548470071 0.7409511253549692 0
    outer loop
      vertex 29.994796179957174 51.594796179957164 1.5900000000000034
      vertex 30.18987285868893 51.417988984446986 0
      vertex 29.994796179957174 51.594796179957164 0
    endloop
  endfacet
  facet normal 0.4275550934302845 0.9039892931234422 0
    outer loop
      vertex 30.99656386848951 50.851834626519484 1.5900000000000034
      vertex 31.373595412448367 50.67351198682702 0
      vertex 30.99656386848951 50.851834626519484 0
    endloop
  endfacet
  facet normal 0.24298017990326276 0.9700312531945442 0
    outer loop
      vertex 31.766290121668536 50.5330035731381 1.5900000000000034
      vertex 32.17086613143145 50.43166255828626 0
      vertex 31.766290121668536 50.5330035731381 0
    endloop
  endfacet
  facet normal 0.3368898533922202 0.9415440651830208 0
    outer loop
      vertex 31.373595412448367 50.67351198682702 1.5900000000000034
      vertex 31.766290121668536 50.5330035731381 0
      vertex 31.373595412448367 50.67351198682702 0
    endloop
  endfacet
  facet normal 0.14673047445536463 0.9891765099647806 0
    outer loop
      vertex 32.17086613143145 50.43166255828626 1.5900000000000034
      vertex 32.58342715359937 50.370464911643154 0
      vertex 32.17086613143145 50.43166255828626 0
    endloop
  endfacet
  facet normal 0.04906767432740937 0.9987954562051728 0
    outer loop
      vertex 32.58342715359937 50.370464911643154 1.5900000000000034
      vertex 33 50.349999999999994 0
      vertex 32.58342715359937 50.370464911643154 0
    endloop
  endfacet
  facet normal 0.5956993044924378 0.8032075314806416 0
    outer loop
      vertex 30.638826509666693 51.066254147714176 0.5900000000000034
      vertex 30.638826509666693 51.066254147714176 0
      vertex 30.303828542304508 51.314705573208364 0.5900000000000034
    endloop
  endfacet
  facet normal 0.5141027441932307 0.8577286100002668 4.325536640609788e-15
    outer loop
      vertex 30.638826509666693 51.066254147714176 0.5900000000000034
      vertex 30.99656386848951 50.851834626519484 0
      vertex 30.770742160732606 50.987186949273635 0
    endloop
  endfacet
  facet normal 0.5956993044924378 0.8032075314806416 0
    outer loop
      vertex 30.303828542304508 51.314705573208364 0.5900000000000034
      vertex 30.638826509666693 51.066254147714176 0
      vertex 30.303828542304508 51.314705573208364 0
    endloop
  endfacet
  facet normal 0 0 -1
    outer loop
      vertex 33 50.349999999999994 1.5900000000000034
      vertex 33.20583599469208 52.51011207398838 1.5900000000000034
      vertex 33.41657284640063 50.370464911643154 1.5900000000000034
    endloop
  endfacet
  facet normal 0 0 -1
    outer loop
      vertex 33.41657284640063 50.370464911643154 1.5900000000000034
      vertex 33.60959782223437 52.59042529496236 1.5900000000000034
      vertex 33.82913386856855 50.43166255828626 1.5900000000000034
    endloop
  endfacet
  facet normal 0 0 -1
    outer loop
      vertex 33 50.349999999999994 1.5900000000000034
      vertex 33 52.49999999999999 1.5900000000000034
      vertex 33.20583599469208 52.51011207398838 1.5900000000000034
    endloop
  endfacet
  facet normal 0 0 -1
    outer loop
      vertex 33.41657284640063 50.370464911643154 1.5900000000000034
      vertex 33.20583599469208 52.51011207398838 1.5900000000000034
      vertex 33.40968967623387 52.54035091115321 1.5900000000000034
    endloop
  endfacet
  facet normal 0 0 -1
    outer loop
      vertex 33.41657284640063 50.370464911643154 1.5900000000000034
      vertex 33.40968967623387 52.54035091115321 1.5900000000000034
      vertex 33.60959782223437 52.59042529496236 1.5900000000000034
    endloop
  endfacet
  facet normal 0 0 -1
    outer loop
      vertex 33.82913386856855 50.43166255828626 1.5900000000000034
      vertex 33.9899331473346 52.74796534486845 1.5900000000000034
      vertex 34.23370987833147 50.5330035731381 1.5900000000000034
    endloop
  endfacet
  facet normal 0 0 -1
    outer loop
      vertex 33.60959782223437 52.59042529496236 1.5900000000000034
      vertex 33.803635207966686 52.65985298172629 1.5900000000000034
      vertex 33.82913386856855 50.43166255828626 1.5900000000000034
    endloop
  endfacet
  facet normal 0 0 -1
    outer loop
      vertex 33.82913386856855 50.43166255828626 1.5900000000000034
      vertex 33.803635207966686 52.65985298172629 1.5900000000000034
      vertex 33.9899331473346 52.74796534486845 1.5900000000000034
    endloop
  endfacet
  facet normal 0 0 -1
    outer loop
      vertex 34.23370987833147 50.5330035731381 1.5900000000000034
      vertex 34.33222589674366 52.97667804793824 1.5900000000000034
      vertex 34.62640458755163 50.67351198682702 1.5900000000000034
    endloop
  endfacet
  facet normal 0 0 -1
    outer loop
      vertex 34.23370987833147 50.5330035731381 1.5900000000000034
      vertex 33.9899331473346 52.74796534486845 1.5900000000000034
      vertex 34.16669748934117 52.85391381416465 1.5900000000000034
    endloop
  endfacet
  facet normal 0 0 -1
    outer loop
      vertex 34.23370987833147 50.5330035731381 1.5900000000000034
      vertex 34.16669748934117 52.85391381416465 1.5900000000000034
      vertex 34.33222589674366 52.97667804793824 1.5900000000000034
    endloop
  endfacet
  facet normal 0 0 -1
    outer loop
      vertex 34.62640458755163 50.67351198682702 1.5900000000000034
      vertex 34.33222589674366 52.97667804793824 1.5900000000000034
      vertex 34.48492424049175 53.115075759508244 1.5900000000000034
    endloop
  endfacet
  facet normal 0 0 -1
    outer loop
      vertex 34.62640458755163 50.67351198682702 1.5900000000000034
      vertex 34.746086185835345 53.43330251065883 1.5900000000000034
      vertex 35.00343613151049 50.851834626519484 1.5900000000000034
    endloop
  endfacet
  facet normal 0 0 -1
    outer loop
      vertex 34.62640458755163 50.67351198682702 1.5900000000000034
      vertex 34.48492424049175 53.115075759508244 1.5900000000000034
      vertex 34.62332195206175 53.267774103256336 1.5900000000000034
    endloop
  endfacet
  facet normal 0 0 -1
    outer loop
      vertex 34.62640458755163 50.67351198682702 1.5900000000000034
      vertex 34.62332195206175 53.267774103256336 1.5900000000000034
      vertex 34.746086185835345 53.43330251065883 1.5900000000000034
    endloop
  endfacet
  facet normal 0 0 -1
    outer loop
      vertex 35.00343613151049 50.851834626519484 1.5900000000000034
      vertex 34.746086185835345 53.43330251065883 1.5900000000000034
      vertex 34.85203465513155 53.6100668526654 1.5900000000000034
    endloop
  endfacet
  facet normal 0 0 -1
    outer loop
      vertex 35.00343613151049 50.851834626519484 1.5900000000000034
      vertex 34.85203465513155 53.6100668526654 1.5900000000000034
      vertex 34.940147018273706 53.79636479203331 1.5900000000000034
    endloop
  endfacet
  facet normal 0 0 -1
    outer loop
      vertex 35.00343613151049 50.851834626519484 1.5900000000000034
      vertex 34.940147018273706 53.79636479203331 1.5900000000000034
      vertex 35.009574705037636 53.990402177765624 1.5900000000000034
    endloop
  endfacet
  facet normal 0 0 -1
    outer loop
      vertex 35.00343613151049 50.851834626519484 1.5900000000000034
      vertex 35.009574705037636 53.990402177765624 1.5900000000000034
      vertex 35.36117349033331 51.066254147714176 1.5900000000000034
    endloop
  endfacet
  facet normal 0 0 -1
    outer loop
      vertex 35.36117349033331 51.066254147714176 1.5900000000000034
      vertex 35.009574705037636 53.990402177765624 1.5900000000000034
      vertex 35.05964908884678 54.19031032376613 1.5900000000000034
    endloop
  endfacet
  facet normal 0 0 -1
    outer loop
      vertex 35.36117349033331 51.066254147714176 1.5900000000000034
      vertex 35.05964908884678 54.19031032376613 1.5900000000000034
      vertex 35.08988792601161 54.394164005307914 1.5900000000000034
    endloop
  endfacet
  facet normal 0 0 -1
    outer loop
      vertex 35.36117349033331 51.066254147714176 1.5900000000000034
      vertex 35.08988792601161 54.394164005307914 1.5900000000000034
      vertex 35.1 54.599999999999994 1.5900000000000034
    endloop
  endfacet
  facet normal 0 0 -1
    outer loop
      vertex 35.36117349033331 51.066254147714176 1.5900000000000034
      vertex 35.36117349033331 58.13374585228581 1.5900000000000034
      vertex 35.69617145769549 51.314705573208364 1.5900000000000034
    endloop
  endfacet
  facet normal 0 0 -1
    outer loop
      vertex 35.69617145769549 51.314705573208364 1.5900000000000034
      vertex 35.69617145769549 57.885294426791624 1.5900000000000034
      vertex 36.00520382004283 51.594796179957164 1.5900000000000034
    endloop
  endfacet
  facet normal -0.5956993044924378 0.8032075314806416 0
    outer loop
      vertex 35.69617145769549 51.314705573208364 1.5900000000000034
      vertex 35.69617145769549 51.314705573208364 0.5900000000000034
      vertex 35.36117349033331 51.066254147714176 1.5900000000000034
    endloop
  endfacet
  facet normal -0.6715589548470063 0.74095112535497 0
    outer loop
      vertex 35.69617145769549 51.314705573208364 1.5900000000000034
      vertex 36.00520382004283 51.594796179957164 1.5900000000000034
      vertex 35.69617145769549 51.314705573208364 0.5900000000000034
    endloop
  endfacet
  facet normal 0 0 -1
    outer loop
      vertex 35.36117349033331 51.066254147714176 1.5900000000000034
      vertex 35.1 54.599999999999994 1.5900000000000034
      vertex 35.1 58.2902872180808 1.5900000000000034
    endloop
  endfacet
  facet normal 0 0 -1
    outer loop
      vertex 35.36117349033331 51.066254147714176 1.5900000000000034
      vertex 35.1 58.2902872180808 1.5900000000000034
      vertex 35.36117349033331 58.13374585228581 1.5900000000000034
    endloop
  endfacet
  facet normal 0 0 -1
    outer loop
      vertex 35.69617145769549 51.314705573208364 1.5900000000000034
      vertex 35.36117349033331 58.13374585228581 1.5900000000000034
      vertex 35.69617145769549 57.885294426791624 1.5900000000000034
    endloop
  endfacet
  facet normal 0 0 -1
    outer loop
      vertex 36.00520382004283 51.594796179957164 1.5900000000000034
      vertex 35.69617145769549 57.885294426791624 1.5900000000000034
      vertex 36.00520382004283 57.605203820042824 1.5900000000000034
    endloop
  endfacet
  facet normal 0 0 -1
    outer loop
      vertex 36.00520382004283 51.594796179957164 1.5900000000000034
      vertex 36.00520382004283 57.605203820042824 1.5900000000000034
      vertex 36.28529442679163 51.9038285423045 1.5900000000000034
    endloop
  endfacet
  facet normal 0 0 -1
    outer loop
      vertex 36.28529442679163 51.9038285423045 1.5900000000000034
      vertex 36.28529442679163 57.296171457695486 1.5900000000000034
      vertex 36.53374585228582 52.23882650966669 1.5900000000000034
    endloop
  endfacet
  facet normal 0 0 -1
    outer loop
      vertex 36.53374585228582 52.23882650966669 1.5900000000000034
      vertex 36.53374585228582 56.9611734903333 1.5900000000000034
      vertex 36.74816537348051 52.596563868489504 1.5900000000000034
    endloop
  endfacet
  facet normal 0 0 -1
    outer loop
      vertex 36.74816537348051 52.596563868489504 1.5900000000000034
      vertex 36.74816537348051 56.603436131510485 1.5900000000000034
      vertex 36.92648801317297 52.97359541244836 1.5900000000000034
    endloop
  endfacet
  facet normal 0 0 -1
    outer loop
      vertex 36.92648801317297 52.97359541244836 1.5900000000000034
      vertex 36.92648801317297 56.22640458755163 1.5900000000000034
      vertex 37.06699642686189 53.36629012166853 1.5900000000000034
    endloop
  endfacet
  facet normal 0 0 -1
    outer loop
      vertex 37.06699642686189 53.36629012166853 1.5900000000000034
      vertex 37.06699642686189 55.83370987833146 1.5900000000000034
      vertex 37.16833744171373 53.77086613143145 1.5900000000000034
    endloop
  endfacet
  facet normal 0 0 -1
    outer loop
      vertex 36.28529442679163 51.9038285423045 1.5900000000000034
      vertex 36.00520382004283 57.605203820042824 1.5900000000000034
      vertex 36.28529442679163 57.296171457695486 1.5900000000000034
    endloop
  endfacet
  facet normal 0 0 -1
    outer loop
      vertex 36.53374585228582 52.23882650966669 1.5900000000000034
      vertex 36.28529442679163 57.296171457695486 1.5900000000000034
      vertex 36.53374585228582 56.9611734903333 1.5900000000000034
    endloop
  endfacet
  facet normal 0 0 -1
    outer loop
      vertex 36.53374585228582 56.9611734903333 1.5900000000000034
      vertex 36.74816537348051 56.603436131510485 1.5900000000000034
      vertex 36.74816537348051 52.596563868489504 1.5900000000000034
    endloop
  endfacet
  facet normal 0 0 -1
    outer loop
      vertex 36.92648801317297 52.97359541244836 1.5900000000000034
      vertex 36.74816537348051 56.603436131510485 1.5900000000000034
      vertex 36.92648801317297 56.22640458755163 1.5900000000000034
    endloop
  endfacet
  facet normal 0 0 -1
    outer loop
      vertex 37.06699642686189 53.36629012166853 1.5900000000000034
      vertex 36.92648801317297 56.22640458755163 1.5900000000000034
      vertex 37.06699642686189 55.83370987833146 1.5900000000000034
    endloop
  endfacet
  facet normal -0.9415440651830197 -0.33688985339222294 0
    outer loop
      vertex 37.06699642686189 55.83370987833146 1.5900000000000034
      vertex 36.92648801317297 56.22640458755163 1.5900000000000034
      vertex 37.06699642686189 55.83370987833146 0.5900000000000034
    endloop
  endfacet
  facet normal -0.5141027441932307 -0.8577286100002667 0
    outer loop
      vertex 35.1 58.2902872180808 1.5900000000000034
      vertex 35.1 58.2902872180808 0.5900000000000034
      vertex 35.36117349033331 58.13374585228581 1.5900000000000034
    endloop
  endfacet
  facet normal -0.6715589548470063 -0.74095112535497 1.2134369130256225e-17
    outer loop
      vertex 35.69617145769549 57.885294426791624 1.5900000000000034
      vertex 36.00520382004283 57.605203820042824 0.5900000000000034
      vertex 36.00520382004283 57.605203820042824 1.5900000000000034
    endloop
  endfacet
  facet normal -0.5956993044924378 -0.8032075314806416 -1.326156620591397e-17
    outer loop
      vertex 35.36117349033331 58.13374585228581 1.5900000000000034
      vertex 35.69617145769549 57.885294426791624 0.5900000000000034
      vertex 35.69617145769549 57.885294426791624 1.5900000000000034
    endloop
  endfacet
  facet normal -0.8032075314806416 -0.5956993044924378 -1.326156620591397e-17
    outer loop
      vertex 36.28529442679163 57.296171457695486 1.5900000000000034
      vertex 36.53374585228582 56.9611734903333 0.5900000000000034
      vertex 36.53374585228582 56.9611734903333 1.5900000000000034
    endloop
  endfacet
  facet normal -0.9039892931234422 -0.4275550934302844 0
    outer loop
      vertex 36.92648801317297 56.22640458755163 1.5900000000000034
      vertex 36.74816537348051 56.603436131510485 1.5900000000000034
      vertex 36.92648801317297 56.22640458755163 0.5900000000000034
    endloop
  endfacet
  facet normal -0.8577286100002698 -0.5141027441932253 -6.23516906242144e-18
    outer loop
      vertex 36.53374585228582 56.9611734903333 1.5900000000000034
      vertex 36.74816537348051 56.603436131510485 0.5900000000000034
      vertex 36.74816537348051 56.603436131510485 1.5900000000000034
    endloop
  endfacet
  facet normal -0.74095112535497 -0.6715589548470063 0
    outer loop
      vertex 36.28529442679163 57.296171457695486 1.5900000000000034
      vertex 36.00520382004283 57.605203820042824 1.5900000000000034
      vertex 36.28529442679163 57.296171457695486 0.5900000000000034
    endloop
  endfacet
  facet normal -0.04906767432740937 0.9987954562051728 -1.3109428540314712e-19
    outer loop
      vertex 33 50.349999999999994 1.5900000000000034
      vertex 33.41657284640063 50.370464911643154 1.5900000000000034
      vertex 33.41657284640063 50.370464911643154 0
    endloop
  endfacet
  facet normal -0.14673047445536463 0.9891765099647806 1.2739218234898164e-20
    outer loop
      vertex 33.41657284640063 50.370464911643154 1.5900000000000034
      vertex 33.82913386856855 50.43166255828626 1.5900000000000034
      vertex 33.82913386856855 50.43166255828626 0
    endloop
  endfacet
  facet normal -0.2429801799032608 0.9700312531945448 -5.012346510099072e-18
    outer loop
      vertex 33.82913386856855 50.43166255828626 1.5900000000000034
      vertex 34.23370987833147 50.5330035731381 1.5900000000000034
      vertex 34.23370987833147 50.5330035731381 0
    endloop
  endfacet
  facet normal -0.33688985339222294 0.9415440651830198 4.582015985573892e-18
    outer loop
      vertex 34.23370987833147 50.5330035731381 1.5900000000000034
      vertex 34.62640458755163 50.67351198682702 1.5900000000000034
      vertex 34.62640458755163 50.67351198682702 0
    endloop
  endfacet
  facet normal -0.4275550934302845 0.9039892931234422 1.8460763993630935e-18
    outer loop
      vertex 34.62640458755163 50.67351198682702 1.5900000000000034
      vertex 35.00343613151049 50.851834626519484 1.5900000000000034
      vertex 35.00343613151049 50.851834626519484 0
    endloop
  endfacet
  facet normal -0.5141027441932253 0.8577286100002699 3.921489976365677e-18
    outer loop
      vertex 35.00343613151049 50.851834626519484 1.5900000000000034
      vertex 35.36117349033331 51.066254147714176 1.5900000000000034
      vertex 35.36117349033331 51.066254147714176 0
    endloop
  endfacet
  facet normal -0.74095112535497 0.6715589548470063 -7.631678698274338e-18
    outer loop
      vertex 36.00520382004283 51.594796179957164 1.5900000000000034
      vertex 36.28529442679163 51.9038285423045 1.5900000000000034
      vertex 36.28529442679163 51.9038285423045 0
    endloop
  endfacet
  facet normal -0.8032075314806416 0.5956993044924378 8.340607676675435e-18
    outer loop
      vertex 36.28529442679163 51.9038285423045 1.5900000000000034
      vertex 36.53374585228582 52.23882650966669 1.5900000000000034
      vertex 36.53374585228582 52.23882650966669 0
    endloop
  endfacet
  facet normal -0.8577286100002699 0.5141027441932253 3.921489976365677e-18
    outer loop
      vertex 36.53374585228582 52.23882650966669 1.5900000000000034
      vertex 36.74816537348051 52.596563868489504 1.5900000000000034
      vertex 36.74816537348051 52.596563868489504 0
    endloop
  endfacet
  facet normal -0.9039892931234422 0.4275550934302845 1.8460763993630935e-18
    outer loop
      vertex 36.74816537348051 52.596563868489504 1.5900000000000034
      vertex 36.92648801317297 52.97359541244836 1.5900000000000034
      vertex 36.92648801317297 52.97359541244836 0
    endloop
  endfacet
  facet normal -0.9415440651830198 0.33688985339222294 4.582015985573892e-18
    outer loop
      vertex 36.92648801317297 52.97359541244836 1.5900000000000034
      vertex 37.06699642686189 53.36629012166853 1.5900000000000034
      vertex 37.06699642686189 53.36629012166853 0
    endloop
  endfacet
  facet normal -0.6715589548470063 0.74095112535497 0
    outer loop
      vertex 36.00520382004283 51.594796179957164 1.5900000000000034
      vertex 36.00520382004283 51.594796179957164 0.5900000000000034
      vertex 35.69617145769549 51.314705573208364 0.5900000000000034
    endloop
  endfacet
  facet normal -0.9700312531945448 -0.24298017990326076 0
    outer loop
      vertex 37.06699642686189 55.83370987833146 1.5900000000000034
      vertex 37.06699642686189 55.83370987833146 0.5900000000000034
      vertex 37.16833744171373 55.42913386856854 0.5900000000000034
    endloop
  endfacet
  facet normal -0.5141027441932307 -0.8577286100002667 0
    outer loop
      vertex 35.36117349033331 58.13374585228581 1.5900000000000034
      vertex 35.1 58.2902872180808 0.5900000000000034
      vertex 35.36117349033331 58.13374585228581 0.5900000000000034
    endloop
  endfacet
  facet normal -0.5956993044924378 -0.8032075314806416 0
    outer loop
      vertex 35.36117349033331 58.13374585228581 1.5900000000000034
      vertex 35.36117349033331 58.13374585228581 0.5900000000000034
      vertex 35.69617145769549 57.885294426791624 0.5900000000000034
    endloop
  endfacet
  facet normal -0.6715589548470063 -0.74095112535497 0
    outer loop
      vertex 35.69617145769549 57.885294426791624 1.5900000000000034
      vertex 35.69617145769549 57.885294426791624 0.5900000000000034
      vertex 36.00520382004283 57.605203820042824 0.5900000000000034
    endloop
  endfacet
  facet normal -0.8577286100002698 -0.5141027441932253 0
    outer loop
      vertex 36.53374585228582 56.9611734903333 1.5900000000000034
      vertex 36.53374585228582 56.9611734903333 0.5900000000000034
      vertex 36.74816537348051 56.603436131510485 0.5900000000000034
    endloop
  endfacet
  facet normal -0.8032075314806416 -0.5956993044924378 0
    outer loop
      vertex 36.28529442679163 57.296171457695486 1.5900000000000034
      vertex 36.28529442679163 57.296171457695486 0.5900000000000034
      vertex 36.53374585228582 56.9611734903333 0.5900000000000034
    endloop
  endfacet
  facet normal -0.9039892931234422 -0.4275550934302844 0
    outer loop
      vertex 36.74816537348051 56.603436131510485 1.5900000000000034
      vertex 36.74816537348051 56.603436131510485 0.5900000000000034
      vertex 36.92648801317297 56.22640458755163 0.5900000000000034
    endloop
  endfacet
  facet normal -0.9415440651830197 -0.33688985339222294 0
    outer loop
      vertex 36.92648801317297 56.22640458755163 1.5900000000000034
      vertex 36.92648801317297 56.22640458755163 0.5900000000000034
      vertex 37.06699642686189 55.83370987833146 0.5900000000000034
    endloop
  endfacet
  facet normal -0.74095112535497 -0.6715589548470063 0
    outer loop
      vertex 36.00520382004283 57.605203820042824 1.5900000000000034
      vertex 36.00520382004283 57.605203820042824 0.5900000000000034
      vertex 36.28529442679163 57.296171457695486 0.5900000000000034
    endloop
  endfacet
  facet normal 0 0 -1
    outer loop
      vertex 37.16833744171373 53.77086613143145 1.5900000000000034
      vertex 37.16833744171373 55.42913386856854 1.5900000000000034
      vertex 37.22953508835684 54.18342715359936 1.5900000000000034
    endloop
  endfacet
  facet normal 0 0 -1
    outer loop
      vertex 37.22953508835684 54.18342715359936 1.5900000000000034
      vertex 37.22953508835684 55.01657284640063 1.5900000000000034
      vertex 37.25 54.599999999999994 1.5900000000000034
    endloop
  endfacet
  facet normal 0 0 -1
    outer loop
      vertex 37.22953508835684 54.18342715359936 1.5900000000000034
      vertex 37.16833744171373 55.42913386856854 1.5900000000000034
      vertex 37.22953508835684 55.01657284640063 1.5900000000000034
    endloop
  endfacet
  facet normal 0 0 -1
    outer loop
      vertex 37.16833744171373 53.77086613143145 1.5900000000000034
      vertex 37.06699642686189 55.83370987833146 1.5900000000000034
      vertex 37.16833744171373 55.42913386856854 1.5900000000000034
    endloop
  endfacet
  facet normal -0.9700312531945448 0.24298017990326076 -7.969630951057541e-18
    outer loop
      vertex 37.06699642686189 53.36629012166853 1.5900000000000034
      vertex 37.16833744171373 53.77086613143145 1.5900000000000034
      vertex 37.16833744171373 53.77086613143145 0.5900000000000034
    endloop
  endfacet
  facet normal -0.9891765099647805 0.14673047445536463 0
    outer loop
      vertex 37.16833744171373 53.77086613143145 1.5900000000000034
      vertex 37.22953508835684 54.18342715359936 1.5900000000000034
      vertex 37.16833744171373 53.77086613143145 0.5900000000000034
    endloop
  endfacet
  facet normal -0.9987954562051728 0.04906767432740937 -2.0843991379100436e-19
    outer loop
      vertex 37.22953508835684 54.18342715359936 1.5900000000000034
      vertex 37.25 54.599999999999994 1.5900000000000034
      vertex 37.25 54.599999999999994 0.5900000000000034
    endloop
  endfacet
  facet normal -0.9987954562051728 -0.04906767432740937 0
    outer loop
      vertex 37.25 54.599999999999994 1.5900000000000034
      vertex 37.22953508835684 55.01657284640063 1.5900000000000034
      vertex 37.25 54.599999999999994 0.5900000000000034
    endloop
  endfacet
  facet normal -0.9891765099647805 -0.14673047445536463 0
    outer loop
      vertex 37.22953508835684 55.01657284640063 1.5900000000000034
      vertex 37.16833744171373 55.42913386856854 1.5900000000000034
      vertex 37.22953508835684 55.01657284640063 0.5900000000000034
    endloop
  endfacet
  facet normal -0.9700312531945448 -0.24298017990326076 7.969630951057541e-18
    outer loop
      vertex 37.06699642686189 55.83370987833146 1.5900000000000034
      vertex 37.16833744171373 55.42913386856854 0.5900000000000034
      vertex 37.16833744171373 55.42913386856854 1.5900000000000034
    endloop
  endfacet
  facet normal -0.9891765099647805 0.14673047445536463 0
    outer loop
      vertex 37.22953508835684 54.18342715359936 1.5900000000000034
      vertex 37.22953508835684 54.18342715359936 0.5900000000000034
      vertex 37.16833744171373 53.77086613143145 0.5900000000000034
    endloop
  endfacet
  facet normal -0.9987954562051728 -0.04906767432740937 0
    outer loop
      vertex 37.22953508835684 55.01657284640063 1.5900000000000034
      vertex 37.22953508835684 55.01657284640063 0.5900000000000034
      vertex 37.25 54.599999999999994 0.5900000000000034
    endloop
  endfacet
  facet normal -0.9891765099647805 -0.14673047445536463 0
    outer loop
      vertex 37.16833744171373 55.42913386856854 1.5900000000000034
      vertex 37.16833744171373 55.42913386856854 0.5900000000000034
      vertex 37.22953508835684 55.01657284640063 0.5900000000000034
    endloop
  endfacet
  facet normal -0.04906767432740937 0.9987954562051728 0
    outer loop
      vertex 33 50.349999999999994 1.5900000000000034
      vertex 33.41657284640063 50.370464911643154 0
      vertex 33 50.349999999999994 0
    endloop
  endfacet
  facet normal -0.14673047445536463 0.9891765099647806 0
    outer loop
      vertex 33.41657284640063 50.370464911643154 1.5900000000000034
      vertex 33.82913386856855 50.43166255828626 0
      vertex 33.41657284640063 50.370464911643154 0
    endloop
  endfacet
  facet normal -0.2429801799032608 0.9700312531945448 0
    outer loop
      vertex 33.82913386856855 50.43166255828626 1.5900000000000034
      vertex 34.23370987833147 50.5330035731381 0
      vertex 33.82913386856855 50.43166255828626 0
    endloop
  endfacet
  facet normal -0.33688985339222294 0.9415440651830198 0
    outer loop
      vertex 34.23370987833147 50.5330035731381 1.5900000000000034
      vertex 34.62640458755163 50.67351198682702 0
      vertex 34.23370987833147 50.5330035731381 0
    endloop
  endfacet
  facet normal -0.4275550934302845 0.9039892931234422 0
    outer loop
      vertex 34.62640458755163 50.67351198682702 1.5900000000000034
      vertex 35.00343613151049 50.851834626519484 0
      vertex 34.62640458755163 50.67351198682702 0
    endloop
  endfacet
  facet normal -0.5956993044924377 0.8032075314806416 2.247723085748117e-17
    outer loop
      vertex 35.36117349033331 51.066254147714176 1.5900000000000034
      vertex 35.69617145769549 51.314705573208364 0.5900000000000034
      vertex 35.69617145769549 51.314705573208364 0
    endloop
  endfacet
  facet normal -0.74095112535497 0.6715589548470063 0
    outer loop
      vertex 36.00520382004283 51.594796179957164 1.5900000000000034
      vertex 36.28529442679163 51.9038285423045 0
      vertex 36.00520382004283 51.594796179957164 0.5900000000000034
    endloop
  endfacet
  facet normal -0.5141027441932253 0.8577286100002699 0
    outer loop
      vertex 35.00343613151049 50.851834626519484 1.5900000000000034
      vertex 35.36117349033331 51.066254147714176 0
      vertex 35.00343613151049 50.851834626519484 0
    endloop
  endfacet
  facet normal -0.5956993044924378 0.8032075314806416 0
    outer loop
      vertex 35.36117349033331 51.066254147714176 1.5900000000000034
      vertex 35.69617145769549 51.314705573208364 0
      vertex 35.36117349033331 51.066254147714176 0
    endloop
  endfacet
  facet normal -0.8032075314806416 0.5956993044924378 0
    outer loop
      vertex 36.28529442679163 51.9038285423045 1.5900000000000034
      vertex 36.53374585228582 52.23882650966669 0
      vertex 36.28529442679163 51.9038285423045 0
    endloop
  endfacet
  facet normal -0.8577286100002699 0.5141027441932253 0
    outer loop
      vertex 36.53374585228582 52.23882650966669 1.5900000000000034
      vertex 36.74816537348051 52.596563868489504 0
      vertex 36.53374585228582 52.23882650966669 0
    endloop
  endfacet
  facet normal -0.9039892931234422 0.4275550934302845 0
    outer loop
      vertex 36.74816537348051 52.596563868489504 1.5900000000000034
      vertex 36.92648801317297 52.97359541244836 0
      vertex 36.74816537348051 52.596563868489504 0
    endloop
  endfacet
  facet normal -0.9415440651830198 0.33688985339222294 0
    outer loop
      vertex 36.92648801317297 52.97359541244836 1.5900000000000034
      vertex 37.06699642686189 53.36629012166853 0
      vertex 36.92648801317297 52.97359541244836 0
    endloop
  endfacet
  facet normal -0.9700312531945448 0.2429801799032608 0
    outer loop
      vertex 37.06699642686189 53.36629012166853 1.5900000000000034
      vertex 37.16833744171373 53.77086613143145 0
      vertex 37.06699642686189 53.36629012166853 0
    endloop
  endfacet
  facet normal -0.74095112535497 0.6715589548470063 0
    outer loop
      vertex 36.00520382004283 51.594796179957164 0.5900000000000034
      vertex 36.28529442679163 51.9038285423045 0
      vertex 36.00520382004283 51.594796179957164 0
    endloop
  endfacet
  facet normal -0.9700312531945448 0.24298017990326082 -1.3507849069588976e-17
    outer loop
      vertex 37.06699642686189 53.36629012166853 1.5900000000000034
      vertex 37.16833744171373 53.77086613143145 0.5900000000000034
      vertex 37.16833744171373 53.77086613143145 0
    endloop
  endfacet
  facet normal -0.9987954562051728 0.04906767432740937 0
    outer loop
      vertex 37.22953508835684 54.18342715359936 1.5900000000000034
      vertex 37.25 54.599999999999994 0
      vertex 37.22953508835684 54.18342715359936 0.5900000000000034
    endloop
  endfacet
  facet normal -0.9987954562051728 0.04906767432740938 -3.5328798947627656e-19
    outer loop
      vertex 37.22953508835684 54.18342715359936 1.5900000000000034
      vertex 37.25 54.599999999999994 0.5900000000000034
      vertex 37.25 54.599999999999994 0
    endloop
  endfacet
  facet normal -0.9987954562051728 0.04906767432740937 0
    outer loop
      vertex 37.22953508835684 54.18342715359936 0.5900000000000034
      vertex 37.25 54.599999999999994 0
      vertex 37.22953508835684 54.18342715359936 0
    endloop
  endfacet
  facet normal 0 0 -1
    outer loop
      vertex 53.95826733857393 3.5 3.3999999999999986
      vertex 53.2 2.0999999940395355 3.3999999999999986
      vertex 53.2 3.5 3.3999999999999986
    endloop
  endfacet
  facet normal 0 0 -1
    outer loop
      vertex 53.95826733857393 3.5 3.3999999999999986
      vertex 53.9926353469491 2.0999999940395355 3.3999999999999986
      vertex 53.2 2.0999999940395355 3.3999999999999986
    endloop
  endfacet
  facet normal 0 0 -1
    outer loop
      vertex 54.970334224402905 2.1480312570929527 3.3999999999999986
      vertex 53.9926353469491 2.0999999940395355 3.3999999999999986
      vertex 53.95826733857393 3.5 3.3999999999999986
    endloop
  endfacet
  facet normal 0 0 -1
    outer loop
      vertex 54.970334224402905 2.1480312570929527 3.3999999999999986
      vertex 53.95826733857393 3.5 3.3999999999999986
      vertex 54.83294477313757 3.542970150709152 3.3999999999999986
    endloop
  endfacet
  facet normal 0 0 -1
    outer loop
      vertex 55.93132361024618 2.2905805706977844 3.3999999999999986
      vertex 54.970334224402905 2.1480312570929527 3.3999999999999986
      vertex 54.83294477313757 3.542970150709152 3.3999999999999986
    endloop
  endfacet
  facet normal 0 0 -1
    outer loop
      vertex 55.93132361024618 2.2905805706977844 3.3999999999999986
      vertex 54.83294477313757 3.542970150709152 3.3999999999999986
      vertex 55.65786776691675 3.6653359159827232 3.3999999999999986
    endloop
  endfacet
  facet normal 0 0 -1
    outer loop
      vertex 55.65786776691675 3.6653359159827232 3.3999999999999986
      vertex 56.87371322512627 2.5266368836164474 3.3999999999999986
      vertex 55.93132361024618 2.2905805706977844 3.3999999999999986
    endloop
  endfacet
  facet normal 0 0 -1
    outer loop
      vertex 56.87371322512627 2.5266368836164474 3.3999999999999986
      vertex 55.65786776691675 3.6653359159827232 3.3999999999999986
      vertex 56.46682456880808 3.8679690435528755 3.3999999999999986
    endloop
  endfacet
  facet normal 0 0 -1
    outer loop
      vertex 57.25202460587025 4.148918107151985 3.3999999999999986
      vertex 56.87371322512627 2.5266368836164474 3.3999999999999986
      vertex 56.46682456880808 3.8679690435528755 3.3999999999999986
    endloop
  endfacet
  facet normal 0 0 -1
    outer loop
      vertex 58.00590578466654 4.505477353930473 3.3999999999999986
      vertex 56.87371322512627 2.5266368836164474 3.3999999999999986
      vertex 57.25202460587025 4.148918107151985 3.3999999999999986
    endloop
  endfacet
  facet normal 0 0 -1
    outer loop
      vertex 58.721207961440086 4.934212975203991 3.3999999999999986
      vertex 56.87371322512627 2.5266368836164474 3.3999999999999986
      vertex 58.00590578466654 4.505477353930473 3.3999999999999986
    endloop
  endfacet
  facet normal 0 0 -1
    outer loop
      vertex 60.2 5.8 3.3999999999999986
      vertex 57.78842752426863 2.8539268895983696 3.3999999999999986
      vertex 56.87371322512627 2.5266368836164474 3.3999999999999986
    endloop
  endfacet
  facet normal 0 0 -1
    outer loop
      vertex 59.39104228466749 5.430995970964432 3.3999999999999986
      vertex 56.87371322512627 2.5266368836164474 3.3999999999999986
      vertex 58.721207961440086 4.934212975203991 3.3999999999999986
    endloop
  endfacet
  facet normal 0 0 -1
    outer loop
      vertex 60.2 5.8 3.3999999999999986
      vertex 58.666657112538815 3.269298553466797 3.3999999999999986
      vertex 57.78842752426863 2.8539268895983696 3.3999999999999986
    endloop
  endfacet
  facet normal 0 0 -1
    outer loop
      vertex 60.2 5.8 3.3999999999999986
      vertex 56.87371322512627 2.5266368836164474 3.3999999999999986
      vertex 59.39104228466749 5.430995970964432 3.3999999999999986
    endloop
  endfacet
  facet normal 0 0 -1
    outer loop
      vertex 60.2 5.8 3.3999999999999986
      vertex 59.49994432926178 3.7687516883015633 3.3999999999999986
      vertex 58.666657112538815 3.269298553466797 3.3999999999999986
    endloop
  endfacet
  facet normal 0 0 -1
    outer loop
      vertex 60.2 5.8 3.3999999999999986
      vertex 60.2 4.287948357864537 3.3999999999999986
      vertex 59.49994432926178 3.7687516883015633 3.3999999999999986
    endloop
  endfacet
  facet normal 0 0 -1
    outer loop
      vertex 60.2 5.8 3.3999999999999986
      vertex 59.39104228466749 5.430995970964432 3.3999999999999986
      vertex 59.79817548912708 5.8 3.3999999999999986
    endloop
  endfacet
  facet normal 1 0 0
    outer loop
      vertex 53.2 3.5 2.3999999999999986
      vertex 53.2 3.5 3.3999999999999986
      vertex 53.2 2.0999999940395355 3.3999999999999986
    endloop
  endfacet
  facet normal 1 0 0
    outer loop
      vertex 53.2 2.0999999940395355 2.3999999999999986
      vertex 53.2 3.5 2.3999999999999986
      vertex 53.2 2.0999999940395355 3.3999999999999986
    endloop
  endfacet
  facet normal -1 0 0
    outer loop
      vertex 60.2 5.8 3.3999999999999986
      vertex 60.2 4.287948357864537 2.3999999999999986
      vertex 60.2 4.287948357864537 3.3999999999999986
    endloop
  endfacet
  facet normal 0 -1 0
    outer loop
      vertex 60.2 5.8 3.3999999999999986
      vertex 59.79817548912708 5.8 3.3999999999999986
      vertex 59.79817548912708 5.8 2.3999999999999986
    endloop
  endfacet
  facet normal -1 0 0
    outer loop
      vertex 60.2 5.8 3.3999999999999986
      vertex 60.2 5.8 0
      vertex 60.2 4.287948357864537 2.3999999999999986
    endloop
  endfacet
  facet normal 0 -1 0
    outer loop
      vertex 60.2 5.8 3.3999999999999986
      vertex 59.79817548912708 5.8 2.3999999999999986
      vertex 60.2 5.8 0
    endloop
  endfacet
  facet normal 1 0 0
    outer loop
      vertex 53.2 0 2.3999999999999986
      vertex 53.2 0 0
      vertex 53.2 2.0999999940395355 2.3999999999999986
    endloop
  endfacet
  facet normal 1 0 0
    outer loop
      vertex 53.2 2.0999999940395355 2.3999999999999986
      vertex 53.2 0 0
      vertex 53.2 3.5 2.3999999999999986
    endloop
  endfacet
  facet normal 1 0 0
    outer loop
      vertex 53.2 3.5 2.3999999999999986
      vertex 53.2 0 0
      vertex 53.2 5.8 2.3999999999999986
    endloop
  endfacet
  facet normal 0 -1 0
    outer loop
      vertex 59.79817548912708 5.8 2.3999999999999986
      vertex 53.2 5.8 2.3999999999999986
      vertex 53.2 5.8 0
    endloop
  endfacet
  facet normal 1 0 0
    outer loop
      vertex 53.2 0 0
      vertex 53.2 5.8 0
      vertex 53.2 5.8 2.3999999999999986
    endloop
  endfacet
  facet normal 0 -1 0
    outer loop
      vertex 59.79817548912708 5.8 2.3999999999999986
      vertex 53.2 5.8 0
      vertex 60.2 5.8 0
    endloop
  endfacet
  facet normal -1 0 0
    outer loop
      vertex 60.2 5.8 0
      vertex 60.2 1.7400220370675374 2.3999999999999986
      vertex 60.2 4.287948357864537 2.3999999999999986
    endloop
  endfacet
  facet normal -1 0 0
    outer loop
      vertex 60.2 5.8 0
      vertex 60.2 1.7400220370675374 0
      vertex 60.2 1.7400220370675374 2.3999999999999986
    endloop
  endfacet
endsolid OpenSCAD_Model
